date,port,area,value_tonne,value_m3,trade_count,value_eur
2022-02-24,Makhachkala Port,Caspian Sea,2339.232,2832.0,1,1424905.745088
2022-02-24,Nakhodka,Pacific,97426.15,114619.0,1,64090915.94215
2022-02-24,Novoportovskoye,Arctic,16149.15,18999.0,1,9263120.1417
2022-02-24,Novorossiysk,Black sea,229775.897,263807.0,2,131798994.967406
2022-02-24,Primorsk,Baltic,300498.484,345004.0,3,172365329.425432
2022-02-24,Varandey,Arctic,17285.576,20408.0,1,9914971.822448
2022-02-25,De Kastri,Pacific,93905.695,111131.0,2,59784309.47619
2022-02-25,Kaliningrad,Baltic,18191.68,21865.0,1,9920032.25408
2022-02-25,Murmansk,Arctic,241151.377,284290.0,2,131501292.786362
2022-02-25,Nakhodka,Pacific,101533.35,119451.0,1,64640395.0107
2022-02-25,Novoportovskoye,Arctic,39110.2,46012.0,1,21327026.7212
2022-02-25,Novorossiysk,Black sea,86115.77,98870.0,1,46959446.07562
2022-02-25,Primorsk,Baltic,9092.369,10439.0,1,4958123.369914
2022-02-25,Ust Luga,Baltic,101090.002,116062.0,1,55124984.630612
2022-02-25,Yuri Korchagin,Caspian Sea,12671.308,14548.0,1,6909740.280248
2022-02-26,Nakhodka,Pacific,103524.05,121793.0,1,65907758.2401
2022-02-26,Novoportovskoye,Arctic,64597.45,75997.0,1,35534023.6858
2022-02-26,Novorossiysk,Black sea,82655.32,98870.0,1,45467369.04688
2022-02-26,Primorsk,Baltic,82649.19,94890.0,1,45463997.03196
2022-02-26,Prirazlomnoye Field,Arctic,2740.92,3012.0,1,1507736.23728
2022-02-27,Nakhodka,Pacific,94701.9,111414.0,1,60291207.0198
2022-02-27,Novorossiysk,Black sea,86115.77,98870.0,1,46480900.74173
2022-02-27,Primorsk,Baltic,198799.653,228243.0,2,107301913.907097
2022-02-27,Prirazlomnoye Field,Arctic,66050.53,72583.0,1,35650707.51697
2022-02-27,Ust Luga,Baltic,101090.002,116062.0,1,54563227.489498
2022-02-27,Yuri Korchagin,Caspian Sea,12005.864,13784.0,1,6480153.088136
2022-02-28,Nakhodka,Pacific,104552.55,123003.0,1,66555330.41115
2022-02-28,Novoportovskoye,Arctic,39513.1,46486.0,1,22842720.6755
2022-02-28,Novorossiysk,Black sea,82655.32,98870.0,1,47783453.7686
2022-02-28,Primorsk,Baltic,110977.594,127414.0,2,64156701.97937
2022-02-28,Ust Luga,Baltic,101090.002,116062.0,1,58440635.60621
2022-02-28,Varandey,Arctic,69143.151,81633.0,1,39972001.308855
2022-03-01,De Kastri,Pacific,93905.695,111131.0,1,59238341.76546
2022-03-01,Murmansk,Arctic,103531.7,121802.0,1,63741154.6756
2022-03-01,Nakhodka,Pacific,99615.75,117195.0,1,62840404.341
2022-03-01,Novorossiysk,Black sea,76790.56,95392.0,1,47277490.49408
2022-03-01,Prigorodnoye,Pacific,89017.389,111411.0,1,56154661.468092
2022-03-01,Primorsk,Baltic,100002.123,114813.0,1,61568107.063164
2022-03-01,Ust Luga,Baltic,96215.015,110465.0,1,59236505.85502
2022-03-01,Yuri Korchagin,Caspian Sea,12005.864,13784.0,2,7391626.277152
2022-03-02,Nakhodka,Pacific,103731.45,122037.0,1,68588998.17465
2022-03-02,Novorossiysk,Black sea,143778.583,165073.0,1,96171912.604287
2022-03-02,Primorsk,Baltic,101090.002,116062.0,1,67617990.347778
2022-03-02,Prirazlomnoye Field,Arctic,2952.04,3244.0,1,1974587.08356
2022-03-02,Ust Luga,Baltic,101090.002,116062.0,1,67617990.347778
2022-03-03,De Kastri,Pacific,93905.695,111131.0,1,62979075.125785
2022-03-03,Nakhodka,Pacific,101361.65,119249.0,1,67979508.27395
2022-03-03,Novoportovskoye,Arctic,64597.45,75997.0,1,42022514.55105
2022-03-03,Novorossiysk,Black sea,86115.77,98870.0,1,56020805.74233
2022-03-03,Primorsk,Baltic,99180.77,113870.0,1,64519967.12733
2022-03-03,Ust Luga,Baltic,101090.002,116062.0,1,65761977.911058
2022-03-03,Varandey,Arctic,69143.151,81633.0,1,44979624.876879
2022-03-03,Yuri Korchagin,Caspian Sea,13267.943,15233.0,1,8631181.691847
2022-03-04,Murmansk,Arctic,81735.29,89819.0,1,56636017.1468
2022-03-04,Nakhodka,Pacific,104628.2,123092.0,1,67548279.8046
2022-03-04,Novorossiysk,Black sea,146468.231,168161.0,1,101490766.62452
2022-03-04,Primorsk,Baltic,202787.962,232822.0,3,140515834.62904
2022-03-04,Ust Luga,Baltic,101090.002,116062.0,1,70047284.18584
2022-03-05,Novoportovskoye,Arctic,64597.45,75997.0,1,44480382.9261
2022-03-05,Novorossiysk,Black sea,82655.32,98870.0,1,56914634.93496
2022-03-05,Primorsk,Baltic,101090.002,116062.0,1,69608351.397156
2022-03-06,De Kastri,Pacific,90981.995,107671.0,1,58738248.917985
2022-03-06,Murmansk,Arctic,245701.736,289655.0,2,166876196.459952
2022-03-06,Novoportovskoye,Arctic,33504.45,39417.0,1,22755619.3599
2022-03-06,Novorossiysk,Black sea,86115.77,98870.0,1,58488280.90014
2022-03-06,Primorsk,Baltic,96195.853,110443.0,1,65334491.832246
2022-03-06,Ust Luga,Baltic,97431.802,111862.0,1,66173926.145964
2022-03-07,Nakhodka,Pacific,104739.55,123223.0,1,76741201.9313
2022-03-07,Primorsk,Baltic,101090.002,116062.0,2,73176828.467756
2022-03-07,Ust Luga,Baltic,202813.221,232851.0,3,146812028.791038
2022-03-07,Varandey,Arctic,17285.576,20408.0,1,12512648.183728
2022-03-07,Yuri Korchagin,Caspian Sea,12671.308,14548.0,1,9172481.092424
2022-03-08,Nakhodka,Pacific,210443.85,247581.0,2,153839505.0024
2022-03-08,Novoportovskoye,Arctic,55259.35,65011.0,2,40676518.0537
2022-03-08,Novorossiysk,Black sea,221169.815,266639.0,2,162803543.16113
2022-03-08,Primorsk,Baltic,198799.653,228243.0,2,146336822.172606
2022-03-08,Ust Luga,Baltic,83589.87,95970.0,2,61530670.48674
2022-03-08,Yuri Korchagin,Caspian Sea,12671.308,14548.0,1,9327375.161416
2022-03-09,Nakhodka,Pacific,206861.95,243367.0,2,151781646.0213
2022-03-09,Novorossiysk,Black sea,86115.77,98870.0,1,53181482.68966
2022-03-09,Prigorodnoye,Pacific,95856.03,119970.0,1,70332828.31602
2022-03-09,Primorsk,Baltic,110882.655,127305.0,2,68476470.65649
2022-03-10,De Kastri,Pacific,93905.695,111131.0,1,59305296.525995
2022-03-10,Murmansk,Arctic,6631.954,8029.0,1,4331097.03901
2022-03-10,Nakhodka,Pacific,99257.05,116773.0,1,62684896.61405
2022-03-10,Novoportovskoye,Arctic,64597.45,75997.0,1,38588191.1218
2022-03-10,Novorossiysk,Black sea,145196.571,166701.0,1,86735204.438844
2022-03-10,Primorsk,Baltic,101090.002,116062.0,1,60387527.954728
2022-03-10,Prirazlomnoye Field,Arctic,132602.47,145717.0,2,79211941.88908
2022-03-10,Ust Luga,Baltic,202180.004,232124.0,2,120775055.909456
2022-03-11,Murmansk,Arctic,94263.477,111291.0,1,57837712.900275
2022-03-11,Nakhodka,Pacific,104045.1,122406.0,2,61900695.8391
2022-03-11,Novoportovskoye,Arctic,39513.1,46486.0,1,24244250.3325
2022-03-11,Primorsk,Baltic,101697.96,116760.0,1,62399325.807
2022-03-11,Varandey,Arctic,69143.151,81633.0,1,42424508.874825
2022-03-12,Nakhodka,Pacific,203433.05,239333.0,2,121030662.20005
2022-03-12,Primorsk,Baltic,101090.002,116062.0,1,61367797.704122
2022-03-12,Ust Luga,Baltic,101090.002,116062.0,1,61367797.704122
2022-03-13,De Kastri,Pacific,93905.695,111131.0,1,55868348.088995
2022-03-13,Nakhodka,Pacific,101533.35,119451.0,1,60406352.78235
2022-03-13,Novorossiysk,Black sea,82655.32,98870.0,1,49947865.97812
2022-03-13,Primorsk,Baltic,197305.017,226527.0,3,119229646.027947
2022-03-13,Yuri Korchagin,Caspian Sea,13267.943,15233.0,1,8017698.543413
2022-03-14,Nakhodka,Pacific,104552.55,123003.0,1,62206989.85665
2022-03-14,Novoportovskoye,Arctic,64597.45,75997.0,1,36154159.2058
2022-03-14,Novorossiysk,Black sea,146517.007,168217.0,1,82003224.545788
2022-03-14,Primorsk,Baltic,101090.002,116062.0,1,56578456.679368
2022-03-14,Prirazlomnoye Field,Arctic,2952.04,3244.0,1,1652209.55536
2022-03-14,Ust Luga,Baltic,202180.004,232124.0,2,113156913.358736
2022-03-14,Varandey,Arctic,69143.151,81633.0,1,38698315.324284
2022-03-15,Murmansk,Arctic,105508.8,124128.0,2,54962593.6752
2022-03-15,Nakhodka,Pacific,97746.6,114996.0,2,52193556.5088
2022-03-15,Ust Luga,Baltic,101090.002,116062.0,1,52660713.651858
2022-03-15,Yuri Korchagin,Caspian Sea,12671.308,14548.0,1,6600851.805132
2022-03-16,Nakhodka,Pacific,103050.6,121236.0,1,56756354.5572
2022-03-16,Novoportovskoye,Arctic,64597.45,75997.0,1,33980648.80565
2022-03-16,Novorossiysk,Black sea,137516.54,170828.0,1,72338788.15198
2022-03-16,Prigorodnoye,Pacific,89012.595,111405.0,1,49024754.84739
2022-03-16,Ust Luga,Baltic,98318.48,112880.0,1,51719158.26376
2022-03-17,De Kastri,Pacific,93905.695,111131.0,1,49821103.04808
2022-03-17,Murmansk,Arctic,101361.65,119249.0,1,58488712.8995
2022-03-17,Nakhodka,Pacific,101361.65,119249.0,1,53776815.2376
2022-03-17,Novoportovskoye,Arctic,41174.0,48440.0,1,23758633.22
2022-03-17,Novorossiysk,Black sea,143660.127,164937.0,1,82896203.08281
2022-03-17,Prirazlomnoye Field,Arctic,66041.43,72573.0,1,38107886.3529
2022-03-17,Ust Luga,Baltic,101090.002,116062.0,1,58331963.85406
2022-03-17,Yuri Korchagin,Caspian Sea,12005.864,13784.0,1,6927743.70392
2022-03-18,Murmansk,Arctic,88299.7,103882.0,1,52475452.1136
2022-03-18,Nakhodka,Pacific,100464.9,118194.0,1,56650650.1365
2022-03-18,Varandey,Arctic,17285.576,20408.0,1,10272610.389888
2022-03-19,Nakhodka,Pacific,103446.7,121702.0,1,58332042.4295
2022-03-19,Primorsk,Baltic,101090.002,116062.0,1,58684565.781036
2022-03-19,Ust Luga,Baltic,90010.882,103342.0,1,52252937.196876
2022-03-20,De Kastri,Pacific,90981.995,107671.0,1,51303382.250575
2022-03-20,Murmansk,Arctic,139643.196,164868.0,1,79777599.302016
2022-03-20,Nakhodka,Pacific,79894.05,93993.0,1,45051056.38425
2022-03-20,Novoportovskoye,Arctic,64597.45,75997.0,1,36904264.7952
2022-03-20,Ust Luga,Baltic,94164.681,108111.0,1,53795905.596576
2022-03-20,Yuri Korchagin,Caspian Sea,12671.308,14548.0,1,7239067.575168
2022-03-21,Nakhodka,Pacific,102398.65,120469.0,1,59278168.8904
2022-03-21,Novoportovskoye,Arctic,39110.2,46012.0,1,24673569.2046
2022-03-21,Novorossiysk,Black sea,103865.879,119249.0,1,65526178.682367
2022-03-21,Primorsk,Baltic,99298.355,114005.0,1,62644651.113915
2022-03-22,Novorossiysk,Black sea,237857.942,281684.0,2,149118614.572466
2022-03-22,Prigorodnoye,Pacific,70130.627,87773.0,1,40903477.805869
2022-03-22,Primorsk,Baltic,101090.002,116062.0,1,63375647.323846
2022-03-22,Prirazlomnoye Field,Arctic,2740.92,3012.0,1,1718345.78916
2022-03-22,Ust Luga,Baltic,101090.002,116062.0,2,63375647.323846
2022-03-22,Varandey,Arctic,17285.576,20408.0,1,10836725.162648
2022-03-23,De Kastri,Pacific,93905.695,111131.0,2,55144241.27485
2022-03-23,Novoportovskoye,Arctic,64597.45,75997.0,1,43614777.0961
2022-03-23,Primorsk,Baltic,202787.962,232822.0,2,136917970.607236
2022-03-24,Kaliningrad,Baltic,25197.952,30286.0,1,16318874.059904
2022-03-24,Murmansk,Arctic,110536.55,130043.0,1,71586454.26685
2022-03-24,Nakhodka,Pacific,79894.05,93993.0,1,48132729.68085
2022-03-24,Novoportovskoye,Arctic,39513.1,46486.0,1,25589750.4137
2022-03-24,Novorossiysk,Black sea,86115.77,98870.0,1,55770897.77779
2022-03-24,Yuri Korchagin,Caspian Sea,12005.864,13784.0,1,7775321.684728
2022-03-25,Nakhodka,Pacific,107015.85,125901.0,1,60934396.9266
2022-03-25,Novorossiysk,Black sea,86115.77,98870.0,1,54503101.41185
2022-03-25,Primorsk,Baltic,202179.133,232123.0,2,127960184.171365
2022-03-25,Ust Luga,Baltic,99411.585,114135.0,3,62918089.204425
2022-03-26,De Kastri,Pacific,93905.695,111131.0,1,53469527.11022
2022-03-26,Nakhodka,Pacific,104919.75,123435.0,1,59740885.971
2022-03-26,Novoportovskoye,Arctic,64597.45,75997.0,1,40813573.2743
2022-03-26,Novorossiysk,Black sea,246500.839,283009.0,2,155742681.091946
2022-03-26,Primorsk,Baltic,101090.002,116062.0,1,63870078.523628
2022-03-26,Prirazlomnoye Field,Arctic,66050.53,72583.0,1,41731649.56142
2022-03-26,Varandey,Arctic,69143.151,81633.0,1,43685610.805914
2022-03-26,Yuri Korchagin,Caspian Sea,13267.943,15233.0,1,8382872.138602
2022-03-27,Murmansk,Arctic,143432.4,168744.0,1,91222289.238
2022-03-27,Primorsk,Baltic,101090.002,116062.0,1,64292735.82199
2022-03-27,Ust Luga,Baltic,201486.688,231328.0,2,128144526.13456
2022-03-28,Murmansk,Arctic,105835.2,124512.0,1,62543840.616
2022-03-28,Nakhodka,Pacific,79894.05,93993.0,1,45023013.5727
2022-03-28,Novoportovskoye,Arctic,64597.45,75997.0,1,38174186.06475
2022-03-28,Novorossiysk,Black sea,44589.974,51194.0,1,26350668.08517
2022-03-28,Primorsk,Baltic,202180.004,232124.0,2,119479284.26382
2022-03-28,Prirazlomnoye Field,Arctic,2952.04,3244.0,1,1744522.7982
2022-03-28,Yuri Korchagin,Caspian Sea,12671.308,14548.0,2,7488172.81914
2022-03-29,Nakhodka,Pacific,104552.55,123003.0,1,56017269.79155
2022-03-29,Primorsk,Baltic,101090.002,116062.0,1,57310146.113844
2022-03-29,Ust Luga,Baltic,200794.243,230533.0,2,113834673.830046
2022-03-29,Varandey,Arctic,17285.576,20408.0,1,9799573.317072
2022-03-30,De Kastri,Pacific,93905.695,111131.0,1,49638174.75422
2022-03-30,Murmansk,Arctic,90561.24,106920.0,1,52725206.7342
2022-03-30,Nakhodka,Pacific,98651.85,116061.0,1,52146973.3026
2022-03-30,Novoportovskoye,Arctic,41174.0,48440.0,1,23971708.67
2022-03-30,Novorossiysk,Black sea,136318.7,169340.0,1,79365428.7335
2022-03-30,Primorsk,Baltic,198307.538,227678.0,2,115455640.16129
2022-03-30,Prirazlomnoye Field,Arctic,66042.34,72574.0,2,38450180.5597
2022-03-30,Ust Luga,Baltic,101090.002,116062.0,1,58855104.61441
2022-03-30,Yuri Korchagin,Caspian Sea,12671.308,14548.0,2,7377298.87414
2022-03-31,De Kastri,Pacific,98071.545,116061.0,2,50862256.95408
2022-03-31,Nakhodka,Pacific,200377.3,235738.0,2,103920476.8352
2022-03-31,Novorossiysk,Black sea,15901.847,18257.0,1,8335032.614285
2022-03-31,Prigorodnoye,Pacific,95856.03,119970.0,1,49713237.70272
2022-03-31,Primorsk,Baltic,202180.004,232124.0,2,105973659.99662
2022-03-31,Yuri Korchagin,Caspian Sea,12005.864,13784.0,1,6292933.64492
2022-04-01,Nakhodka,Pacific,103050.6,121236.0,1,49803118.3728
2022-04-01,Novoportovskoye,Arctic,64597.45,75997.0,1,33454890.1601
2022-04-01,Ust Luga,Baltic,101090.002,116062.0,1,52354309.855796
2022-04-01,Yuri Korchagin,Caspian Sea,13267.943,15233.0,1,6871441.143814
2022-04-02,Nakhodka,Pacific,103731.45,122037.0,1,50132165.0076
2022-04-02,Novoportovskoye,Arctic,39110.2,46012.0,1,19641337.991
2022-04-02,Primorsk,Baltic,202180.004,232124.0,2,101535808.90882
2022-04-02,Prirazlomnoye Field,Arctic,2740.92,3012.0,1,1376503.7286
2022-04-02,Ust Luga,Baltic,199003.467,228477.0,2,99940536.144735
2022-04-02,Varandey,Arctic,34571.152,40816.0,1,17361805.39016
2022-04-03,Kaliningrad,Baltic,1941.056,2333.0,1,964184.628992
2022-04-03,Murmansk,Arctic,102940.1,121106.0,1,51133641.7532
2022-04-03,Nakhodka,Pacific,101533.35,119451.0,1,49069849.6548
2022-04-03,Novorossiysk,Black sea,170230.853,195443.0,2,84559112.072396
2022-04-03,Primorsk,Baltic,101090.002,116062.0,1,50214638.873464
2022-04-03,Ust Luga,Baltic,99434.231,114161.0,1,49392164.433092
2022-04-04,Nakhodka,Pacific,104919.75,123435.0,1,52387690.212
2022-04-04,Novoportovskoye,Arctic,64597.45,75997.0,1,33825033.5486
2022-04-04,Primorsk,Baltic,96195.853,110443.0,1,50370842.114684
2022-04-04,Prirazlomnoye Field,Arctic,37143.47,40817.0,1,19449360.90916
2022-04-05,De Kastri,Pacific,90981.995,107671.0,1,47062074.58966
2022-04-05,Murmansk,Arctic,227297.275,267991.0,4,116598956.1295
2022-04-05,Nakhodka,Pacific,104739.55,123223.0,1,54178417.5494
2022-04-05,Novoportovskoye,Arctic,39513.1,46486.0,1,20269430.038
2022-04-05,Primorsk,Baltic,101697.96,116760.0,1,52169019.5208
2022-04-05,Prirazlomnoye Field,Arctic,66050.53,72583.0,1,33882600.8794
2022-04-05,Ust Luga,Baltic,99704.241,114471.0,1,51146281.54818
2022-04-05,Yuri Korchagin,Caspian Sea,24677.172,28332.0,2,12658895.69256
2022-04-06,Nakhodka,Pacific,98651.85,116061.0,1,50602973.19825
2022-04-06,Novorossiysk,Black sea,229768.929,263799.0,2,108410035.618638
2022-04-06,Primorsk,Baltic,199408.482,228942.0,2,94085308.794204
2022-04-06,Ust Luga,Baltic,78232.349,89819.0,1,36911743.369878
2022-04-06,Varandey,Arctic,69143.151,81633.0,1,32623259.791122
2022-04-07,Nakhodka,Pacific,79894.05,93993.0,1,37894307.17335
2022-04-07,Novoportovskoye,Arctic,64597.45,75997.0,1,30492128.11585
2022-04-07,Novorossiysk,Black sea,86115.77,98870.0,1,40649485.26041
2022-04-07,Prigorodnoye,Pacific,89012.595,111405.0,1,42219296.896665
2022-04-07,Primorsk,Baltic,202787.962,232822.0,2,95722610.066746
2022-04-07,Yuri Korchagin,Caspian Sea,12671.308,14548.0,1,5981275.529164
2022-04-08,De Kastri,Pacific,93905.695,111131.0,1,45429791.032795
2022-04-08,Nakhodka,Pacific,94104.35,110711.0,1,45525896.54735
2022-04-08,Novorossiysk,Black sea,205818.171,236301.0,2,97922317.034841
2022-04-08,Primorsk,Baltic,202787.962,232822.0,3,96480631.468702
2022-04-08,Ust Luga,Baltic,101090.002,116062.0,1,48095691.341542
2022-04-08,Yuri Korchagin,Caspian Sea,12005.864,13784.0,1,5712041.921144
2022-04-09,Nakhodka,Pacific,103694.05,121993.0,1,50165211.20305
2022-04-09,Novoportovskoye,Arctic,64597.45,75997.0,1,30199889.25205
2022-04-09,Ust Luga,Baltic,199565.262,229122.0,2,93298556.072358
2022-04-10,Murmansk,Arctic,65173.75,76675.0,1,30206012.73875
2022-04-10,Nakhodka,Pacific,103446.7,121702.0,1,50045547.9727
2022-04-10,Primorsk,Baltic,303877.964,348884.0,5,140838016.097116
2022-04-10,Prirazlomnoye Field,Arctic,2952.04,3244.0,1,1368179.02676
2022-04-10,Varandey,Arctic,51857.575,61225.0,1,24034378.427675
2022-04-10,Yuri Korchagin,Caspian Sea,13267.943,15233.0,1,6149280.274267
2022-04-11,De Kastri,Pacific,93905.695,111131.0,1,44873963.22409
2022-04-11,Murmansk,Arctic,139694.863,164929.0,1,62372359.38087
2022-04-11,Nakhodka,Pacific,198114.6,233076.0,2,94671438.9852
2022-04-11,Novoportovskoye,Arctic,41174.0,48440.0,1,18383779.26
2022-04-11,Novorossiysk,Black sea,82655.32,98870.0,1,36904773.8268
2022-04-11,Ust Luga,Baltic,97510.192,111952.0,1,43537325.62608
2022-04-12,Nakhodka,Pacific,100440.25,118165.0,1,49234404.3865
2022-04-12,Novorossiysk,Black sea,140937.381,161811.0,1,69733561.120704
2022-04-12,Primorsk,Baltic,199990.31,229610.0,2,98952005.54304
2022-04-12,Yuri Korchagin,Caspian Sea,12671.308,14548.0,1,6269560.457472
2022-04-13,Kaliningrad,Baltic,25181.312,30266.0,1,13203820.9472
2022-04-13,Nakhodka,Pacific,104010.25,122365.0,1,53669393.01025
2022-04-13,Novorossiysk,Black sea,295161.575,351689.0,3,154767971.85125
2022-04-13,Prirazlomnoye Field,Arctic,66041.43,72573.0,1,34628823.8205
2022-04-13,Ust Luga,Baltic,101090.002,116062.0,1,53006542.5487
2022-04-14,De Kastri,Pacific,93905.695,111131.0,1,49869088.858225
2022-04-14,Murmansk,Arctic,67557.134307,77717.0,1,35440472.657452
2022-04-14,Nakhodka,Pacific,198114.6,233076.0,2,105209748.903
2022-04-14,Novoportovskoye,Arctic,64597.45,75997.0,1,33887822.27
2022-04-14,Ust Luga,Baltic,101090.002,116062.0,1,53031815.0492
2022-04-14,Varandey,Arctic,69143.151,81633.0,1,36272497.0146
2022-04-15,Novoportovskoye,Arctic,39110.2,46012.0,1,20162481.406
2022-04-15,Prigorodnoye,Pacific,89017.389,111411.0,1,47273129.515395
2022-04-15,Primorsk,Baltic,303877.964,348884.0,4,156658206.78092
2022-04-15,Prirazlomnoye Field,Arctic,2740.92,3012.0,1,1413026.4876
2022-04-15,Ust Luga,Baltic,70253.118,80658.0,1,36217589.92254
2022-04-16,Murmansk,Arctic,80129.40078,92180.0,1,41085869.47354
2022-04-16,Nakhodka,Pacific,94104.35,110711.0,1,49974585.58925
2022-04-16,Novorossiysk,Black sea,100512.526,116091.0,2,51537194.631344
2022-04-16,Ust Luga,Baltic,101090.002,116062.0,3,51833291.985488
2022-04-16,Yuri Korchagin,Caspian Sea,12671.308,14548.0,1,6497137.149152
2022-04-17,Murmansk,Arctic,86294.901,101883.0,1,44316832.703451
2022-04-17,Nakhodka,Pacific,100741.15,118519.0,1,53499091.41325
2022-04-17,Novoportovskoye,Arctic,64597.45,75997.0,1,33174085.04495
2022-04-17,Novorossiysk,Black sea,143884.845,165195.0,1,73892206.034595
2022-04-17,Primorsk,Baltic,202180.004,232124.0,2,103829743.234204
2022-04-17,Ust Luga,Baltic,101090.002,116062.0,1,51914871.617102
2022-04-17,Varandey,Arctic,69143.151,81633.0,1,35508534.339201
2022-04-17,Yuri Korchagin,Caspian Sea,12671.308,14548.0,1,6507362.894708
2022-04-18,De Kastri,Pacific,93905.695,111131.0,1,51264057.95745
2022-04-18,Nakhodka,Pacific,204583.95,240687.0,2,111684424.1445
2022-04-18,Novoportovskoye,Arctic,39513.1,46486.0,1,20322180.0265
2022-04-18,Novorossiysk,Black sea,148420.142,170402.0,1,76334705.33273
2022-04-18,Ust Luga,Baltic,99226.933,113923.0,1,51033900.045895
2022-04-18,Yuri Korchagin,Caspian Sea,12005.864,13784.0,1,6174795.94316
2022-04-19,Nakhodka,Pacific,104010.25,122365.0,1,58011612.92725
2022-04-19,Prigorodnoye,Pacific,44241.429,55371.0,1,24675612.783321
2022-04-19,Primorsk,Baltic,198398.993,227783.0,2,97547824.883275
2022-04-19,Ust Luga,Baltic,84698.653,97243.0,1,41644210.213775
2022-04-20,Murmansk,Arctic,82656.55,97243.0,1,40914083.02795
2022-04-20,Nakhodka,Pacific,104010.25,122365.0,1,55563419.66275
2022-04-20,Novoportovskoye,Arctic,64597.45,75997.0,1,31975027.17805
2022-04-20,Novorossiysk,Black sea,86115.77,98870.0,1,42626358.87653
2022-04-20,Primorsk,Baltic,202787.962,232822.0,2,100377810.522418
2022-04-20,Ust Luga,Baltic,199422.418,228958.0,2,98711903.263402
2022-04-21,Murmansk,Arctic,6632.01,7830.0,4,3354629.82624
2022-04-21,Nakhodka,Pacific,104010.25,122365.0,1,55722555.34525
2022-04-21,Novorossiysk,Black sea,230221.061,268331.0,2,116451337.959264
2022-04-21,Primorsk,Baltic,302007.927,346737.0,3,152762857.666848
2022-04-21,Ust Luga,Baltic,101090.002,116062.0,2,51133749.171648
2022-04-21,Varandey,Arctic,69143.151,81633.0,1,34974265.211424
2022-04-22,Kaliningrad,Baltic,35812.608,43044.0,1,17768103.145728
2022-04-22,Makhachkala Port,Caspian Sea,4204.34,5090.0,1,2745707.3021
2022-04-22,Nakhodka,Pacific,203985.55,239983.0,2,108542139.05385
2022-04-22,Novoportovskoye,Arctic,64597.45,75997.0,1,32049443.44045
2022-04-22,Novorossiysk,Black sea,86115.77,98870.0,1,42725564.24357
2022-04-22,Prigorodnoye,Pacific,51614.601,64599.0,1,27464490.494307
2022-04-22,Primorsk,Baltic,101090.002,116062.0,1,50154894.682282
2022-04-22,Yuri Korchagin,Caspian Sea,12671.308,14548.0,1,6286755.422428
2022-04-23,De Kastri,Pacific,95145.31,112598.0,1,50627485.46817
2022-04-23,Murmansk,Arctic,105473.1,124086.0,1,50904798.6723
2022-04-23,Primorsk,Baltic,101090.002,116062.0,1,48789370.935266
2022-04-23,Prirazlomnoye Field,Arctic,66551.94,73134.0,1,32120162.45802
2022-04-23,Ust Luga,Baltic,101090.002,116062.0,1,48789370.935266
2022-04-23,Yuri Korchagin,Caspian Sea,12671.308,14548.0,1,6115591.393964
2022-04-24,Murmansk,Arctic,137846.709,162747.0,1,65636537.570604
2022-04-24,Nakhodka,Pacific,103923.55,122263.0,1,55298448.41985
2022-04-24,Novoportovskoye,Arctic,41174.0,48440.0,1,19605247.144
2022-04-24,Novorossiysk,Black sea,234060.346,268726.0,2,111449238.109976
2022-04-24,Primorsk,Baltic,200016.44,229640.0,2,95239028.00464
2022-04-24,Ust Luga,Baltic,202180.004,232124.0,2,96269221.984624
2022-04-24,Yuri Korchagin,Caspian Sea,4432.519,5089.0,1,2110570.516964
2022-04-25,Nakhodka,Pacific,199697.3,234938.0,2,99461636.6326
2022-04-25,Novorossiysk,Black sea,141624.6,162600.0,1,65089958.037
2022-04-25,Primorsk,Baltic,101090.002,116062.0,1,46460459.46919
2022-04-25,Prirazlomnoye Field,Arctic,66041.43,72573.0,1,30352311.02085
2022-04-25,Varandey,Arctic,69143.151,81633.0,1,31777846.483845
2022-04-26,Nakhodka,Pacific,103731.45,122037.0,1,51956801.2131
2022-04-26,Novoportovskoye,Arctic,64597.45,75997.0,1,31829812.11045
2022-04-26,Novorossiysk,Black sea,221954.69,267614.0,2,109366175.90529
2022-04-26,Ust Luga,Baltic,112024.536,128616.0,1,55199081.893176
2022-04-26,Yuri Korchagin,Caspian Sea,12005.864,13784.0,1,5915781.433224
2022-04-27,De Kastri,Pacific,93905.695,111131.0,1,49362279.82231
2022-04-27,Murmansk,Arctic,103125.4,121324.0,1,50983444.6282
2022-04-27,Primorsk,Baltic,303519.112,348472.0,3,150054689.147896
2022-04-27,Prirazlomnoye Field,Arctic,66218.88,72768.0,1,32737488.55104
2022-04-27,Ust Luga,Baltic,98066.761,112591.0,1,48482539.503463
2022-04-28,Nakhodka,Pacific,99615.75,117195.0,1,52392007.17075
2022-04-28,Novorossiysk,Black sea,143653.159,164929.0,2,73959254.298514
2022-04-28,Primorsk,Baltic,202094.646,232026.0,3,104047620.114516
2022-04-28,Prirazlomnoye Field,Arctic,2740.92,3012.0,1,1411151.69832
2022-04-28,Ust Luga,Baltic,98486.583,113073.0,1,50705423.311218
2022-04-28,Varandey,Arctic,7508.655,8865.0,1,3865800.99213
2022-04-28,Yuri Korchagin,Caspian Sea,12671.308,14548.0,1,6523772.238568
2022-04-29,Nakhodka,Pacific,104010.25,122365.0,1,56477253.71925
2022-04-29,Novoportovskoye,Arctic,39110.2,46012.0,1,20302926.1342
2022-04-29,Novorossiysk,Black sea,169602.074,198734.0,2,88043998.256954
2022-04-29,Primorsk,Baltic,201716.632,231592.0,2,104715339.720472
2022-04-29,Ust Luga,Baltic,97510.192,111952.0,1,50619588.381232
2022-04-29,Yuri Korchagin,Caspian Sea,12671.308,14548.0,1,6577942.080268
2022-04-30,Nakhodka,Pacific,198114.6,233076.0,2,107575633.4562
2022-04-30,Novoportovskoye,Arctic,64597.45,75997.0,1,33356379.04885
2022-04-30,Novorossiysk,Black sea,145196.571,166701.0,1,74975588.956983
2022-04-30,Primorsk,Baltic,96195.853,110443.0,1,49672941.201169
2022-04-30,Ust Luga,Baltic,97866.431,112361.0,1,50535582.574763
2022-05-01,Nakhodka,Pacific,94104.35,110711.0,1,51098379.73695
2022-05-01,Novoportovskoye,Arctic,13636.55,16043.0,1,7116369.983
2022-05-01,Primorsk,Baltic,202787.962,232822.0,2,105826925.84932
2022-05-02,Nakhodka,Pacific,99912.4,117544.0,1,54334661.1052
2022-05-02,Novorossiysk,Black sea,86115.77,98870.0,1,45276313.35097
2022-05-02,Prigorodnoye,Pacific,97239.898,121702.0,1,52881293.050054
2022-05-02,Primorsk,Baltic,101090.002,116062.0,1,53149180.541522
2022-05-02,Ust Luga,Baltic,214449.781,246211.0,2,112749331.308341
2022-05-03,Nakhodka,Pacific,94104.35,110711.0,1,51020931.8569
2022-05-03,Novoportovskoye,Arctic,64597.45,75997.0,1,32460606.2097
2022-05-03,Primorsk,Baltic,101090.002,116062.0,2,50798332.545012
2022-05-03,Prirazlomnoye Field,Arctic,66551.94,73134.0,1,33442749.16164
2022-05-04,Murmansk,Arctic,238479.053,281156.0,2,128791328.009809
2022-05-04,Nakhodka,Pacific,101533.35,119451.0,1,55046711.8359
2022-05-04,Novorossiysk,Black sea,223632.31,269698.0,2,120773299.91243
2022-05-04,Primorsk,Baltic,198632.421,228051.0,3,107272034.858313
2022-05-04,Ust Luga,Baltic,249157.389,286059.0,3,134558195.401617
2022-05-04,Varandey,Arctic,69143.151,81633.0,1,37340966.127003
2022-05-05,De Kastri,Pacific,94712.67,112086.0,1,51669076.42845
2022-05-05,Novoportovskoye,Arctic,64597.45,75997.0,1,36035558.2876
2022-05-05,Novorossiysk,Black sea,319207.564,366484.0,3,178069301.162272
2022-05-05,Primorsk,Baltic,101090.002,116062.0,1,56392855.435696
2022-05-05,Ust Luga,Baltic,144606.904,166024.0,1,80668672.182592
2022-05-06,Murmansk,Arctic,6632.01,7830.0,1,3775377.80466
2022-05-06,Nakhodka,Pacific,201206.05,236713.0,2,110240794.795
2022-05-06,Prigorodnoye,Pacific,44506.697,55703.0,1,24385219.2863
2022-05-06,Primorsk,Baltic,97217.536,111616.0,1,55342637.848576
2022-05-06,Prirazlomnoye Field,Arctic,66041.43,72573.0,1,37595140.69038
2022-05-06,Varandey,Arctic,69143.151,81633.0,1,39360844.997166
2022-05-06,Yuri Korchagin,Caspian Sea,12671.308,14548.0,1,7213344.819928
2022-05-07,Nakhodka,Pacific,94104.35,110711.0,1,51559773.365
2022-05-07,Primorsk,Baltic,202180.004,232124.0,3,116029689.035572
2022-05-07,Ust Luga,Baltic,202180.004,232124.0,2,116029689.035572
2022-05-08,Murmansk,Arctic,78020.549334,89754.0,1,43891396.274434
2022-05-08,Nakhodka,Pacific,100440.25,118165.0,1,55031212.975
2022-05-08,Novoportovskoye,Arctic,41174.0,48440.0,1,23162927.788
2022-05-08,Primorsk,Baltic,101697.96,116760.0,1,57211407.77352
2022-05-09,Nakhodka,Pacific,94104.35,110711.0,1,51607013.7487
2022-05-09,Novoportovskoye,Arctic,64597.45,75997.0,1,33792541.03125
2022-05-09,Novorossiysk,Black sea,83486.304,99864.0,1,43673772.78
2022-05-09,Prigorodnoye,Pacific,44505.898,55702.0,1,24407123.474996
2022-05-09,Primorsk,Baltic,202180.004,232124.0,2,105765414.5925
2022-05-09,Ust Luga,Baltic,101089.131,116061.0,1,52882251.654375
2022-05-10,Murmansk,Arctic,107273.257026,123406.0,1,53601657.43121
2022-05-10,Novorossiysk,Black sea,234212.771,268901.0,2,117030032.136654
2022-05-10,Ust Luga,Baltic,101090.002,116062.0,1,50512045.659348
2022-05-11,Novoportovskoye,Arctic,39110.2,46012.0,1,21107305.6176
2022-05-11,Novorossiysk,Black sea,220714.013,253403.0,2,119116704.247944
2022-05-11,Primorsk,Baltic,197912.975,227225.0,2,106811257.6518
2022-05-11,Ust Luga,Baltic,101090.002,116062.0,1,54557060.999376
2022-05-11,Varandey,Arctic,69143.151,81633.0,1,37315728.876888
2022-05-12,Nakhodka,Pacific,207933.8,244628.0,2,105465063.029
2022-05-12,Novorossiysk,Black sea,42505.584,50844.0,1,23434306.087632
2022-05-12,Primorsk,Baltic,201402.201,231231.0,2,111037665.661923
2022-05-12,Prirazlomnoye Field,Arctic,2740.92,3012.0,1,1511132.23716
2022-05-12,Ust Luga,Baltic,101090.002,116062.0,1,55733243.172646
2022-05-12,Yuri Korchagin,Caspian Sea,13213.07,15170.0,2,7284669.39161
2022-05-13,Nakhodka,Pacific,200139.3,235458.0,2,107085132.8829
2022-05-13,Novoportovskoye,Arctic,64597.45,75997.0,1,37487256.78145
2022-05-13,Primorsk,Baltic,198547.063,227953.0,2,115221030.147223
2022-05-13,Ust Luga,Baltic,99219.965,113915.0,1,57579429.308765
2022-05-14,Murmansk,Arctic,139694.863,164929.0,1,80218797.213709
2022-05-14,Novoportovskoye,Arctic,39513.1,46486.0,1,22690121.0833
2022-05-14,Novorossiysk,Black sea,148420.142,170402.0,1,85229227.602506
2022-05-14,Prigorodnoye,Pacific,35064.914,43886.0,2,18761587.430442
2022-05-14,Primorsk,Baltic,96934.461,111291.0,1,55663935.688023
2022-05-14,Prirazlomnoye Field,Arctic,66551.94,73134.0,1,38216985.68142
2022-05-14,Ust Luga,Baltic,101090.002,116062.0,1,58050226.018486
2022-05-15,Murmansk,Arctic,140284.85,165041.0,1,81655041.5001
2022-05-15,Nakhodka,Pacific,206782.05,243273.0,2,110639356.19865
2022-05-15,Novoportovskoye,Arctic,64597.45,75997.0,1,37599979.3317
2022-05-15,Novorossiysk,Black sea,222717.025,268561.0,2,129636007.87365
2022-05-15,Primorsk,Baltic,101090.002,116062.0,1,58841053.104132
2022-05-15,Ust Luga,Baltic,101090.002,116062.0,1,58841053.104132
2022-05-15,Varandey,Arctic,69143.151,81633.0,1,40245877.329966
2022-05-15,Yuri Korchagin,Caspian Sea,9904.141,11371.0,1,5764863.735306
2022-05-16,Novorossiysk,Black sea,86981.544,99864.0,1,52427951.682912
2022-05-16,Primorsk,Baltic,198868.462,228322.0,2,119867567.733576
2022-05-17,Nakhodka,Pacific,199792.5,235050.0,2,109712654.9025
2022-05-17,Novorossiysk,Black sea,286953.165,336080.0,2,165599523.70884
2022-05-17,Prigorodnoye,Pacific,35064.914,43886.0,1,19255301.419562
2022-05-17,Primorsk,Baltic,101090.002,116062.0,1,58338635.794192
2022-05-17,Ust Luga,Baltic,199381.481,228911.0,2,115062255.159176
2022-05-18,Kaliningrad,Baltic,35812.608,43044.0,1,20139685.672704
2022-05-18,Nakhodka,Pacific,99912.4,117544.0,1,54202177.2628
2022-05-18,Novoportovskoye,Arctic,64597.45,75997.0,1,36327215.77435
2022-05-18,Varandey,Arctic,69143.151,81633.0,1,38883549.825813
2022-05-19,Nakhodka,Pacific,94597.35,111291.0,1,48567036.2688
2022-05-19,Primorsk,Baltic,202787.962,232822.0,2,118488600.620676
2022-05-19,Ust Luga,Baltic,195079.612,223972.0,2,113984627.132376
2022-05-19,Yuri Korchagin,Caspian Sea,12671.308,14548.0,1,7403819.921784
2022-05-20,Murmansk,Arctic,104936.75,123455.0,1,60738440.2675
2022-05-20,Nakhodka,Pacific,97300.35,114471.0,1,51102435.72105
2022-05-20,Novoportovskoye,Arctic,41174.0,48440.0,1,23831922.94
2022-05-20,Novorossiysk,Black sea,149238.011,171341.0,1,86380453.14691
2022-05-20,Primorsk,Baltic,201104.319,230889.0,2,116401190.88039
2022-05-20,Prirazlomnoye Field,Arctic,66041.43,72573.0,1,38225440.0983
2022-05-21,Murmansk,Arctic,144317.789,170387.0,1,82219720.524557
2022-05-21,Nakhodka,Pacific,99057.3,116538.0,1,52025191.1319
2022-05-21,Novoportovskoye,Arctic,64597.45,75997.0,1,36802007.03185
2022-05-21,Novorossiysk,Black sea,285236.316,334241.0,2,162502837.297308
2022-05-21,Primorsk,Baltic,101090.002,116062.0,2,57592288.309426
2022-05-21,Ust Luga,Baltic,101089.131,116061.0,1,57591792.089403
2022-05-22,Murmansk,Arctic,96952.7,114062.0,1,55156681.8881
2022-05-22,Nakhodka,Pacific,95399.75,112235.0,1,50104234.89925
2022-05-22,Novorossiysk,Black sea,218883.615,263799.0,2,124523545.224345
2022-05-22,Primorsk,Baltic,99219.965,113915.0,1,56446535.748395
2022-05-22,Prirazlomnoye Field,Arctic,2740.92,3012.0,1,1559317.61076
2022-05-22,Ust Luga,Baltic,99152.898,113838.0,1,56408381.130894
2022-05-23,Nakhodka,Pacific,100440.25,118165.0,1,53308461.807
2022-05-23,Primorsk,Baltic,101697.96,116760.0,1,59491679.43264
2022-05-23,Ust Luga,Baltic,101089.131,116061.0,1,59135524.208904
2022-05-24,Nakhodka,Pacific,198441.0,233460.0,3,103408398.864
2022-05-24,Novoportovskoye,Arctic,39110.2,46012.0,1,22758929.3636
2022-05-24,Novorossiysk,Black sea,249022.1,293132.0,3,144910442.3878
2022-05-24,Prigorodnoye,Pacific,95856.03,119970.0,1,49950960.65712
2022-05-24,Primorsk,Baltic,198749.135,228185.0,2,115655699.14093
2022-05-24,Varandey,Arctic,69143.151,81633.0,1,40235644.143618
2022-05-25,Nakhodka,Pacific,105026.0,123560.0,1,56086614.676
2022-05-25,Novoportovskoye,Arctic,64597.45,75997.0,1,38460869.54785
2022-05-25,Novorossiysk,Black sea,142992.941,164171.0,1,85136996.120813
2022-05-25,Primorsk,Baltic,101090.002,116062.0,1,60188279.560786
2022-05-25,Ust Luga,Baltic,99298.355,114005.0,1,59121545.478515
2022-05-25,Yuri Korchagin,Caspian Sea,12671.308,14548.0,1,7544408.084044
2022-05-26,Murmansk,Arctic,98878.8,116328.0,1,61080203.3664
2022-05-26,Nakhodka,Pacific,104010.25,122365.0,1,55176293.51225
2022-05-26,Novorossiysk,Black sea,86115.77,98870.0,1,53196122.37056
2022-05-26,Primorsk,Baltic,101697.96,116760.0,1,62821677.43488
2022-05-26,Ust Luga,Baltic,116686.999,133969.0,2,72080826.518272
2022-05-27,Murmansk,Arctic,20278.874,23942.0,1,12728643.63232
2022-05-27,Nakhodka,Pacific,100475.95,118207.0,1,54929096.62955
2022-05-27,Novoportovskoye,Arctic,39513.1,46486.0,1,24801582.608
2022-05-27,Novorossiysk,Black sea,146734.757,168467.0,1,92102472.27376
2022-05-27,Primorsk,Baltic,185788.655,213305.0,2,116615822.9704
2022-05-27,Ust Luga,Baltic,84698.653,97243.0,1,53163650.51504
2022-05-28,Murmansk,Arctic,65981.25,77625.0,1,40666355.775
2022-05-28,Nakhodka,Pacific,98651.85,116061.0,2,53931881.22465
2022-05-28,Novoportovskoye,Arctic,64597.45,75997.0,1,39813475.5534
2022-05-28,Novorossiysk,Black sea,82655.32,98870.0,1,50943118.68624
2022-05-28,Primorsk,Baltic,301406.066,346046.0,3,185766203.469912
2022-05-28,Varandey,Arctic,69143.151,81633.0,1,42615136.542132
2022-05-29,Novorossiysk,Black sea,86115.77,98870.0,1,53583298.87248
2022-05-29,Primorsk,Baltic,201888.219,231789.0,2,125619695.179056
2022-05-29,Prirazlomnoye Field,Arctic,66218.88,72768.0,1,41202976.38912
2022-05-29,Ust Luga,Baltic,202179.133,232123.0,2,125800708.851792
2022-05-30,Murmansk,Arctic,139776.175,165025.0,1,87416858.50205
2022-05-30,Nakhodka,Pacific,200744.5,236170.0,2,111140987.958
2022-05-30,Novoportovskoye,Arctic,64597.45,75997.0,1,40399632.8147
2022-05-30,Novorossiysk,Black sea,228698.47,262570.0,2,143029395.32882
2022-05-30,Primorsk,Baltic,3771.43,4330.0,1,2358674.95058
2022-05-30,Ust Luga,Baltic,101090.002,116062.0,1,63222293.790812
2022-05-31,Kaliningrad,Baltic,17335.552,20836.0,1,11267658.075648
2022-05-31,Nakhodka,Pacific,99327.6,116856.0,2,57182104.6992
2022-05-31,Novorossiysk,Black sea,223094.164,268948.0,2,145005406.151736
2022-05-31,Primorsk,Baltic,198630.679,228049.0,2,129104776.952346
2022-05-31,Prirazlomnoye Field,Arctic,66041.43,72573.0,1,42925212.42282
2022-05-31,Ust Luga,Baltic,101090.002,116062.0,1,65705872.959948
2022-06-01,Nakhodka,Pacific,97300.35,114471.0,1,52966223.9253
2022-06-01,Novorossiysk,Black sea,82655.32,98870.0,1,52646644.83144
2022-06-01,Prigorodnoye,Pacific,96867.564,121236.0,1,52730633.403912
2022-06-01,Ust Luga,Baltic,101090.002,116062.0,1,64388468.053884
2022-06-01,Yuri Korchagin,Caspian Sea,12671.308,14548.0,1,8070888.260136
2022-06-02,Nakhodka,Pacific,196627.95,231327.0,2,102878496.2313
2022-06-02,Primorsk,Baltic,197331.147,226557.0,2,125557072.888572
2022-06-02,Ust Luga,Baltic,92779.791,106521.0,1,59033554.298316
2022-06-02,Varandey,Arctic,69143.151,81633.0,1,43994127.545676
2022-06-03,Murmansk,Arctic,96827.75,113915.0,1,63153479.24375
2022-06-03,Nakhodka,Pacific,99327.6,116856.0,1,54066197.8872
2022-06-03,Novorossiysk,Black sea,86115.77,98870.0,1,56166858.08825
2022-06-03,Primorsk,Baltic,101089.131,116061.0,1,65932858.466475
2022-06-03,Prirazlomnoye Field,Arctic,2740.92,3012.0,1,1787696.547
2022-06-04,Nakhodka,Pacific,92764.75,109135.0,1,50493894.2495
2022-06-04,Novorossiysk,Black sea,146976.024,168744.0,1,95685213.000624
2022-06-04,Primorsk,Baltic,194477.751,223281.0,2,126610072.322526
2022-06-05,Nakhodka,Pacific,103731.45,122037.0,1,56463310.3269
2022-06-05,Novoportovskoye,Arctic,105771.45,124437.0,2,69682654.3458
2022-06-05,Novorossiysk,Black sea,82655.32,98870.0,1,54453655.43728
2022-06-05,Primorsk,Baltic,99226.933,113923.0,1,65371100.368132
2022-06-05,Ust Luga,Baltic,201788.054,231674.0,2,132938777.127416
2022-06-06,Murmansk,Arctic,90430.34,99374.0,1,59092248.25504
2022-06-06,Nakhodka,Pacific,100741.15,118519.0,1,56775395.09355
2022-06-06,Novoportovskoye,Arctic,39110.2,46012.0,1,25556794.8512
2022-06-06,Novorossiysk,Black sea,86115.77,98870.0,1,56272866.60112
2022-06-06,Primorsk,Baltic,300536.808,345048.0,3,196387580.408448
2022-06-06,Prirazlomnoye Field,Arctic,66050.53,72583.0,1,43161115.13168
2022-06-06,Ust Luga,Baltic,101974.067,117077.0,2,66635565.925552
2022-06-07,Murmansk,Arctic,145973.674,172342.0,1,97380059.741118
2022-06-07,Novoportovskoye,Arctic,64597.45,75997.0,1,43093411.07715
2022-06-07,Novorossiysk,Black sea,140000.185,160735.0,1,93395103.414795
2022-06-07,Primorsk,Baltic,101697.96,116760.0,1,67843421.00172
2022-06-07,Ust Luga,Baltic,100000.381,114811.0,1,66710954.167767
2022-06-07,Yuri Korchagin,Caspian Sea,12005.864,13784.0,1,8009195.915448
2022-06-08,Murmansk,Arctic,96952.7,114062.0,1,65739262.9985
2022-06-08,Nakhodka,Pacific,100440.25,118165.0,1,57255663.19175
2022-06-08,Novoportovskoye,Arctic,39513.1,46486.0,1,26792055.0205
2022-06-08,Primorsk,Baltic,101090.002,116062.0,2,68544581.30611
2022-06-08,Ust Luga,Baltic,99705.983,114473.0,1,67606140.303065
2022-06-08,Varandey,Arctic,69143.151,81633.0,1,46882859.251305
2022-06-09,Nakhodka,Pacific,104010.25,122365.0,1,60756027.38375
2022-06-09,Novorossiysk,Black sea,86115.77,98870.0,1,58362035.18132
2022-06-09,Primorsk,Baltic,200016.44,229640.0,2,135554341.65104
2022-06-09,Ust Luga,Baltic,81944.551,94081.0,1,55535133.325516
2022-06-10,Nakhodka,Pacific,104010.25,122365.0,1,61739340.28725
2022-06-10,Novoportovskoye,Arctic,64597.45,75997.0,1,43905013.43895
2022-06-10,Novorossiysk,Black sea,163772.104,195256.0,2,111311149.697784
2022-06-10,Prigorodnoye,Pacific,89017.389,111411.0,1,52839742.919121
2022-06-10,Primorsk,Baltic,101090.002,116062.0,1,68707942.749342
2022-06-10,Prirazlomnoye Field,Arctic,2952.04,3244.0,1,2006415.97884
2022-06-10,Ust Luga,Baltic,114614.019,131589.0,1,77899824.907749
2022-06-11,Nakhodka,Pacific,102705.5,120830.0,1,60964855.0395
2022-06-11,Novorossiysk,Black sea,234535.912,269272.0,2,157737127.6156
2022-06-11,Primorsk,Baltic,195195.455,224105.0,2,131278703.26025
2022-06-12,Kaliningrad,Baltic,23688.704,28472.0,1,16184146.261504
2022-06-12,Nakhodka,Pacific,194569.25,228905.0,2,115494166.53825
2022-06-12,Primorsk,Baltic,81229.46,93260.0,1,55496048.30146
2022-06-13,Nakhodka,Pacific,104010.25,122365.0,1,59884837.52975
2022-06-13,Novorossiysk,Black sea,172231.54,197740.0,2,120559838.98998
2022-06-13,Primorsk,Baltic,101090.002,116062.0,1,70761687.229974
2022-06-13,Prirazlomnoye Field,Arctic,66218.88,72768.0,1,46352355.15456
2022-06-13,Ust Luga,Baltic,99609.302,114362.0,1,69725216.479074
2022-06-13,Yuri Korchagin,Caspian Sea,12005.864,13784.0,1,8403948.723768
2022-06-14,Murmansk,Arctic,142168.103,167849.0,1,97803835.618335
2022-06-14,Nakhodka,Pacific,99057.3,116538.0,1,59171680.0404
2022-06-14,Novoportovskoye,Arctic,64597.45,75997.0,1,44439492.74025
2022-06-14,Novorossiysk,Black sea,283342.214,338366.0,2,194923859.41023
2022-06-14,Primorsk,Baltic,198024.463,227353.0,3,136229939.198535
2022-06-14,Ust Luga,Baltic,104911.95,120450.0,1,72173651.44275
2022-06-15,Murmansk,Arctic,140284.85,165041.0,1,94330058.2673
2022-06-15,Nakhodka,Pacific,206782.05,243273.0,2,119991487.974
2022-06-15,Novoportovskoye,Arctic,41174.0,48440.0,1,27686138.732
2022-06-15,Primorsk,Baltic,99219.965,113915.0,1,66717290.42537
2022-06-15,Ust Luga,Baltic,197939.105,227255.0,2,133097817.10589
2022-06-15,Varandey,Arctic,69143.151,81633.0,1,46493099.309118
2022-06-16,Nakhodka,Pacific,191108.05,224833.0,2,109389101.1717
2022-06-16,Primorsk,Baltic,101090.002,116062.0,1,69188221.348844
2022-06-16,Ust Luga,Baltic,96749.809,111079.0,1,66217697.775398
2022-06-17,Murmansk,Arctic,68043.35,80051.0,1,42522058.5421
2022-06-17,Novoportovskoye,Arctic,64597.45,75997.0,1,40368626.0387
2022-06-17,Novorossiysk,Black sea,234479.297,269207.0,2,146532209.157022
2022-06-17,Primorsk,Baltic,200330.0,230000.0,2,125191425.58
2022-06-18,Nakhodka,Pacific,104010.25,122365.0,1,60211013.67375
2022-06-18,Novorossiysk,Black sea,82655.32,98870.0,1,51142070.04148
2022-06-18,Ust Luga,Baltic,73066.448,83888.0,1,45209060.969072
2022-06-19,Murmansk,Arctic,84151.7,99002.0,2,52806790.6323
2022-06-19,Nakhodka,Pacific,96827.75,113915.0,1,56053100.33625
2022-06-19,Novoportovskoye,Arctic,39110.2,46012.0,1,24542393.5938
2022-06-19,Prigorodnoye,Pacific,95856.03,119970.0,1,55490576.48685
2022-06-19,Primorsk,Baltic,202787.091,232821.0,2,127252752.557229
2022-06-19,Ust Luga,Baltic,97516.289,111959.0,1,61193324.156991
2022-06-19,Yuri Korchagin,Caspian Sea,9273.537,10647.0,1,5819320.664703
2022-06-20,Nakhodka,Pacific,100741.15,118519.0,1,53010093.87115
2022-06-20,Novoportovskoye,Arctic,64597.45,75997.0,1,39800039.2838
2022-06-20,Novorossiysk,Black sea,212144.244,243564.0,2,130707160.190256
2022-06-20,Prirazlomnoye Field,Arctic,66551.94,73134.0,1,41004247.48056
2022-06-20,Ust Luga,Baltic,116249.757,133467.0,1,71624265.281868
2022-06-21,Nakhodka,Pacific,202345.9,238054.0,2,110422383.4349
2022-06-21,Primorsk,Baltic,101090.002,116062.0,1,62130319.589208
2022-06-21,Ust Luga,Baltic,101090.002,116062.0,1,62130319.589208
2022-06-21,Varandey,Arctic,69143.151,81633.0,1,42495657.177204
2022-06-22,Nakhodka,Pacific,94701.9,111414.0,1,48274009.4193
2022-06-22,Novoportovskoye,Arctic,39513.1,46486.0,1,23588688.4904
2022-06-22,Novorossiysk,Black sea,86115.77,98870.0,1,51409736.83768
2022-06-22,Primorsk,Baltic,99269.612,113972.0,1,59262370.050208
2022-06-23,Murmansk,Arctic,102172.55,120203.0,1,60002056.0581
2022-06-23,Nakhodka,Pacific,194544.6,228876.0,2,98613490.4724
2022-06-23,Primorsk,Baltic,98260.123,112813.0,1,57704436.353226
2022-06-23,Ust Luga,Baltic,202180.004,232124.0,2,118732633.509048
2022-06-24,Nakhodka,Pacific,103643.05,121933.0,1,52488364.3837
2022-06-24,Novoportovskoye,Arctic,64597.45,75997.0,1,39552566.45285
2022-06-24,Novorossiysk,Black sea,181058.52,221110.0,2,110860864.38636
2022-06-24,Prirazlomnoye Field,Arctic,66041.43,72573.0,1,40436705.29899
2022-06-25,Murmansk,Arctic,143429.286,169338.0,1,86238722.788218
2022-06-25,Nakhodka,Pacific,91520.35,107671.0,1,46349016.9319
2022-06-25,Novorossiysk,Black sea,143653.159,164929.0,1,86373329.339817
2022-06-25,Ust Luga,Baltic,97510.192,111952.0,1,58629270.572496
2022-06-26,Nakhodka,Pacific,104010.25,122365.0,1,52674326.9485
2022-06-26,Novoportovskoye,Arctic,64597.45,75997.0,1,38284389.31445
2022-06-26,Novorossiysk,Black sea,144606.904,166024.0,1,85702872.331544
2022-06-26,Primorsk,Baltic,101090.002,116062.0,1,59912101.675322
2022-06-26,Prirazlomnoye Field,Arctic,2740.92,3012.0,1,1624436.38812
2022-06-26,Ust Luga,Baltic,95549.571,109701.0,1,56628504.298431
2022-06-26,Yuri Korchagin,Caspian Sea,12005.864,13784.0,1,7115407.364104
2022-06-27,Murmansk,Arctic,96952.7,114062.0,1,58878405.183
2022-06-27,Nakhodka,Pacific,100464.9,118194.0,1,52272992.5839
2022-06-27,Novorossiysk,Black sea,142992.941,164171.0,1,86838183.13989
2022-06-27,Primorsk,Baltic,99232.159,113929.0,1,60262697.83911
2022-06-27,Ust Luga,Baltic,202180.004,232124.0,2,122781894.62916
2022-06-28,Nakhodka,Pacific,199718.55,234963.0,2,103201764.6528
2022-06-28,Primorsk,Baltic,97778.46,112260.0,1,62072015.31258
2022-06-28,Ust Luga,Baltic,99151.156,113836.0,1,62943434.305388
2022-06-28,Varandey,Arctic,69143.151,81633.0,1,43893662.547273
2022-06-29,Murmansk,Arctic,98200.5,115530.0,2,62367333.951
2022-06-29,Nakhodka,Pacific,104010.25,122365.0,1,57482200.75475
2022-06-29,Novorossiysk,Black sea,82655.32,98870.0,1,52494559.04264
2022-06-29,Primorsk,Baltic,202787.962,232822.0,2,128791040.242124
2022-06-29,Yuri Korchagin,Caspian Sea,12005.864,13784.0,1,7624948.238128
2022-06-30,Nakhodka,Pacific,99398.15,116939.0,1,55107725.9341
2022-06-30,Novoportovskoye,Arctic,41174.0,48440.0,1,25965394.924
2022-06-30,Novorossiysk,Black sea,82655.32,98870.0,1,52124593.83032
2022-06-30,Primorsk,Baltic,200530.33,230230.0,2,126459639.88658
2022-06-30,Prirazlomnoye Field,Arctic,66050.53,72583.0,1,41653181.53178
2022-06-30,Ust Luga,Baltic,198024.463,227353.0,2,124879375.003838
2022-07-01,Nakhodka,Pacific,104010.25,122365.0,1,53058852.84275
2022-07-01,Novoportovskoye,Arctic,64145.25,75465.0,1,39678199.002
2022-07-01,Novorossiysk,Black sea,136307.43,169326.0,1,84315414.36024
2022-07-01,Prigorodnoye,Pacific,89012.595,111405.0,1,45408084.099945
2022-07-01,Primorsk,Baltic,101697.96,116760.0,1,62907103.72128
2022-07-01,Yuri Korchagin,Caspian Sea,12671.308,14548.0,1,7838065.646944
2022-07-02,Nakhodka,Pacific,197625.0,232500.0,2,100814638.875
2022-07-02,Novoportovskoye,Arctic,39110.2,46012.0,1,24137994.1258
2022-07-02,Novorossiysk,Black sea,82655.32,98870.0,1,51013127.74228
2022-07-02,Ust Luga,Baltic,99783.502,114562.0,1,61584281.980858
2022-07-03,Murmansk,Arctic,63919.15,75199.0,1,40167688.7281
2022-07-03,Primorsk,Baltic,201221.904,231024.0,2,126450661.580256
2022-07-03,Prirazlomnoye Field,Arctic,2952.04,3244.0,1,1855103.26456
2022-07-04,Nakhodka,Pacific,99057.3,116538.0,1,51636787.4586
2022-07-04,Novoportovskoye,Arctic,14862.25,17485.0,1,9680110.3945
2022-07-04,Primorsk,Baltic,202429.11,232410.0,2,131846532.78342
2022-07-04,Ust Luga,Baltic,84101.147,96557.0,1,54776927.266334
2022-07-04,Varandey,Arctic,69143.151,81633.0,1,45034455.395622
2022-07-05,Murmansk,Arctic,78279.9,92094.0,1,45841022.5596
2022-07-05,Nakhodka,Pacific,208020.5,244730.0,2,114424380.2915
2022-07-05,Novorossiysk,Black sea,231018.847,269207.0,2,135285560.878588
2022-07-05,Primorsk,Baltic,99316.646,114026.0,1,58160225.164184
2022-07-05,Ust Luga,Baltic,99940.282,114742.0,1,58525428.900328
2022-07-06,Nakhodka,Pacific,95399.75,112235.0,1,46822674.29875
2022-07-06,Novoportovskoye,Arctic,39513.1,46486.0,1,21947235.2902
2022-07-06,Primorsk,Baltic,101090.002,116062.0,1,56149632.890884
2022-07-06,Prirazlomnoye Field,Arctic,66551.94,73134.0,1,36965742.65748
2022-07-06,Ust Luga,Baltic,101090.002,116062.0,1,56149632.890884
2022-07-07,Nakhodka,Pacific,104010.25,122365.0,1,50063877.694
2022-07-07,Primorsk,Baltic,200242.9,229900.0,2,122370438.619
2022-07-07,Ust Luga,Baltic,100935.835,115885.0,2,61682898.12685
2022-07-07,Yuri Korchagin,Caspian Sea,12005.864,13784.0,1,7336903.54904
2022-07-08,Nakhodka,Pacific,104010.25,122365.0,1,56028553.50075
2022-07-08,Novoportovskoye,Arctic,64597.45,75997.0,1,39438487.35615
2022-07-08,Novorossiysk,Black sea,281996.259,336471.0,2,172166330.018493
2022-07-08,Primorsk,Baltic,101090.002,116062.0,1,61718175.651054
2022-07-09,Nakhodka,Pacific,103731.45,122037.0,1,55878368.68035
2022-07-09,Novorossiysk,Black sea,142992.941,164171.0,1,88067350.460726
2022-07-09,Primorsk,Baltic,101090.002,116062.0,1,62259916.971772
2022-07-09,Ust Luga,Baltic,101090.002,116062.0,1,62259916.971772
2022-07-09,Varandey,Arctic,69143.151,81633.0,2,42584298.696786
2022-07-10,Murmansk,Arctic,145973.674,172342.0,2,88480482.75836
2022-07-10,Nakhodka,Pacific,104010.25,122365.0,1,56028553.50075
2022-07-10,Novoportovskoye,Arctic,64597.45,75997.0,1,39155098.343
2022-07-10,Novorossiysk,Black sea,82655.32,98870.0,1,50100695.6648
2022-07-10,Primorsk,Baltic,101697.96,116760.0,1,61643201.4744
2022-07-10,Ust Luga,Baltic,99928.959,114729.0,1,60570939.20826
2022-07-11,Nakhodka,Pacific,199964.2,235252.0,2,108410790.9942
2022-07-11,Novorossiysk,Black sea,144606.904,166024.0,1,88465587.232464
2022-07-11,Primorsk,Baltic,101090.002,116062.0,1,61843426.163532
2022-07-11,Ust Luga,Baltic,99434.231,114161.0,1,60830481.761946
2022-07-12,Nakhodka,Pacific,91520.35,107671.0,2,49590759.24925
2022-07-12,Novoportovskoye,Arctic,41174.0,48440.0,1,23651498.472
2022-07-12,Novorossiysk,Black sea,82655.32,98870.0,1,47479530.15696
2022-07-12,Primorsk,Baltic,101090.002,116062.0,2,58068927.668856
2022-07-12,Ust Luga,Baltic,98158.216,112696.0,1,56384827.700448
2022-07-13,Murmansk,Arctic,96952.7,114062.0,1,54984687.7983
2022-07-13,Nakhodka,Pacific,199396.4,234584.0,2,104732759.7036
2022-07-13,Prigorodnoye,Pacific,89017.389,111411.0,1,46756294.554861
2022-07-13,Primorsk,Baltic,97778.46,112260.0,1,55453000.24134
2022-07-14,Nakhodka,Pacific,94701.9,111414.0,1,48952832.6385
2022-07-14,Novoportovskoye,Arctic,16720.35,19671.0,1,9729571.665
2022-07-14,Novorossiysk,Black sea,86115.77,98870.0,1,50110766.563
2022-07-14,Primorsk,Baltic,99207.771,113901.0,1,57729001.9449
2022-07-14,Varandey,Arctic,69143.151,81633.0,1,40234399.5669
2022-07-14,Yuri Korchagin,Caspian Sea,12005.864,13784.0,1,6986212.2616
2022-07-15,Novorossiysk,Black sea,137516.54,170828.0,1,84121617.8488
2022-07-15,Primorsk,Baltic,276370.042,317302.0,3,169061082.09224
2022-07-16,Murmansk,Arctic,140284.85,165041.0,1,84051106.7381
2022-07-16,Nakhodka,Pacific,100464.9,118194.0,1,52246570.3152
2022-07-16,Novoportovskoye,Arctic,39110.2,46012.0,1,23432719.8892
2022-07-16,Novorossiysk,Black sea,86115.77,98870.0,1,51595919.13242
2022-07-16,Primorsk,Baltic,98152.99,112690.0,1,58807971.34654
2022-07-16,Prirazlomnoye Field,Arctic,66551.94,73134.0,1,39874328.64324
2022-07-17,Nakhodka,Pacific,103520.65,121789.0,1,53835706.9912
2022-07-17,Primorsk,Baltic,101090.002,116062.0,1,60192727.520874
2022-07-17,Ust Luga,Baltic,185415.003,219213.0,3,116241468.034879
2022-07-17,Yuri Korchagin,Caspian Sea,12671.308,14548.0,1,7544965.621596
2022-07-18,Nakhodka,Pacific,208020.5,244730.0,2,113794910.2585
2022-07-18,Novoportovskoye,Arctic,64597.45,75997.0,1,41006073.6753
2022-07-18,Primorsk,Baltic,98159.087,112697.0,1,62310799.473078
2022-07-18,Prirazlomnoye Field,Arctic,66218.88,72768.0,1,42035347.71072
2022-07-18,Ust Luga,Baltic,101089.131,116061.0,1,64170773.824014
2022-07-18,Varandey,Arctic,69143.151,81633.0,1,43891657.395894
2022-07-19,Nakhodka,Pacific,188208.7,221422.0,2,105445618.0533
2022-07-19,Primorsk,Baltic,101090.002,116062.0,1,62423076.235
2022-07-20,Nakhodka,Pacific,104010.25,122365.0,1,58528127.82875
2022-07-20,Primorsk,Baltic,101090.002,116062.0,1,62738679.221244
2022-07-20,Ust Luga,Baltic,118348.867,135877.0,1,73449910.535274
2022-07-21,Murmansk,Arctic,143154.45,168417.0,1,85431140.0532
2022-07-21,Nakhodka,Pacific,97617.4,114844.0,1,54105420.124
2022-07-21,Novorossiysk,Black sea,142582.7,163700.0,1,85089933.3752
2022-07-21,Primorsk,Baltic,98497.906,113086.0,1,58781186.351056
2022-07-21,Ust Luga,Baltic,198922.464,228384.0,2,118712152.376064
2022-07-22,Novoportovskoye,Arctic,79459.7,93482.0,2,44598981.4966
2022-07-23,Nakhodka,Pacific,94104.35,110711.0,1,52786517.6716
2022-07-23,Novorossiysk,Black sea,139370.452,160012.0,1,71991667.610148
2022-07-23,Primorsk,Baltic,99859.279,114649.0,1,51582210.708171
2022-07-23,Varandey,Arctic,69143.151,81633.0,1,35715825.505899
2022-07-23,Yuri Korchagin,Caspian Sea,12005.864,13784.0,2,6201617.043336
2022-07-24,Murmansk,Arctic,151494.500924,168404.0,2,77953464.878956
2022-07-24,Nakhodka,Pacific,96827.75,113915.0,1,54314170.774
2022-07-24,Novoportovskoye,Arctic,14862.25,17485.0,1,7647563.94675
2022-07-24,Prigorodnoye,Pacific,95856.03,119970.0,1,53769098.04408
2022-07-24,Primorsk,Baltic,299769.457,344167.0,4,154250271.102291
2022-07-24,Ust Luga,Baltic,175567.47,201570.0,2,90340524.06561
2022-07-25,Murmansk,Arctic,149811.902682,172342.0,1,83683730.342944
2022-07-25,Nakhodka,Pacific,207425.5,244030.0,2,114199768.429
2022-07-25,Novorossiysk,Black sea,233299.996,271826.0,2,130319511.365632
2022-07-25,Ust Luga,Baltic,198439.93,227830.0,2,110846957.37856
2022-07-26,Nakhodka,Pacific,103008.1,121186.0,1,61305888.7636
2022-07-26,Primorsk,Baltic,200877.859,230629.0,2,112588022.41232
2022-07-26,Yuri Korchagin,Caspian Sea,12671.308,14548.0,1,7102014.70784
2022-07-27,Murmansk,Arctic,88662.65,104309.0,1,51290456.3985
2022-07-27,Nakhodka,Pacific,95708.3,112598.0,1,55963992.8005
2022-07-27,Novoportovskoye,Arctic,18578.45,21857.0,1,10747447.5405
2022-07-27,Novorossiysk,Black sea,142582.7,163700.0,1,82482666.123
2022-07-27,Primorsk,Baltic,101090.002,116062.0,1,58479555.25698
2022-07-28,Nakhodka,Pacific,198114.6,233076.0,2,120074089.2264
2022-07-28,Novoportovskoye,Arctic,39110.2,46012.0,1,23006731.5908
2022-07-28,Novorossiysk,Black sea,135054.045,167769.0,1,79446082.18743
2022-07-28,Primorsk,Baltic,197057.653,226243.0,2,115919952.607862
2022-07-28,Ust Luga,Baltic,514.761,591.0,1,302810.217294
2022-07-28,Varandey,Arctic,69143.151,81633.0,1,40673735.148354
2022-07-29,Novoportovskoye,Arctic,39513.1,46486.0,1,22888990.5156
2022-07-29,Novorossiysk,Black sea,232902.787,267397.0,2,134914994.842212
2022-07-29,Prirazlomnoye Field,Arctic,66551.94,73134.0,1,38551941.59544
2022-07-29,Ust Luga,Baltic,101090.002,116062.0,1,58559011.998552
2022-07-30,Nakhodka,Pacific,195530.6,230036.0,2,117319142.1224
2022-07-30,Novorossiysk,Black sea,224738.38,271072.0,2,127805120.89192
2022-07-30,Primorsk,Baltic,201769.763,231653.0,3,114743235.901892
2022-07-30,Ust Luga,Baltic,202180.004,232124.0,2,114976533.394736
2022-07-31,Novoportovskoye,Arctic,64597.45,75997.0,1,36672682.93695
2022-07-31,Primorsk,Baltic,96039.073,110263.0,1,54522438.171903
2022-08-01,Nakhodka,Pacific,99057.3,116538.0,1,57049971.7317
2022-08-01,Novoportovskoye,Arctic,64597.45,75997.0,1,34465711.0577
2022-08-01,Primorsk,Baltic,103451.283,118773.0,2,55196018.239518
2022-08-01,Prirazlomnoye Field,Arctic,66218.88,72768.0,1,35330818.54848
2022-08-01,Ust Luga,Baltic,198308.409,227679.0,2,105806658.388314
2022-08-02,Kaliningrad,Baltic,34565.44,41545.0,1,18775013.74112
2022-08-02,Murmansk,Arctic,140284.85,165041.0,1,76198942.82905
2022-08-02,Nakhodka,Pacific,208020.5,244730.0,2,116961606.33
2022-08-02,Novorossiysk,Black sea,86115.77,98870.0,1,46775761.13821
2022-08-02,Varandey,Arctic,69143.151,81633.0,1,37556692.758123
2022-08-03,Murmansk,Arctic,238085.368,280696.0,2,120492861.976488
2022-08-03,Nakhodka,Pacific,67949.0,79940.0,1,38438205.708
2022-08-03,Novoportovskoye,Arctic,64597.45,75997.0,1,32692188.06795
2022-08-03,Novorossiysk,Black sea,155725.219,178789.0,1,78811131.808929
2022-08-03,Primorsk,Baltic,100106.643,114933.0,1,50663071.062513
2022-08-03,Ust Luga,Baltic,99152.898,113838.0,1,50180389.301718
2022-08-04,Nakhodka,Pacific,195142.15,229579.0,2,107433949.5453
2022-08-04,Novorossiysk,Black sea,82655.32,98870.0,1,40066505.12744
2022-08-04,Primorsk,Baltic,162058.26,186060.0,2,78556445.06892
2022-08-04,Ust Luga,Baltic,73677.89,84590.0,1,35714767.75438
2022-08-05,Nakhodka,Pacific,104010.25,122365.0,1,54864574.793
2022-08-05,Novorossiysk,Black sea,143736.775,165025.0,1,72333375.967125
2022-08-05,Prigorodnoye,Pacific,89012.595,111405.0,1,46953431.76174
2022-08-05,Primorsk,Baltic,101090.002,116062.0,1,50872027.15647
2022-08-06,Kaliningrad,Baltic,35812.608,43044.0,1,17646197.028096
2022-08-06,Nakhodka,Pacific,101533.35,119451.0,1,53558029.8582
2022-08-06,Novoportovskoye,Arctic,41174.0,48440.0,1,20287953.238
2022-08-06,Novorossiysk,Black sea,140933.897,161807.0,2,69443345.606089
2022-08-06,Primorsk,Baltic,202787.962,232822.0,2,99921132.031994
2022-08-06,Ust Luga,Baltic,101090.002,116062.0,1,49810784.315474
2022-08-06,Varandey,Arctic,69143.151,81633.0,1,34069388.794287
2022-08-06,Yuri Korchagin,Caspian Sea,12005.864,13784.0,1,5915733.409768
2022-08-07,Murmansk,Arctic,102940.1,121106.0,1,51145685.7449
2022-08-07,Nakhodka,Pacific,95702.35,112591.0,1,50482224.0062
2022-08-07,Novoportovskoye,Arctic,13005.0,15300.0,1,6461521.245
2022-08-07,Primorsk,Baltic,106419.651,122181.0,2,52874497.179699
2022-08-07,Ust Luga,Baltic,84101.147,96557.0,1,41785570.785803
2022-08-08,Nakhodka,Pacific,100741.15,118519.0,1,53782577.00935
2022-08-08,Primorsk,Baltic,200309.967,229977.0,2,104387533.10271
2022-08-08,Prirazlomnoye Field,Arctic,66885.0,73500.0,1,34855780.05
2022-08-08,Ust Luga,Baltic,80013.544,91864.0,1,41697458.18472
2022-08-09,Murmansk,Arctic,105689.0,124340.0,1,55694298.196
2022-08-09,Nakhodka,Pacific,96610.15,113659.0,1,51400754.03645
2022-08-09,Novorossiysk,Black sea,138735.31,172342.0,1,73108513.89884
2022-08-09,Primorsk,Baltic,101697.96,116760.0,1,53591163.79344
2022-08-10,Nakhodka,Pacific,103520.65,121789.0,1,55522161.90035
2022-08-10,Novoportovskoye,Arctic,39110.2,46012.0,1,21145007.8504
2022-08-10,Primorsk,Baltic,101090.002,116062.0,1,54654511.761304
2022-08-10,Varandey,Arctic,69143.151,81633.0,1,37382382.874452
2022-08-11,Murmansk,Arctic,139630.491,164853.0,1,77648097.153627
2022-08-11,Nakhodka,Pacific,103694.05,121993.0,1,56933321.84655
2022-08-11,Primorsk,Baltic,101697.96,116760.0,1,56553930.46212
2022-08-11,Yuri Korchagin,Caspian Sea,12005.864,13784.0,1,6676424.952808
2022-08-12,Nakhodka,Pacific,95708.3,112598.0,1,54215306.4512
2022-08-12,Novoportovskoye,Arctic,64597.45,75997.0,1,35142175.5541
2022-08-12,Novorossiysk,Black sea,229866.481,263911.0,2,125051503.260658
2022-08-12,Ust Luga,Baltic,76670.646,88026.0,1,41710211.495628
2022-08-13,Nakhodka,Pacific,208020.5,244730.0,2,117836124.512
2022-08-13,Novorossiysk,Black sea,86115.77,98870.0,1,46090537.95632
2022-08-13,Primorsk,Baltic,200850.858,230598.0,2,107498592.815328
2022-08-13,Ust Luga,Baltic,99219.965,113915.0,1,53104112.78744
2022-08-14,Murmansk,Arctic,146916.804,173070.0,2,79508625.87521
2022-08-14,Nakhodka,Pacific,96827.75,113915.0,1,54849434.576
2022-08-14,Novoportovskoye,Arctic,64597.45,75997.0,1,34617256.6754
2022-08-14,Novorossiysk,Black sea,142992.941,164171.0,1,76628773.138372
2022-08-14,Primorsk,Baltic,97481.449,111919.0,1,52239528.667508
2022-08-14,Prirazlomnoye Field,Arctic,66218.88,72768.0,1,35486168.04096
2022-08-14,Ust Luga,Baltic,189830.095,217945.0,2,101728429.26974
2022-08-14,Varandey,Arctic,69143.151,81633.0,1,37053261.475692
2022-08-15,Nakhodka,Pacific,207741.7,244402.0,2,113933026.9812
2022-08-15,Novorossiysk,Black sea,222062.56,267748.0,2,113135544.81856
2022-08-15,Prigorodnoye,Pacific,95856.03,119970.0,1,52570897.66908
2022-08-15,Primorsk,Baltic,101090.002,116062.0,1,51502929.858952
2022-08-16,Nakhodka,Pacific,104010.25,122365.0,1,55997246.4155
2022-08-16,Novoportovskoye,Arctic,64597.45,75997.0,1,31309479.6507
2022-08-16,Primorsk,Baltic,75452.117,86627.0,1,36570584.780262
2022-08-16,St Petersburg,Baltic,3414.684,4134.0,1,2230010.60646
2022-08-16,Ust Luga,Baltic,85020.923,97613.0,1,41208451.085178
2022-08-16,Yuri Korchagin,Caspian Sea,12671.308,14548.0,1,6141605.589288
2022-08-17,Nakhodka,Pacific,100440.25,118165.0,1,52861301.814
2022-08-17,Novorossiysk,Black sea,86115.77,98870.0,1,43188953.20194
2022-08-17,Primorsk,Baltic,101090.002,116062.0,1,50698859.983044
2022-08-17,Ust Luga,Baltic,76094.915,87365.0,1,38163273.96063
2022-08-18,Novoportovskoye,Arctic,41174.0,48440.0,1,20480400.514
2022-08-18,Novorossiysk,Black sea,135838.92,168744.0,1,67567773.03612
2022-08-18,Primorsk,Baltic,199953.728,229568.0,3,99459183.798208
2022-08-18,Prirazlomnoye Field,Arctic,66050.53,72583.0,1,32854260.17783
2022-08-18,Varandey,Arctic,69143.151,81633.0,1,34392563.882061
2022-08-19,Murmansk,Arctic,143565.653,169499.0,1,73508054.952101
2022-08-19,Nakhodka,Pacific,103050.6,121236.0,1,57695454.675
2022-08-19,Primorsk,Baltic,101090.002,116062.0,1,51759799.554034
2022-08-19,Ust Luga,Baltic,155275.783,178273.0,3,79503840.584311
2022-08-20,Murmansk,Arctic,199953.15,235239.0,2,101707169.51325
2022-08-20,Nakhodka,Pacific,198032.15,232979.0,3,110873249.98125
2022-08-20,Novorossiysk,Black sea,146468.231,168161.0,1,74501798.039305
2022-08-20,Primorsk,Baltic,101090.002,116062.0,1,51419934.96731
2022-08-20,Ust Luga,Baltic,101090.002,116062.0,1,51419934.96731
2022-08-21,Novoportovskoye,Arctic,64597.45,75997.0,1,32759627.80575
2022-08-21,Novorossiysk,Black sea,86115.77,98870.0,1,43672321.01895
2022-08-21,Primorsk,Baltic,101090.002,116062.0,1,51266278.16427
2022-08-21,Prirazlomnoye Field,Arctic,2952.04,3244.0,1,1497082.8054
2022-08-22,Nakhodka,Pacific,198358.55,233363.0,2,111500911.4089
2022-08-22,Novoportovskoye,Arctic,39110.2,46012.0,1,19822496.4374
2022-08-22,Primorsk,Baltic,101090.002,116062.0,1,51236153.343674
2022-08-22,Ust Luga,Baltic,198567.967,227977.0,2,100641592.690379
2022-08-22,Varandey,Arctic,69143.151,81633.0,1,35044307.223387
2022-08-23,Nakhodka,Pacific,104010.25,122365.0,1,60807512.4575
2022-08-23,Novorossiysk,Black sea,86115.77,98870.0,1,48039682.2945
2022-08-23,Primorsk,Baltic,96849.103,111193.0,1,54027272.10855
2022-08-23,Ust Luga,Baltic,70029.271,80401.0,1,39065828.82735
2022-08-24,Nakhodka,Pacific,103694.05,121993.0,1,62849171.0931
2022-08-24,Novoportovskoye,Arctic,64597.45,75997.0,1,36165592.95445
2022-08-24,Novorossiysk,Black sea,138735.31,172342.0,1,77672489.39191
2022-08-24,Primorsk,Baltic,200309.967,229977.0,2,112145738.434587
2022-08-24,Yuri Korchagin,Caspian Sea,12005.864,13784.0,1,6721615.024904
2022-08-25,Nakhodka,Pacific,104010.25,122365.0,1,63123092.65325
2022-08-25,Primorsk,Baltic,71574.425,82175.0,1,39241465.824925
2022-08-25,Ust Luga,Baltic,99226.933,113923.0,1,54402257.513513
2022-08-26,Murmansk,Arctic,105273.933726,121106.0,1,59509880.900236
2022-08-26,Nakhodka,Pacific,94104.35,110711.0,1,56136914.84465
2022-08-26,Novoportovskoye,Arctic,64597.45,75997.0,1,36516034.1207
2022-08-26,Novorossiysk,Black sea,86115.77,98870.0,1,48680039.16022
2022-08-26,Primorsk,Baltic,101090.002,116062.0,1,57144762.870572
2022-08-26,Ust Luga,Baltic,88663.445,101795.0,1,50120204.17027
2022-08-27,Nakhodka,Pacific,198712.15,233779.0,2,118539547.24885
2022-08-27,Novorossiysk,Black sea,230722.674,264894.0,2,129737436.094266
2022-08-27,Prigorodnoye,Pacific,26844.802,33598.0,1,16013971.340278
2022-08-27,Primorsk,Baltic,98619.846,113226.0,1,55454826.984414
2022-08-27,Ust Luga,Baltic,100161.516,114996.0,1,56321721.900444
2022-08-27,Varandey,Arctic,69143.151,81633.0,1,38879816.095659
2022-08-28,Murmansk,Arctic,99188.2,116692.0,1,55292759.6546
2022-08-28,Nakhodka,Pacific,104010.25,122365.0,1,62046170.52475
2022-08-28,Novorossiysk,Black sea,138735.31,172342.0,1,77338414.76543
2022-08-28,Primorsk,Baltic,101697.96,116760.0,1,56691832.89588
2022-08-28,Ust Luga,Baltic,101090.002,116062.0,1,56352924.884906
2022-08-29,Murmansk,Arctic,135138.95,158987.0,1,75720110.49135
2022-08-29,Nakhodka,Pacific,207741.7,244402.0,2,124638787.749
2022-08-29,Novoportovskoye,Arctic,41174.0,48440.0,1,23070327.462
2022-08-29,Novorossiysk,Black sea,86115.77,98870.0,1,48251785.43601
2022-08-29,Primorsk,Baltic,99219.965,113915.0,1,55594236.249045
2022-08-29,Ust Luga,Baltic,99298.355,114005.0,1,55638159.185115
2022-08-30,Nakhodka,Pacific,94104.35,110711.0,1,57596473.31315
2022-08-30,Novorossiysk,Black sea,228698.47,262570.0,2,124741979.57221
2022-08-30,Primorsk,Baltic,101090.002,116062.0,1,55138833.960886
2022-08-30,Ust Luga,Baltic,101090.002,116062.0,1,55138833.960886
2022-08-30,Yuri Korchagin,Caspian Sea,12005.864,13784.0,1,6548514.477752
2022-08-31,Nakhodka,Pacific,96827.75,113915.0,1,55640904.6045
2022-08-31,Novoportovskoye,Arctic,64597.45,75997.0,1,34076834.4087
2022-08-31,Novorossiysk,Black sea,86115.77,98870.0,1,45428307.68502
2022-08-31,Prigorodnoye,Pacific,62167.793,77807.0,1,35723976.233934
2022-08-31,Primorsk,Baltic,101090.002,116062.0,1,53327604.395052
2022-08-31,Ust Luga,Baltic,101090.002,116062.0,1,53327604.395052
2022-08-31,Varandey,Arctic,69143.151,81633.0,1,36474809.874426
2022-08-31,Yuri Korchagin,Caspian Sea,12005.864,13784.0,1,6333405.412464
2022-09-01,Nakhodka,Pacific,103927.8,122268.0,1,56535164.283
2022-09-01,Primorsk,Baltic,98567.586,113166.0,1,49269303.564858
2022-09-01,Ust Luga,Baltic,81944.551,94081.0,1,40960229.651003
2022-09-02,Murmansk,Arctic,101354.0,119240.0,1,50580409.638
2022-09-02,Nakhodka,Pacific,99057.3,116538.0,1,54699242.9454
2022-09-02,Novoportovskoye,Arctic,39110.2,46012.0,1,19517827.9794
2022-09-02,Novorossiysk,Black sea,86115.77,98870.0,1,42975816.67119
2022-09-02,Ust Luga,Baltic,82323.436,94516.0,1,41083263.765492
2022-09-03,Murmansk,Arctic,6631.954,8029.0,1,4220409.72675
2022-09-03,Nakhodka,Pacific,94158.75,110775.0,1,51994273.4325
2022-09-03,Primorsk,Baltic,302104.608,346848.0,3,149538155.704704
2022-09-03,Ust Luga,Baltic,101090.002,116062.0,1,50038337.909976
2022-09-04,Murmansk,Arctic,143138.765,168995.0,1,68886818.905135
2022-09-04,Nakhodka,Pacific,104010.25,122365.0,1,57434252.0295
2022-09-04,Novoportovskoye,Arctic,1391.45,1637.0,1,669647.83555
2022-09-04,Novorossiysk,Black sea,146468.231,168161.0,1,70489154.382829
2022-09-04,Primorsk,Baltic,199408.482,228942.0,2,95967126.638838
2022-09-04,Ust Luga,Baltic,101090.002,116062.0,1,48650473.272518
2022-09-04,Varandey,Arctic,69143.151,81633.0,1,33275763.707109
2022-09-05,Nakhodka,Pacific,94461.35,111131.0,1,52772911.3272
2022-09-05,Novorossiysk,Black sea,218962.75,268196.0,3,111730122.4425
2022-09-05,Primorsk,Baltic,101090.002,116062.0,1,51583195.32054
2022-09-06,Nakhodka,Pacific,103050.6,121236.0,1,58525527.258
2022-09-06,Novoportovskoye,Arctic,64597.45,75997.0,1,31645580.18305
2022-09-06,Primorsk,Baltic,101090.002,116062.0,2,49522879.989778
2022-09-06,Yuri Korchagin,Caspian Sea,12005.864,13784.0,1,5881540.709096
2022-09-07,Novoportovskoye,Arctic,64597.45,75997.0,1,29684466.1985
2022-09-07,Novorossiysk,Black sea,146468.231,168161.0,1,67306546.19143
2022-09-07,Primorsk,Baltic,202787.962,232822.0,2,93187152.17786
2022-09-07,Ust Luga,Baltic,101090.002,116062.0,1,46453888.61906
2022-09-08,Nakhodka,Pacific,95792.45,112697.0,1,50280499.0805
2022-09-08,Novoportovskoye,Arctic,64597.45,75997.0,1,30352274.6366
2022-09-08,Primorsk,Baltic,101090.002,116062.0,2,47498957.059736
2022-09-08,Ust Luga,Baltic,101090.002,116062.0,1,47498957.059736
2022-09-08,Varandey,Arctic,69143.151,81633.0,1,32488154.074068
2022-09-09,Primorsk,Baltic,202787.962,232822.0,2,100940344.329006
2022-09-09,Ust Luga,Baltic,101090.002,116062.0,1,50318862.665526
2022-09-10,Nakhodka,Pacific,99223.05,116733.0,1,54249309.58005
2022-09-10,Novoportovskoye,Arctic,41174.0,48440.0,1,20563983.734
2022-09-10,Novorossiysk,Black sea,222025.772,258882.0,2,110888773.593452
2022-09-10,Primorsk,Baltic,101697.96,116760.0,1,50792130.84036
2022-09-11,Murmansk,Arctic,280896.575,331049.0,2,140456433.500675
2022-09-11,Nakhodka,Pacific,199838.4,235104.0,2,109259846.6544
2022-09-11,Novorossiysk,Black sea,86115.77,98870.0,1,43060382.35733
2022-09-11,Prigorodnoye,Pacific,89017.389,111411.0,1,48669456.279249
2022-09-11,Primorsk,Baltic,99440.328,114168.0,1,49723047.769512
2022-09-11,Ust Luga,Baltic,200566.041,230271.0,2,100288836.915189
2022-09-12,Nakhodka,Pacific,199533.25,234745.0,2,112752647.9765
2022-09-12,Primorsk,Baltic,101090.002,116062.0,1,51317935.155292
2022-09-12,Varandey,Arctic,69143.151,81633.0,1,35100244.032546
2022-09-12,Yuri Korchagin,Caspian Sea,12005.864,13784.0,1,6094728.836144
2022-09-13,Nakhodka,Pacific,90329.5,106270.0,1,52397071.747
2022-09-13,Novoportovskoye,Arctic,64597.45,75997.0,1,32350661.3498
2022-09-13,Primorsk,Baltic,97143.501,111531.0,1,48649853.874804
2022-09-13,Ust Luga,Baltic,84101.147,96557.0,1,42118190.822188
2022-09-14,Novorossiysk,Black sea,233299.996,271826.0,3,118198410.073452
2022-09-15,Nakhodka,Pacific,94104.35,110711.0,1,55538693.4917
2022-09-15,Novoportovskoye,Arctic,39513.1,46486.0,1,18995804.2857
2022-09-15,Novorossiysk,Black sea,138735.31,172342.0,1,66696584.07657
2022-09-15,Ust Luga,Baltic,93784.054,107674.0,1,45086402.608338
2022-09-16,Nakhodka,Pacific,195443.05,229933.0,2,111917335.4937
2022-09-16,Ust Luga,Baltic,101090.002,116062.0,1,49588487.401076
2022-09-16,Yuri Korchagin,Caspian Sea,12005.864,13784.0,1,5889332.514832
2022-09-17,Murmansk,Arctic,140284.85,165041.0,1,68980445.58745
2022-09-17,Nakhodka,Pacific,104010.25,122365.0,1,59559805.4985
2022-09-17,Novoportovskoye,Arctic,39110.2,46012.0,1,19231150.2134
2022-09-17,Primorsk,Baltic,101090.002,116062.0,1,49707672.513434
2022-09-17,Varandey,Arctic,69143.151,81633.0,1,33998862.780267
2022-09-18,Nakhodka,Pacific,198607.6,233656.0,2,113729464.4184
2022-09-18,Novorossiysk,Black sea,164580.616,189916.0,2,79321767.429208
2022-09-18,Primorsk,Baltic,101090.002,116062.0,1,48721640.633926
2022-09-18,Ust Luga,Baltic,91909.662,105522.0,1,44297056.426506
2022-09-19,Prigorodnoye,Pacific,89012.595,111405.0,1,50639443.32069
2022-09-19,Primorsk,Baltic,101090.002,116062.0,1,49733046.103936
2022-09-19,Prirazlomnoye Field,Arctic,66551.94,73134.0,1,32741424.81792
2022-09-19,Ust Luga,Baltic,97809.816,112296.0,1,48119299.557888
2022-09-19,Yuri Korchagin,Caspian Sea,12005.864,13784.0,1,5906500.900352
2022-09-20,Murmansk,Arctic,134661.989,158987.0,1,66757199.764871
2022-09-20,Nakhodka,Pacific,104010.25,122365.0,1,61135040.73475
2022-09-20,Novorossiysk,Black sea,86115.77,98870.0,1,42690945.70403
2022-09-20,Primorsk,Baltic,101697.96,116760.0,1,50415644.99244
2022-09-20,Ust Luga,Baltic,101090.002,116062.0,1,50114256.501478
2022-09-21,Kaliningrad,Baltic,35812.608,43044.0,1,18131135.553024
2022-09-21,Nakhodka,Pacific,201348.85,236881.0,2,120070359.7205
2022-09-21,Novoportovskoye,Arctic,65988.9,77634.0,2,33408728.3142
2022-09-21,Novorossiysk,Black sea,82655.32,98870.0,1,41846570.09896
2022-09-21,Primorsk,Baltic,201821.152,231712.0,3,102177609.192256
2022-09-21,Ust Luga,Baltic,99859.279,114649.0,1,50556556.053562
2022-09-21,Varandey,Arctic,69143.151,81633.0,1,35005656.201978
2022-09-22,Makhachkala Port,Caspian Sea,2039.394,2469.0,1,1221397.145388
2022-09-22,Nakhodka,Pacific,104010.25,122365.0,1,61186421.79825
2022-09-22,Novorossiysk,Black sea,221136.005,266597.0,2,111584343.57898
2022-09-22,Primorsk,Baltic,99098.896,113776.0,1,50004906.526016
2022-09-22,Ust Luga,Baltic,95151.524,109244.0,1,48013078.404304
2022-09-23,Murmansk,Arctic,105273.933726,121106.0,1,49294730.015067
2022-09-23,Novoportovskoye,Arctic,105771.45,124437.0,2,49527693.0054
2022-09-23,Novorossiysk,Black sea,151741.265,174215.0,1,71053150.81878
2022-09-23,Primorsk,Baltic,98260.123,112813.0,1,46010499.114996
2022-09-23,Prirazlomnoye Field,Arctic,66041.43,72573.0,1,30924031.68036
2022-09-23,Ust Luga,Baltic,101090.002,116062.0,1,47335595.616504
2022-09-24,Nakhodka,Pacific,104010.25,122365.0,1,60997435.174
2022-09-24,Novorossiysk,Black sea,86115.77,98870.0,1,39811062.12369
2022-09-24,Primorsk,Baltic,101697.96,116760.0,1,47014661.81412
2022-09-25,Kaliningrad,Baltic,23688.704,28472.0,1,10869016.990208
2022-09-25,Nakhodka,Pacific,193327.4,227444.0,2,113378013.6944
2022-09-25,Ust Luga,Baltic,99121.542,113802.0,2,45479639.751234
2022-09-25,Varandey,Arctic,69143.151,81633.0,1,31724744.543877
2022-09-26,Nakhodka,Pacific,103050.6,121236.0,1,58680412.3098
2022-09-26,Novorossiysk,Black sea,229123.551,267031.0,2,102501628.269564
2022-09-26,Primorsk,Baltic,200850.858,230598.0,2,89853443.238312
2022-09-26,Prirazlomnoye Field,Arctic,2740.92,3012.0,1,1226188.93488
2022-09-26,Ust Luga,Baltic,101090.002,116062.0,1,45224027.654728
2022-09-26,Yuri Korchagin,Caspian Sea,12005.864,13784.0,1,5370991.342496
2022-09-27,Murmansk,Arctic,134661.989,158987.0,1,62429163.438411
2022-09-27,Nakhodka,Pacific,90598.95,106587.0,1,51838997.80995
2022-09-27,Primorsk,Baltic,183918.618,211158.0,2,85264487.386182
2022-09-27,Ust Luga,Baltic,101090.002,116062.0,1,46865223.837198
2022-09-28,Prigorodnoye,Pacific,95856.03,119970.0,1,55677687.45741
2022-09-28,Ust Luga,Baltic,79951.703,91793.0,1,38670639.948525
2022-09-29,Nakhodka,Pacific,197798.4,232704.0,2,117681147.072
2022-09-29,Novoportovskoye,Arctic,104110.55,122483.0,2,50341615.347
2022-09-29,Novorossiysk,Black sea,229108.711,263041.0,2,110783226.11694
2022-09-29,Primorsk,Baltic,198320.603,227693.0,2,95895944.37462
2022-09-29,Varandey,Arctic,69143.151,81633.0,1,33433479.23454
2022-09-30,Nakhodka,Pacific,96731.7,113802.0,1,58460770.212
2022-09-30,Novoportovskoye,Arctic,39110.2,46012.0,1,18736875.5058
2022-09-30,Novorossiysk,Black sea,86115.77,98870.0,1,41256256.97583
2022-09-30,Primorsk,Baltic,314446.678,361018.0,3,150644800.049562
2022-09-30,Ust Luga,Baltic,101090.002,116062.0,1,48430097.068158
2022-09-30,Yuri Korchagin,Caspian Sea,9180.34,10540.0,1,4398108.10686
2022-10-01,Nakhodka,Pacific,99057.3,116538.0,1,59866269.828
2022-10-01,Novoportovskoye,Arctic,64597.45,75997.0,1,31091398.6595
2022-10-01,Novorossiysk,Black sea,135946.79,168878.0,1,65432549.4949
2022-10-01,Prirazlomnoye Field,Arctic,66218.88,72768.0,1,31871809.1328
2022-10-01,Ust Luga,Baltic,101090.002,116062.0,1,48655628.86262
2022-10-02,Nakhodka,Pacific,96827.75,113915.0,1,58518818.99
2022-10-02,Novorossiysk,Black sea,82655.32,98870.0,1,40515902.10228
2022-10-02,Primorsk,Baltic,200242.9,229900.0,2,98154864.4791
2022-10-03,Murmansk,Arctic,203937.393802,237777.0,2,102270728.181221
2022-10-03,Nakhodka,Pacific,95792.45,112697.0,1,56483060.218
2022-10-03,Primorsk,Baltic,100321.78,115180.0,1,50309466.55618
2022-10-03,Ust Luga,Baltic,101089.131,116061.0,1,50694278.503011
2022-10-03,Yuri Korchagin,Caspian Sea,12005.864,13784.0,1,6020712.684584
2022-10-04,Murmansk,Arctic,143154.45,168417.0,1,75133754.1558
2022-10-04,Nakhodka,Pacific,103923.55,122263.0,1,61267297.5141
2022-10-04,Novoportovskoye,Arctic,64597.45,75997.0,1,33903584.0478
2022-10-04,Novorossiysk,Black sea,229866.481,263911.0,2,120644043.353964
2022-10-04,Primorsk,Baltic,98475.26,113060.0,1,51684149.35944
2022-10-04,Ust Luga,Baltic,76661.065,88015.0,1,40235099.99886
2022-10-04,Varandey,Arctic,69143.151,81633.0,1,36289367.943444
2022-10-05,Nakhodka,Pacific,100741.15,118519.0,1,60830327.1222
2022-10-05,Novoportovskoye,Arctic,41174.0,48440.0,1,21492086.868
2022-10-05,Primorsk,Baltic,245876.332,282292.0,2,128343019.530024
2022-10-05,Ust Luga,Baltic,96749.809,111079.0,1,50501658.801438
2022-10-06,Nakhodka,Pacific,204085.0,240100.0,2,127114342.25
2022-10-06,Prirazlomnoye Field,Arctic,66551.94,73134.0,1,35718758.9577
2022-10-06,Yuri Korchagin,Caspian Sea,18361.551,21081.0,1,9854736.229455
2022-10-07,Murmansk,Arctic,102940.1,121106.0,1,58162288.8411
2022-10-07,Nakhodka,Pacific,103731.45,122037.0,1,66183154.6548
2022-10-07,Novorossiysk,Black sea,229866.481,263911.0,2,129877090.296291
2022-10-07,Primorsk,Baltic,202787.962,232822.0,2,114577429.197582
2022-10-08,Nakhodka,Pacific,104010.25,122365.0,1,66361035.746
2022-10-08,Prigorodnoye,Pacific,89017.389,111411.0,1,56795230.599336
2022-10-08,Primorsk,Baltic,101697.96,116760.0,1,56383077.88932
2022-10-08,Ust Luga,Baltic,179210.863,205753.0,2,99357549.031871
2022-10-08,Varandey,Arctic,69143.151,81633.0,1,38334138.347967
2022-10-09,Nakhodka,Pacific,188806.25,222125.0,2,120462918.85
2022-10-09,Novoportovskoye,Arctic,64597.45,75997.0,1,36059071.7594
2022-10-09,Primorsk,Baltic,96795.101,111131.0,1,54032186.919412
2022-10-10,Nakhodka,Pacific,103520.65,121789.0,1,68764316.40705
2022-10-10,Novoportovskoye,Arctic,39513.1,46486.0,1,21875874.6316
2022-10-10,Novorossiysk,Black sea,86115.77,98870.0,1,47676790.43972
2022-10-10,Primorsk,Baltic,200270.772,229932.0,2,110877109.126992
2022-10-10,Ust Luga,Baltic,99151.156,113836.0,1,54893649.403216
2022-10-11,Murmansk,Arctic,142691.549,168467.0,1,76593969.67222
2022-10-11,Novoportovskoye,Arctic,39110.2,46012.0,1,20993573.156
2022-10-11,Novorossiysk,Black sea,146468.231,168161.0,1,78621217.03618
2022-10-11,Ust Luga,Baltic,101090.002,116062.0,1,54263091.27356
2022-10-11,Yuri Korchagin,Caspian Sea,12005.864,13784.0,1,6444507.67792
2022-10-12,Nakhodka,Pacific,104010.25,122365.0,1,66773540.3975
2022-10-12,Novorossiysk,Black sea,86115.77,98870.0,1,44647409.88266
2022-10-12,Prirazlomnoye Field,Arctic,66050.53,72583.0,1,34244425.68274
2022-10-13,Nakhodka,Pacific,198621.2,233672.0,2,124598058.078
2022-10-13,Novoportovskoye,Arctic,64597.45,75997.0,1,34388646.29985
2022-10-13,Novorossiysk,Black sea,278695.32,332784.0,2,148364289.68796
2022-10-13,Primorsk,Baltic,200917.925,230675.0,2,106959260.127525
2022-10-13,Ust Luga,Baltic,86295.196,99076.0,1,45939506.476188
2022-10-13,Varandey,Arctic,69143.151,81633.0,1,36808563.864303
2022-10-14,Nakhodka,Pacific,191721.75,225555.0,2,122172192.80475
2022-10-14,Novorossiysk,Black sea,86115.77,98870.0,1,44578000.57204
2022-10-14,Primorsk,Baltic,101090.002,116062.0,1,52329441.715304
2022-10-14,Yuri Korchagin,Caspian Sea,18361.551,21081.0,1,9504893.598252
2022-10-15,Makhachkala Port,Caspian Sea,2008.832,2432.0,1,1168515.477248
2022-10-15,Nakhodka,Pacific,103050.6,121236.0,1,65667655.1922
2022-10-15,Novoportovskoye,Arctic,64597.45,75997.0,1,33611732.7687
2022-10-15,Prigorodnoye,Pacific,89012.595,111405.0,1,56722119.000015
2022-10-15,Prirazlomnoye Field,Arctic,66041.43,72573.0,1,34363073.10618
2022-10-15,Ust Luga,Baltic,92917.409,106679.0,1,48347343.755334
2022-10-16,Murmansk,Arctic,104910.4,123424.0,1,54983645.5504
2022-10-16,Nakhodka,Pacific,104010.25,122365.0,1,66279179.67925
2022-10-16,Primorsk,Baltic,101090.002,116062.0,1,52981371.138202
2022-10-16,Prirazlomnoye Field,Arctic,2952.04,3244.0,1,1547167.11604
2022-10-16,Ust Luga,Baltic,99348.002,114062.0,1,52068387.196202
2022-10-16,Yuri Korchagin,Caspian Sea,6650.085,7635.0,1,3485316.198585
2022-10-17,Nakhodka,Pacific,100741.15,118519.0,1,62701694.7246
2022-10-17,Novorossiysk,Black sea,86115.77,98870.0,1,43851097.35747
2022-10-17,Ust Luga,Baltic,98318.48,112880.0,1,50064851.51928
2022-10-17,Varandey,Arctic,69143.151,81633.0,1,35208453.063861
2022-10-17,Yuri Korchagin,Caspian Sea,12005.864,13784.0,1,6113518.013304
2022-10-18,Nakhodka,Pacific,94461.35,111131.0,1,57885159.5892
2022-10-18,Novoportovskoye,Arctic,41174.0,48440.0,1,20173242.474
2022-10-18,Primorsk,Baltic,101090.002,116062.0,1,49529147.569902
2022-10-18,Prirazlomnoye Field,Arctic,2740.92,3012.0,1,1342916.49492
2022-10-19,Murmansk,Arctic,100197.391086,115266.0,1,51369098.264579
2022-10-19,Nakhodka,Pacific,103694.05,121993.0,1,62199631.5639
2022-10-19,Novorossiysk,Black sea,86115.77,98870.0,1,44149746.84783
2022-10-19,Primorsk,Baltic,98367.256,112936.0,1,50430826.438824
2022-10-19,Yuri Korchagin,Caspian Sea,18361.551,21081.0,2,9413581.605129
2022-10-20,De Kastri,Pacific,95145.31,112598.0,1,59332425.02538
2022-10-20,Murmansk,Arctic,143146.388,169004.0,1,72336879.97998
2022-10-20,Nakhodka,Pacific,208760.0,245600.0,3,130182318.48
2022-10-20,Novoportovskoye,Arctic,64597.45,75997.0,1,32643352.39575
2022-10-20,Novorossiysk,Black sea,138622.61,172202.0,1,70050856.62435
2022-10-20,Primorsk,Baltic,202180.004,232124.0,2,102168632.32134
2022-10-20,Ust Luga,Baltic,101090.002,116062.0,1,51084316.16067
2022-10-21,Murmansk,Arctic,96839.65,113929.0,1,49105740.24095
2022-10-21,Nakhodka,Pacific,104010.25,122365.0,1,65966004.8165
2022-10-21,Primorsk,Baltic,101090.002,116062.0,1,51261021.484166
2022-10-21,Ust Luga,Baltic,187757.115,215565.0,2,95208441.145545
2022-10-21,Varandey,Arctic,69143.151,81633.0,1,35061316.438533
2022-10-22,Nakhodka,Pacific,94701.9,111414.0,1,60062407.2294
2022-10-22,Novoportovskoye,Arctic,39513.1,46486.0,1,20000345.827
2022-10-22,Novorossiysk,Black sea,146517.007,168217.0,1,74162513.43319
2022-10-22,Primorsk,Baltic,101090.002,116062.0,1,51168726.31234
2022-10-23,Nakhodka,Pacific,94104.35,110711.0,1,59683425.4831
2022-10-23,Novorossiysk,Black sea,144072.11,165410.0,1,72935064.9664
2022-10-23,Primorsk,Baltic,167406.2,192200.0,2,84747714.688
2022-10-23,Prirazlomnoye Field,Arctic,66551.94,73134.0,1,33691254.1056
2022-10-23,Ust Luga,Baltic,101090.002,116062.0,2,51175802.61248
2022-10-24,Nakhodka,Pacific,103373.6,121616.0,1,64756841.116
2022-10-24,Novoportovskoye,Arctic,39110.2,46012.0,1,19947179.755
2022-10-24,Prigorodnoye,Pacific,95856.03,119970.0,1,60047572.15305
2022-10-24,Ust Luga,Baltic,99179.899,113869.0,1,50584227.987475
2022-10-24,Yuri Korchagin,Caspian Sea,13267.943,15233.0,1,6766982.628575
2022-10-25,Murmansk,Arctic,140284.85,165041.0,1,71828508.61215
2022-10-25,Nakhodka,Pacific,201608.1,237186.0,2,125396004.4299
2022-10-25,Novorossiysk,Black sea,143251.108,171353.0,1,73347289.067052
2022-10-25,Primorsk,Baltic,202180.004,232124.0,2,103520003.468076
2022-10-25,Ust Luga,Baltic,178940.853,205443.0,2,91621116.612207
2022-10-25,Yuri Korchagin,Caspian Sea,12005.864,13784.0,1,6147230.479416
2022-10-26,Makhachkala Port,Caspian Sea,3377.514,4089.0,1,1990838.474646
2022-10-26,Nakhodka,Pacific,99223.05,116733.0,1,61104530.8815
2022-10-26,Novoportovskoye,Arctic,11146.9,13114.0,1,5665177.8401
2022-10-26,Novorossiysk,Black sea,232584.001,267031.0,2,118205934.244229
2022-10-26,Primorsk,Baltic,99087.573,113763.0,1,50359178.138217
2022-10-26,Varandey,Arctic,69143.151,81633.0,1,35140554.489579
2022-10-27,Murmansk,Arctic,71631.56,78716.0,1,36843764.51756
2022-10-27,Nakhodka,Pacific,100399.45,118117.0,1,63475142.6757
2022-10-27,Primorsk,Baltic,101090.002,116062.0,1,51995743.618702
2022-10-27,Ust Luga,Baltic,68363.048,78488.0,1,35162602.101848
2022-10-28,Nakhodka,Pacific,104010.25,122365.0,1,66447468.26375
2022-10-28,Novoportovskoye,Arctic,64597.45,75997.0,1,33705140.6814
2022-10-28,Novorossiysk,Black sea,82655.32,98870.0,1,43127231.62704
2022-10-28,Primorsk,Baltic,96215.015,110465.0,1,50202300.80658
2022-10-29,Nakhodka,Pacific,103520.65,121789.0,1,66134684.85575
2022-10-29,Novorossiysk,Black sea,225486.222,258882.0,2,110397152.346312
2022-10-29,Primorsk,Baltic,202180.004,232124.0,2,98986521.238384
2022-10-29,Prirazlomnoye Field,Arctic,66041.43,72573.0,1,32333619.96228
2022-10-29,Ust Luga,Baltic,99219.965,113915.0,1,48577697.98414
2022-10-29,Yuri Korchagin,Caspian Sea,13267.943,15233.0,1,6495931.821028
2022-10-30,Nakhodka,Pacific,103050.6,121236.0,1,65834391.063
2022-10-30,Novoportovskoye,Arctic,41174.0,48440.0,1,19717034.554
2022-10-30,Novorossiysk,Black sea,137903.745,171309.0,1,66038104.271895
2022-10-30,Primorsk,Baltic,101697.96,116760.0,1,48700203.80316
2022-10-30,Ust Luga,Baltic,101090.002,116062.0,1,48409070.347742
2022-10-30,Varandey,Arctic,69143.151,81633.0,1,33110649.862521
2022-10-31,De Kastri,Pacific,90981.995,107671.0,1,57190736.16503
2022-10-31,Murmansk,Arctic,142926.168,168744.0,1,69804282.894192
2022-10-31,Nakhodka,Pacific,97617.4,114844.0,1,61361711.9356
2022-10-31,Primorsk,Baltic,99219.965,113915.0,1,48458435.58621
2022-10-31,Yuri Korchagin,Caspian Sea,12005.864,13784.0,1,5863591.942416
2022-11-01,Nakhodka,Pacific,99398.15,116939.0,1,61962421.1544
2022-11-01,Novoportovskoye,Arctic,64597.45,75997.0,1,32819897.2266
2022-11-01,Novorossiysk,Black sea,82655.32,98870.0,1,41994523.12176
2022-11-01,Prigorodnoye,Pacific,89017.389,111411.0,1,55491303.885264
2022-11-01,Primorsk,Baltic,98820.176,113456.0,1,50207369.179968
2022-11-01,Ust Luga,Baltic,99316.646,114026.0,1,50459609.699928
2022-11-02,Murmansk,Arctic,100647.65,118409.0,1,51766105.8245
2022-11-02,Nakhodka,Pacific,95702.35,112591.0,1,59935415.03215
2022-11-02,Novorossiysk,Black sea,86115.77,98870.0,1,44291923.9841
2022-11-02,Primorsk,Baltic,101697.96,116760.0,1,52306311.7668
2022-11-02,Prirazlomnoye Field,Arctic,2740.92,3012.0,1,1409737.3836
2022-11-02,Ust Luga,Baltic,101090.002,116062.0,1,51993620.72866
2022-11-03,Murmansk,Arctic,104540.128,123424.0,1,54355430.473344
2022-11-03,Nakhodka,Pacific,207704.3,244358.0,2,130818814.6776
2022-11-03,Novoportovskoye,Arctic,20455.25,24065.0,1,10635666.327
2022-11-03,Primorsk,Baltic,101697.96,116760.0,1,52877650.90608
2022-11-03,Ust Luga,Baltic,101090.002,116062.0,1,52561544.359896
2022-11-03,Yuri Korchagin,Caspian Sea,18361.551,21081.0,1,9547051.719348
2022-11-04,De Kastri,Pacific,93905.695,111131.0,1,60175802.318645
2022-11-04,Murmansk,Arctic,140284.85,165041.0,1,76865295.86655
2022-11-04,Nakhodka,Pacific,94701.9,111414.0,1,60686019.2409
2022-11-04,Novorossiysk,Black sea,151741.265,174215.0,1,83142529.142595
2022-11-04,Primorsk,Baltic,202180.004,232124.0,2,110779074.331692
2022-11-04,Varandey,Arctic,69143.151,81633.0,1,37885122.725373
2022-11-05,Nakhodka,Pacific,100741.15,118519.0,1,64556037.07265
2022-11-05,Novoportovskoye,Arctic,39110.2,46012.0,1,21458671.6544
2022-11-05,Novorossiysk,Black sea,232584.001,267031.0,2,127612328.996672
2022-11-05,Primorsk,Baltic,101090.002,116062.0,1,55465253.577344
2022-11-05,Ust Luga,Baltic,101089.131,116061.0,1,55464775.684032
2022-11-05,Yuri Korchagin,Caspian Sea,13267.943,15233.0,1,7279748.821696
2022-11-06,Nakhodka,Pacific,100074.75,117735.0,1,64129000.62225
2022-11-06,Primorsk,Baltic,93886.832,107792.0,2,52064097.704112
2022-11-06,Ust Luga,Baltic,98475.26,113060.0,1,54608569.15566
2022-11-07,Nakhodka,Pacific,103373.6,121616.0,1,65958042.348
2022-11-07,Novoportovskoye,Arctic,13005.0,15300.0,1,7180892.82
2022-11-07,Novorossiysk,Black sea,136152.065,169133.0,2,75178268.81866
2022-11-07,Primorsk,Baltic,101090.002,116062.0,1,55818259.864328
2022-11-07,Yuri Korchagin,Caspian Sea,12005.864,13784.0,1,6629205.889696
2022-11-08,De Kastri,Pacific,93905.695,111131.0,1,59436107.15913
2022-11-08,Murmansk,Arctic,102724.16,121280.0,1,54210415.50848
2022-11-08,Nakhodka,Pacific,96827.75,113915.0,1,61285575.1185
2022-11-08,Novorossiysk,Black sea,144606.904,166024.0,1,76313112.234112
2022-11-08,Primorsk,Baltic,200309.967,229977.0,2,105709178.264976
2022-11-08,Prirazlomnoye Field,Arctic,66218.88,72768.0,1,34945557.10464
2022-11-08,Ust Luga,Baltic,193332.386,221966.0,3,102026913.399008
2022-11-08,Varandey,Arctic,69143.151,81633.0,1,36488776.790928
2022-11-09,Nakhodka,Pacific,103731.45,122037.0,1,63651796.08045
2022-11-09,Novoportovskoye,Arctic,64597.45,75997.0,1,32279733.3497
2022-11-09,Prigorodnoye,Pacific,44506.697,55703.0,1,27310243.919837
2022-11-09,Primorsk,Baltic,96195.853,110443.0,1,48069644.919218
2022-11-10,Nakhodka,Pacific,205178.1,241386.0,2,123332145.5538
2022-11-10,Prigorodnoye,Pacific,44505.898,55702.0,1,26752406.276004
2022-11-10,Primorsk,Baltic,97843.785,112335.0,1,50049150.746985
2022-11-11,De Kastri,Pacific,100936.095,119451.0,2,61384588.982535
2022-11-11,Murmansk,Arctic,141120.4,166024.0,1,71756195.39
2022-11-11,Nakhodka,Pacific,85062.05,100073.0,1,51730740.89365
2022-11-11,Primorsk,Baltic,106013.765,121715.0,1,53905349.158375
2022-11-11,Prirazlomnoye Field,Arctic,66041.43,72573.0,1,33580416.11925
2022-11-11,Yuri Korchagin,Caspian Sea,12005.864,13784.0,1,6104681.6974
2022-11-12,Nakhodka,Pacific,203490.85,239401.0,2,123753570.90005
2022-11-12,Novoportovskoye,Arctic,41174.0,48440.0,1,20919850.616
2022-11-12,Novorossiysk,Black sea,82655.32,98870.0,1,41995845.60688
2022-11-12,Primorsk,Baltic,217371.115,249565.0,2,110442785.59366
2022-11-13,Murmansk,Arctic,99057.3,116538.0,1,49885355.3373
2022-11-13,Primorsk,Baltic,72884.409,83679.0,1,36704661.256809
2022-11-13,Ust Luga,Baltic,101090.002,116062.0,1,50909026.097202
2022-11-13,Varandey,Arctic,69143.151,81633.0,1,34820559.986751
2022-11-13,Yuri Korchagin,Caspian Sea,13267.943,15233.0,1,6681749.362743
2022-11-14,De Kastri,Pacific,95145.31,112598.0,1,57888119.21958
2022-11-14,Nakhodka,Pacific,104010.25,122365.0,1,63281708.2845
2022-11-14,Novoportovskoye,Arctic,64597.45,75997.0,1,31500042.1282
2022-11-14,Primorsk,Baltic,101090.002,116062.0,1,49295124.215272
2022-11-14,Prirazlomnoye Field,Arctic,2740.92,3012.0,1,1336571.26512
2022-11-14,Ust Luga,Baltic,100396.686,115266.0,1,48957038.374296
2022-11-15,Makhachkala Port,Caspian Sea,1897.322,2297.0,1,1144337.509826
2022-11-15,Nakhodka,Pacific,204251.6,240296.0,2,118105219.6744
2022-11-15,Novoportovskoye,Arctic,64597.45,75997.0,1,31777294.3836
2022-11-15,Ust Luga,Baltic,101090.002,116062.0,1,49729002.503856
2022-11-16,Murmansk,Arctic,102576.782,121106.0,1,49261166.057334
2022-11-16,Nakhodka,Pacific,104010.25,122365.0,1,61087716.071
2022-11-16,Novorossiysk,Black sea,86115.77,98870.0,1,41355979.03749
2022-11-16,Prigorodnoye,Pacific,47928.015,59985.0,1,28149273.48186
2022-11-16,Primorsk,Baltic,101697.96,116760.0,1,48839123.21652
2022-11-16,Prirazlomnoye Field,Arctic,66050.53,72583.0,1,31719908.37561
2022-11-16,Yuri Korchagin,Caspian Sea,2001.558,2298.0,1,961222.209246
2022-11-17,Ust Luga,Baltic,195779.896,224776.0,2,92172979.256904
2022-11-17,Varandey,Arctic,69143.151,81633.0,1,32552526.347649
2022-11-17,Yuri Korchagin,Caspian Sea,18361.551,21081.0,1,8644599.849249
2022-11-18,Murmansk,Arctic,140284.85,165041.0,1,63592665.63835
2022-11-18,Nakhodka,Pacific,103694.05,121993.0,1,58055291.46755
2022-11-18,Primorsk,Baltic,101090.002,116062.0,1,45825209.896622
2022-11-18,Ust Luga,Baltic,101090.002,116062.0,1,45825209.896622
2022-11-18,Yuri Korchagin,Caspian Sea,12005.864,13784.0,1,5442390.215704
2022-11-19,Kaliningrad,Baltic,10718.656,12883.0,1,4820436.850944
2022-11-19,Nakhodka,Pacific,199313.1,234486.0,2,111589624.6101
2022-11-19,Prigorodnoye,Pacific,47928.015,59985.0,1,26833505.686065
2022-11-19,Primorsk,Baltic,202180.004,232124.0,3,90925200.118896
2022-11-19,Ust Luga,Baltic,201179.225,230975.0,2,90475125.7839
2022-11-19,Yuri Korchagin,Caspian Sea,13267.943,15233.0,1,5966912.397732
2022-11-20,De Kastri,Pacific,90981.995,107671.0,1,50938180.522645
2022-11-20,Murmansk,Arctic,106116.55,124843.0,1,48613583.30325
2022-11-20,Nakhodka,Pacific,104010.25,122365.0,1,58232322.67775
2022-11-20,Novoportovskoye,Arctic,7955.15,9359.0,1,3644373.54225
2022-11-20,Novorossiysk,Black sea,221631.08,267212.0,2,101532522.2142
2022-11-21,Makhachkala Port,Caspian Sea,1755.25,2125.0,1,1057806.67825
2022-11-21,Nakhodka,Pacific,200991.0,236460.0,2,109497283.917
2022-11-21,Primorsk,Baltic,185738.137,213247.0,2,85188239.320639
2022-11-21,Prirazlomnoye Field,Arctic,2952.04,3244.0,1,1353944.28988
2022-11-22,Nakhodka,Pacific,100074.75,117735.0,1,54674338.54125
2022-11-22,Novoportovskoye,Arctic,39110.2,46012.0,1,17816651.61
2022-11-22,Prirazlomnoye Field,Arctic,66041.43,72573.0,1,30085173.4365
2022-11-22,Ust Luga,Baltic,101090.002,116062.0,1,46051550.4111
2022-11-22,Varandey,Arctic,69143.151,81633.0,1,31498162.43805
2022-11-23,Nakhodka,Pacific,100475.95,118207.0,1,54149905.6373
2022-11-23,Novoportovskoye,Arctic,13005.0,15300.0,1,5611150.305
2022-11-23,Primorsk,Baltic,198899.818,228358.0,2,85817514.374098
2022-11-24,De Kastri,Pacific,93905.695,111131.0,1,47083752.03883
2022-11-24,Nakhodka,Pacific,104010.25,122365.0,1,52150115.2885
2022-11-24,Novoportovskoye,Arctic,64597.45,75997.0,1,27832844.8917
2022-11-24,Novorossiysk,Black sea,236760.446,271826.0,2,102012026.326236
2022-11-24,Primorsk,Baltic,100731.15,115650.0,1,43401627.6759
2022-11-24,Ust Luga,Baltic,201416.137,231247.0,3,86783365.284642
2022-11-24,Yuri Korchagin,Caspian Sea,18361.551,21081.0,1,7911368.033166
2022-11-25,Murmansk,Arctic,275242.067,324398.0,3,116252890.870522
2022-11-25,Nakhodka,Pacific,206130.1,242506.0,2,107027901.1725
2022-11-25,Prirazlomnoye Field,Arctic,2740.92,3012.0,1,1157671.41672
2022-11-26,Makhachkala Port,Caspian Sea,2169.076,2626.0,1,1294322.354416
2022-11-26,Novoportovskoye,Arctic,41174.0,48440.0,1,17198544.496
2022-11-26,Novorossiysk,Black sea,326650.47,388408.0,3,136443207.92088
2022-11-26,Ust Luga,Baltic,198835.364,228284.0,2,83054326.884256
2022-11-26,Varandey,Arctic,69143.151,81633.0,1,28881370.745304
2022-11-27,Primorsk,Baltic,196976.65,226150.0,2,81559166.81575
2022-11-27,Ust Luga,Baltic,101090.002,116062.0,1,41856820.77811
2022-11-27,Yuri Korchagin,Caspian Sea,2286.375,2625.0,1,946685.000625
2022-11-28,Nakhodka,Pacific,197752.5,232650.0,3,94870575.36
2022-11-28,Novoportovskoye,Arctic,11146.9,13114.0,1,4608763.8333
2022-11-28,Novorossiysk,Black sea,86115.77,98870.0,1,35605167.91689
2022-11-28,Prigorodnoye,Pacific,89017.389,111411.0,1,42705558.268416
2022-11-28,Primorsk,Baltic,101090.002,116062.0,1,41796368.956914
2022-11-28,Ust Luga,Baltic,101090.002,116062.0,1,41796368.956914
2022-11-29,De Kastri,Pacific,95145.31,112598.0,2,48706406.51396
2022-11-29,Nakhodka,Pacific,96709.6,113776.0,1,49507191.5936
2022-11-29,Primorsk,Baltic,84698.653,97243.0,1,35103949.626421
2022-11-29,Ust Luga,Baltic,101090.002,116062.0,1,41897458.958914
2022-11-30,Novoportovskoye,Arctic,64597.45,75997.0,1,27828064.6804
2022-11-30,Primorsk,Baltic,99151.156,113836.0,2,42713524.795552
2022-11-30,Prirazlomnoye Field,Arctic,66551.94,73134.0,1,28670043.33648
2022-11-30,Yuri Korchagin,Caspian Sea,13267.943,15233.0,1,5715723.700856
2022-12-01,De Kastri,Pacific,95145.31,112598.0,1,48731715.16642
2022-12-01,Novorossiysk,Black sea,140133.595,174079.0,1,60453632.883
2022-12-01,Primorsk,Baltic,201091.254,230874.0,2,86750766.9756
2022-12-01,Ust Luga,Baltic,98318.48,112880.0,1,42414592.272
2022-12-01,Varandey,Arctic,69143.151,81633.0,1,29828355.3414
2022-12-02,Nakhodka,Pacific,96827.75,113915.0,1,48891816.774
2022-12-02,Novoportovskoye,Arctic,39513.1,46486.0,1,16383553.7316
2022-12-02,Primorsk,Baltic,97431.802,111862.0,1,40398732.654072
2022-12-02,Ust Luga,Baltic,99207.771,113901.0,1,41135113.336356
2022-12-03,Murmansk,Arctic,147749.42,162362.0,1,61072222.757
2022-12-03,Nakhodka,Pacific,101167.85,119021.0,1,51083289.5076
2022-12-03,Novorossiysk,Black sea,224624.836,261866.0,2,92848675.9606
2022-12-03,Primorsk,Baltic,105308.255,120905.0,1,43529167.20425
2022-12-03,Ust Luga,Baltic,101090.002,116062.0,1,41785552.3267
2022-12-04,Murmansk,Arctic,97401.612,114996.0,1,40198327.083684
2022-12-04,Nakhodka,Pacific,194845.5,229230.0,2,98384507.388
2022-12-04,Novoportovskoye,Arctic,39110.2,46012.0,1,16141053.3114
2022-12-04,Primorsk,Baltic,299139.724,343444.0,3,123457058.072868
2022-12-05,Makhachkala Port,Caspian Sea,2455.698,2973.0,1,1417286.455116
2022-12-05,Murmansk,Arctic,143154.45,168417.0,1,53996999.6133
2022-12-05,Nakhodka,Pacific,200838.0,236280.0,2,91154718.453929
2022-12-05,Ust Luga,Baltic,78365.612,89972.0,1,29559038.652728
2022-12-05,Yuri Korchagin,Caspian Sea,12005.864,13784.0,1,4528539.865616
2022-12-06,Nakhodka,Pacific,104010.25,122365.0,1,49976509.084
2022-12-06,Novoportovskoye,Arctic,11146.9,13114.0,1,3970492.3393
2022-12-06,Prirazlomnoye Field,Arctic,66551.94,73134.0,1,23705601.37218
2022-12-06,Varandey,Arctic,69143.151,81633.0,1,24628582.956747
2022-12-07,Nakhodka,Pacific,196316.85,230961.0,2,85193277.842904
2022-12-07,Novorossiysk,Black sea,82655.32,98870.0,1,28248034.19724
2022-12-07,Prigorodnoye,Pacific,89012.595,111405.0,1,40573275.989925
2022-12-07,Primorsk,Baltic,202180.004,232124.0,2,69096431.627028
2022-12-07,Ust Luga,Baltic,202180.004,232124.0,2,69096431.627028
2022-12-08,De Kastri,Pacific,93905.695,111131.0,2,38814110.69824
2022-12-08,Novoportovskoye,Arctic,64597.45,75997.0,1,21730840.5698
2022-12-08,Novorossiysk,Black sea,143750.711,165041.0,1,48358314.183244
2022-12-09,Nakhodka,Pacific,198471.6,233496.0,2,83460986.124759
2022-12-09,Novorossiysk,Black sea,229617.375,263625.0,2,75815524.11225
2022-12-09,Primorsk,Baltic,99298.355,114005.0,1,32786529.45061
2022-12-09,Ust Luga,Baltic,101090.002,116062.0,1,33378099.040364
2022-12-10,Nakhodka,Pacific,103520.65,121789.0,1,42626175.074221
2022-12-10,Novoportovskoye,Arctic,14862.25,17485.0,1,4864548.18525
2022-12-10,Primorsk,Baltic,97709.651,112181.0,1,31981248.159159
2022-12-11,De Kastri,Pacific,90981.995,107671.0,1,39136542.023215
2022-12-11,Ust Luga,Baltic,101090.002,116062.0,1,32982331.682534
2022-12-11,Varandey,Arctic,69143.151,81633.0,1,22559128.447317
2022-12-12,Murmansk,Arctic,141120.4,166024.0,1,46152438.9772
2022-12-12,Nakhodka,Pacific,203067.55,238903.0,2,84926801.494792
2022-12-12,Novoportovskoye,Arctic,11146.9,13114.0,1,3645515.6167
2022-12-12,Primorsk,Baltic,202180.004,232124.0,2,66121555.048172
2022-12-13,Ust Luga,Baltic,98884.63,113530.0,1,35165945.42838
2022-12-14,De Kastri,Pacific,93905.695,111131.0,2,40419366.436481
2022-12-14,Novoportovskoye,Arctic,64597.45,75997.0,1,24337864.4569
2022-12-14,Novorossiysk,Black sea,99356.32,123424.0,1,37433685.83584
2022-12-14,Prirazlomnoye Field,Arctic,66551.94,73134.0,1,25074242.01828
2022-12-14,Ust Luga,Baltic,84890.273,97463.0,1,31983429.036026
2022-12-15,Murmansk,Arctic,89134.892,105236.0,1,32693519.632004
2022-12-15,Novorossiysk,Black sea,278860.987,333145.0,3,102282584.838769
2022-12-15,Ust Luga,Baltic,101090.002,116062.0,1,37078498.563574
2022-12-15,Varandey,Arctic,69143.151,81633.0,1,25360808.925837
2022-12-15,Yuri Korchagin,Caspian Sea,12671.308,14548.0,1,4647671.047396
2022-12-16,Novoportovskoye,Arctic,39513.1,46486.0,1,13671295.5214
2022-12-16,Novorossiysk,Black sea,228085.286,261866.0,2,78916140.444284
2022-12-16,Yuri Korchagin,Caspian Sea,9061.013,10403.0,1,3135056.131922
2022-12-17,Primorsk,Baltic,97142.63,111530.0,1,34128828.77001
2022-12-18,De Kastri,Pacific,91604.76,108408.0,1,37506503.928561
2022-12-18,Nakhodka,Pacific,202226.9,237914.0,2,86363194.972344
2022-12-18,Novoportovskoye,Arctic,39110.2,46012.0,1,13767494.3836
2022-12-18,Novorossiysk,Black sea,86115.77,98870.0,1,30314301.12386
2022-12-18,Prigorodnoye,Pacific,95856.03,119970.0,1,42583178.62323
2022-12-18,Ust Luga,Baltic,101090.002,116062.0,1,35585500.324036
2022-12-19,Murmansk,Arctic,105365.953,124399.0,1,38200847.723962
2022-12-19,Nakhodka,Pacific,104010.25,122365.0,1,42670171.566415
2022-12-19,Primorsk,Baltic,101090.002,116062.0,1,36650584.585108
2022-12-19,Prirazlomnoye Field,Arctic,66041.43,72573.0,1,23943584.61222
2022-12-19,Ust Luga,Baltic,99152.898,113838.0,1,35948279.781492
2022-12-19,Varandey,Arctic,69143.151,81633.0,1,25068125.967654
2022-12-20,Makhachkala Port,Caspian Sea,4912.222,5947.0,1,2597528.959158
2022-12-20,Murmansk,Arctic,140284.85,165041.0,1,48551043.45165
2022-12-20,Nakhodka,Pacific,207933.8,244628.0,2,88816643.950754
2022-12-20,Novoportovskoye,Arctic,13005.0,15300.0,1,4500887.445
2022-12-20,Primorsk,Baltic,101697.96,116760.0,1,35196545.27844
2022-12-20,Ust Luga,Baltic,81913.195,94045.0,1,28349255.744355
2022-12-21,Murmansk,Arctic,110959.03,121933.0,1,39083875.85011
2022-12-21,Nakhodka,Pacific,193537.35,227691.0,2,83224821.047993
2022-12-21,Novorossiysk,Black sea,86115.77,98870.0,1,30333160.47749
2022-12-21,Primorsk,Baltic,101090.002,116062.0,1,35607639.034474
2022-12-22,De Kastri,Pacific,94040.895,111291.0,1,38453254.633851
2022-12-22,Primorsk,Baltic,101697.96,116760.0,1,35138882.53512
2022-12-22,Prirazlomnoye Field,Arctic,2740.92,3012.0,1,947048.16024
2022-12-22,Ust Luga,Baltic,96934.461,111291.0,1,33492988.833642
2022-12-23,Novoportovskoye,Arctic,11146.9,13114.0,1,4081482.0226
2022-12-23,Novorossiysk,Black sea,172664.427,198237.0,2,63221770.603758
2022-12-23,Primorsk,Baltic,197787.551,227081.0,3,72420702.948854
2022-12-23,Ust Luga,Baltic,97300.281,111711.0,2,35626887.089274
2022-12-24,Prirazlomnoye Field,Arctic,66050.53,72583.0,1,24380703.73466
2022-12-24,Varandey,Arctic,69143.151,81633.0,1,25522258.183422
2022-12-25,Novoportovskoye,Arctic,64211.55,75543.0,1,23384048.5866
2022-12-25,Novorossiysk,Black sea,135838.92,168744.0,1,49468731.17424
2022-12-25,Primorsk,Baltic,101090.002,116062.0,1,36814148.208344
2022-12-25,Ust Luga,Baltic,99219.965,113915.0,1,36133133.09398
2022-12-26,Nakhodka,Pacific,94104.35,110711.0,1,43610026.0857
2022-12-27,Nakhodka,Pacific,196806.45,231537.0,2,80542189.136983
2022-12-27,Novoportovskoye,Arctic,11146.9,13114.0,1,4091112.9442
2022-12-27,Novorossiysk,Black sea,86115.77,98870.0,1,31606037.67386
2022-12-27,Prigorodnoye,Pacific,89017.389,111411.0,2,43017742.251639
2022-12-27,Primorsk,Baltic,101090.002,116062.0,1,37101850.354036
2022-12-27,Ust Luga,Baltic,99180.77,113870.0,2,36401127.84386
2022-12-28,Nakhodka,Pacific,190944.0,224640.0,2,91940108.832
2022-12-28,Novorossiysk,Black sea,138599.617,159127.0,1,49942570.190929
2022-12-28,Primorsk,Baltic,101697.96,116760.0,1,36645537.81252
2022-12-28,Prirazlomnoye Field,Arctic,2952.04,3244.0,1,1063729.23748
2022-12-29,Murmansk,Arctic,153557.04,168744.0,1,54562041.00984
2022-12-29,Nakhodka,Pacific,104010.25,122365.0,1,48743675.59075
2022-12-29,Novoportovskoye,Arctic,64597.45,75997.0,1,22952830.53145
2022-12-29,Primorsk,Baltic,195113.581,224011.0,2,69327952.714501
2022-12-29,Varandey,Arctic,69143.151,81633.0,1,24568013.556471
2022-12-30,Murmansk,Arctic,140284.85,165041.0,1,51518769.4534
2022-12-30,Nakhodka,Pacific,303671.85,357261.0,3,123787023.373743
2022-12-30,Novorossiysk,Black sea,134598.243,154533.0,1,49430397.152292
2022-12-30,Primorsk,Baltic,98519.681,113111.0,2,36180761.729164
2022-12-31,Murmansk,Arctic,134017.422,158226.0,1,49563127.108572
2022-12-31,Nakhodka,Pacific,198811.6,233896.0,2,88052258.943933
2022-12-31,Novoportovskoye,Arctic,39513.1,46486.0,1,14612971.7206
2022-12-31,Prirazlomnoye Field,Arctic,66041.43,72573.0,1,24423837.89118
2022-12-31,Ust Luga,Baltic,202180.004,232124.0,2,74771422.159304
2023-01-01,De Kastri,Pacific,89798.15,106270.0,1,42656815.1945
2023-01-01,Kaliningrad,Baltic,18914.688,22734.0,1,7118788.719744
2023-01-01,Novorossiysk,Black sea,86115.77,98870.0,1,32410789.54451
2023-01-01,Ust Luga,Baltic,84648.135,97185.0,1,31858426.033005
2023-01-02,Novoportovskoye,Arctic,39110.2,46012.0,1,14696713.6254
2023-01-02,Primorsk,Baltic,202787.962,232822.0,2,76203051.996474
2023-01-02,Varandey,Arctic,69143.151,81633.0,1,25982405.853327
2023-01-03,De Kastri,Pacific,91604.76,108408.0,1,37769707.464902
2023-01-03,Nakhodka,Pacific,96123.1,113086.0,1,47909291.0096
2023-01-03,Primorsk,Baltic,196736.254,225874.0,2,71451066.200228
2023-01-03,Prirazlomnoye Field,Arctic,2740.92,3012.0,1,995452.80744
2023-01-04,Nakhodka,Pacific,104010.25,122365.0,1,42666145.698733
2023-01-04,Novoportovskoye,Arctic,64597.45,75997.0,1,20807032.43735
2023-01-04,Novorossiysk,Black sea,237857.035,273085.0,2,76614464.544605
2023-01-05,Murmansk,Arctic,142479.799,168217.0,1,47942885.085711
2023-01-05,Nakhodka,Pacific,193790.65,227989.0,2,83301011.552462
2023-01-05,Novorossiysk,Black sea,132767.845,164929.0,1,44674919.396205
2023-01-05,Prigorodnoye,Pacific,95856.03,119970.0,1,43205859.39411
2023-01-05,Primorsk,Baltic,101090.002,116062.0,1,34015673.682978
2023-01-05,Ust Luga,Baltic,99152.898,113838.0,1,33363859.495122
2023-01-06,De Kastri,Pacific,90981.995,107671.0,1,37673703.933747
2023-01-06,Murmansk,Arctic,292984.02,333048.0,2,99126162.43866
2023-01-06,Nakhodka,Pacific,200424.9,235794.0,2,87250674.052721
2023-01-06,Novoportovskoye,Arctic,64597.45,75997.0,1,21855449.05085
2023-01-06,Primorsk,Baltic,100626.63,115530.0,1,34045309.60779
2023-01-06,Prirazlomnoye Field,Arctic,66885.0,73500.0,1,22629402.705
2023-01-06,Ust Luga,Baltic,92224.093,105883.0,1,31202454.056969
2023-01-07,Nakhodka,Pacific,200751.3,236178.0,2,87203118.391667
2023-01-07,Primorsk,Baltic,101697.96,116760.0,1,34450997.53368
2023-01-07,Ust Luga,Baltic,92837.277,106587.0,1,31449370.281966
2023-01-07,Yuri Korchagin,Caspian Sea,12418.718,14258.0,1,4206940.072244
2023-01-08,Nakhodka,Pacific,99057.3,116538.0,1,41017515.52795
2023-01-08,Novoportovskoye,Arctic,64211.55,75543.0,1,18694036.9746
2023-01-08,Primorsk,Baltic,286764.556,329236.0,4,83486338.717392
2023-01-08,Ust Luga,Baltic,97339.476,111756.0,1,28338636.326832
2023-01-09,Nakhodka,Pacific,206408.9,242834.0,2,95342128.5901
2023-01-09,Primorsk,Baltic,99219.965,113915.0,2,27301861.669225
2023-01-09,Yuri Korchagin,Caspian Sea,4034.472,4632.0,1,1110145.48788
2023-01-10,Nakhodka,Pacific,96794.6,113876.0,1,39247047.184232
2023-01-10,Novoportovskoye,Arctic,7431.55,8743.0,1,2109690.70865
2023-01-10,Novorossiysk,Black sea,361001.532,427224.0,3,102482197.908756
2023-01-10,Primorsk,Baltic,202180.004,232124.0,2,57395466.075532
2023-01-10,Prirazlomnoye Field,Arctic,66041.43,72573.0,1,18748039.27269
2023-01-10,Ust Luga,Baltic,98066.761,112591.0,1,27839486.312963
2023-01-10,Yuri Korchagin,Caspian Sea,8641.191,9921.0,1,2453087.224653
2023-01-11,Murmansk,Arctic,139694.863,164929.0,1,43276630.388222
2023-01-11,Nakhodka,Pacific,100074.75,117735.0,1,40486424.927482
2023-01-11,Primorsk,Baltic,101697.96,116760.0,1,31505417.82024
2023-01-11,Ust Luga,Baltic,101090.002,116062.0,1,31317076.079588
2023-01-11,Varandey,Arctic,69143.151,81633.0,1,21420133.320894
2023-01-12,De Kastri,Pacific,93905.695,111131.0,1,44889175.94668
2023-01-12,Nakhodka,Pacific,96827.75,113915.0,1,46285988.366
2023-01-12,Novoportovskoye,Arctic,64597.45,75997.0,1,20460790.10535
2023-01-12,Novorossiysk,Black sea,236760.446,271826.0,2,74992213.947378
2023-01-12,Primorsk,Baltic,91289.51,104810.0,2,28915313.26593
2023-01-12,Prirazlomnoye Field,Arctic,2740.92,3012.0,1,868167.22356
2023-01-12,Ust Luga,Baltic,80739.087,92697.0,1,25573540.633641
2023-01-13,Murmansk,Arctic,144865.5,170430.0,1,47327558.85
2023-01-13,Nakhodka,Pacific,99057.3,116538.0,1,47971073.0148
2023-01-13,Novorossiysk,Black sea,143447.603,164693.0,1,46864331.9001
2023-01-13,Prigorodnoye,Pacific,89012.595,111405.0,1,43106663.45622
2023-01-13,Primorsk,Baltic,200438.004,230124.0,2,65483095.9068
2023-01-13,Ust Luga,Baltic,101090.002,116062.0,2,33026103.6534
2023-01-14,Nakhodka,Pacific,92668.7,109022.0,1,37257942.602584
2023-01-14,Novoportovskoye,Arctic,39513.1,46486.0,1,12783357.1382
2023-01-14,Novorossiysk,Black sea,86115.77,98870.0,2,27860346.14194
2023-01-14,Primorsk,Baltic,99121.542,113802.0,1,32067999.510924
2023-01-14,Ust Luga,Baltic,71767.787,82397.0,1,23218457.985814
2023-01-15,Primorsk,Baltic,101090.002,116062.0,1,34468759.071942
2023-01-15,Ust Luga,Baltic,99219.965,113915.0,1,33831130.686015
2023-01-16,Nakhodka,Pacific,94104.35,110711.0,1,46091746.0039
2023-01-16,Novoportovskoye,Arctic,39110.2,46012.0,1,12786375.9064
2023-01-16,Primorsk,Baltic,100002.123,114813.0,1,32693894.076636
2023-01-16,Ust Luga,Baltic,101090.002,116062.0,1,33049556.533864
2023-01-16,Varandey,Arctic,69143.151,81633.0,1,22605108.642732
2023-01-17,De Kastri,Pacific,93905.695,111131.0,1,46402654.032995
2023-01-17,Nakhodka,Pacific,194016.75,228255.0,2,77796835.465879
2023-01-17,Novorossiysk,Black sea,86115.77,98870.0,1,28541952.46149
2023-01-17,Primorsk,Baltic,170404.182,195642.0,2,56478250.869534
2023-01-17,Ust Luga,Baltic,101090.002,116062.0,1,33504966.992874
2023-01-17,Yuri Korchagin,Caspian Sea,8068.944,9264.0,1,2674346.592528
2023-01-18,Nakhodka,Pacific,209863.3,246898.0,2,94640169.450613
2023-01-18,Novoportovskoye,Arctic,64597.45,75997.0,1,21827090.7703
2023-01-18,Primorsk,Baltic,190159.333,218323.0,2,64253697.664702
2023-01-18,Ust Luga,Baltic,101504.598,116538.0,1,34297794.636612
2023-01-19,Nakhodka,Pacific,95676.0,112560.0,1,38463486.70325
2023-01-19,Primorsk,Baltic,99187.738,113878.0,1,34287614.022792
2023-01-19,Prirazlomnoye Field,Arctic,66885.0,73500.0,2,23121074.34
2023-01-19,Yuri Korchagin,Caspian Sea,12834.185,14735.0,1,4436572.40754
2023-01-20,Murmansk,Arctic,144678.17,158987.0,1,50269587.59186
2023-01-20,Nakhodka,Pacific,103923.55,122263.0,1,41736700.696391
2023-01-20,Novoportovskoye,Arctic,64597.45,75997.0,1,22444900.7821
2023-01-20,Novorossiysk,Black sea,86115.77,98870.0,1,29921613.21266
2023-01-20,Ust Luga,Baltic,183473.537,210647.0,2,63749348.218946
2023-01-20,Yuri Korchagin,Caspian Sea,5941.091,6821.0,1,2064279.596678
2023-01-21,Kaliningrad,Baltic,18914.688,22734.0,1,6331029.79392
2023-01-21,Murmansk,Arctic,139694.863,164929.0,2,46757966.069045
2023-01-21,Nakhodka,Pacific,101167.85,119021.0,1,50956728.52725
2023-01-21,Novorossiysk,Black sea,86115.77,98870.0,1,28824239.95555
2023-01-21,Prigorodnoye,Pacific,89017.389,111411.0,1,44836723.578465
2023-01-21,Primorsk,Baltic,207509.653,238243.0,3,69456593.503895
2023-01-21,Ust Luga,Baltic,92858.181,106611.0,1,31081026.053415
2023-01-21,Varandey,Arctic,69143.151,81633.0,1,23143249.786965
2023-01-22,Murmansk,Arctic,144865.5,170430.0,1,49626719.2005
2023-01-22,Nakhodka,Pacific,196554.0,231240.0,2,88761929.337112
2023-01-22,Novoportovskoye,Arctic,64211.55,75543.0,1,21997014.89505
2023-01-22,Primorsk,Baltic,198439.93,227830.0,2,67979765.26003
2023-01-22,Ust Luga,Baltic,101090.002,116062.0,1,34630503.075142
2023-01-23,Nakhodka,Pacific,94104.35,110711.0,1,37636771.946103
2023-01-23,Novorossiysk,Black sea,132718.74,164868.0,1,45749742.30288
2023-01-23,Primorsk,Baltic,101697.96,116760.0,1,35056507.18752
2023-01-24,De Kastri,Pacific,95145.31,112598.0,2,38798011.592382
2023-01-24,Nakhodka,Pacific,94104.35,110711.0,1,37681833.470813
2023-01-24,Novoportovskoye,Arctic,64597.45,75997.0,1,21729031.8412
2023-01-24,Novorossiysk,Black sea,86115.77,98870.0,1,28967278.24952
2023-01-24,Primorsk,Baltic,197921.685,227235.0,2,66576104.71356
2023-01-24,Prirazlomnoye Field,Arctic,66041.43,72573.0,1,22214752.05768
2023-01-24,Ust Luga,Baltic,202180.004,232124.0,2,68008501.025504
2023-01-24,Yuri Korchagin,Caspian Sea,8068.944,9264.0,1,2714199.106944
2023-01-25,Novorossiysk,Black sea,233091.794,267614.0,2,78373153.172002
2023-01-25,Primorsk,Baltic,196797.224,225944.0,2,66169721.017192
2023-01-25,Ust Luga,Baltic,96215.015,110465.0,1,32350663.138495
2023-01-25,Varandey,Arctic,69143.151,81633.0,1,23248209.090183
2023-01-25,Yuri Korchagin,Caspian Sea,8373.794,9614.0,1,2815545.878002
2023-01-26,Nakhodka,Pacific,196902.5,231650.0,2,88056935.627519
2023-01-26,Novoportovskoye,Arctic,64597.45,75997.0,1,22389282.37765
2023-01-26,Primorsk,Baltic,101090.002,116062.0,1,35037491.423194
2023-01-26,Yuri Korchagin,Caspian Sea,7718.802,8862.0,1,2675313.616794
2023-01-27,Nakhodka,Pacific,194561.6,228896.0,3,77857340.082835
2023-01-27,Novorossiysk,Black sea,86115.77,98870.0,1,28873584.29176
2023-01-27,Primorsk,Baltic,200530.33,230230.0,3,67235413.28504
2023-01-27,Ust Luga,Baltic,196215.396,225276.0,2,65788667.694048
2023-01-28,De Kastri,Pacific,90981.995,107671.0,1,36408089.397547
2023-01-28,Nakhodka,Pacific,104010.25,122365.0,1,41621581.064047
2023-01-28,Novorossiysk,Black sea,26598.598,30538.0,1,8557620.131736
2023-01-28,Primorsk,Baltic,101090.002,116062.0,1,32523888.523464
2023-01-28,Yuri Korchagin,Caspian Sea,9061.013,10403.0,1,2915217.834516
2023-01-29,Murmansk,Arctic,140284.85,165041.0,1,45412450.5026
2023-01-29,Nakhodka,Pacific,202274.5,237970.0,2,91751506.668032
2023-01-29,Novoportovskoye,Arctic,39513.1,46486.0,1,12791022.6796
2023-01-29,Primorsk,Baltic,101697.96,116760.0,1,32921256.81936
2023-01-29,Prirazlomnoye Field,Arctic,2740.92,3012.0,1,887279.65872
2023-01-29,Ust Luga,Baltic,183918.618,211158.0,2,59537399.344488
2023-01-29,Yuri Korchagin,Caspian Sea,6481.111,7441.0,1,2098039.328476
2023-01-30,Nakhodka,Pacific,104010.25,122365.0,1,51085258.349
2023-01-30,Novoportovskoye,Arctic,39110.2,46012.0,1,12913914.2686
2023-01-30,Novorossiysk,Black sea,86115.77,98870.0,1,28434824.44361
2023-01-30,Prigorodnoye,Pacific,95856.03,119970.0,1,47080264.27068
2023-01-30,Primorsk,Baltic,286878.657,329367.0,3,94725324.390801
2023-01-30,Ust Luga,Baltic,99180.77,113870.0,1,32748795.98861
2023-01-30,Varandey,Arctic,69143.151,81633.0,1,22830584.458143
2023-01-31,Murmansk,Arctic,142479.799,168217.0,1,46390282.716008
2023-01-31,Nakhodka,Pacific,207889.6,244576.0,2,100610458.7056
2023-01-31,Novoportovskoye,Arctic,7431.55,8743.0,1,2419653.2276
2023-02-01,De Kastri,Pacific,93905.695,111131.0,1,37478027.394417
2023-02-01,Nakhodka,Pacific,104010.25,122365.0,1,41510783.758112
2023-02-01,Primorsk,Baltic,200877.859,230629.0,3,61237012.682573
2023-02-01,Ust Luga,Baltic,97218.407,111617.0,1,29636739.718729
2023-02-01,Yuri Korchagin,Caspian Sea,8373.794,9614.0,1,2552725.979518
2023-02-02,Murmansk,Arctic,151744.32,166752.0,1,46631029.536
2023-02-02,Nakhodka,Pacific,94801.35,111531.0,1,37511811.304031
2023-02-02,Novoportovskoye,Arctic,64597.45,75997.0,1,19850796.385
2023-02-02,Novorossiysk,Black sea,140258.872,161032.0,1,43101551.3656
2023-02-02,Primorsk,Baltic,101697.089,116759.0,1,31251515.4497
2023-02-03,Nakhodka,Pacific,104010.25,122365.0,1,41347579.616062
2023-02-03,Ust Luga,Baltic,101090.002,116062.0,1,28626565.676358
2023-02-03,Varandey,Arctic,69143.151,81633.0,1,19579888.357029
2023-02-03,Yuri Korchagin,Caspian Sea,15283.437,17547.0,3,4327948.406223
2023-02-04,De Kastri,Pacific,86608.275,102495.0,1,39726176.4432
2023-02-04,Nakhodka,Pacific,104010.25,122365.0,1,47708253.552
2023-02-04,Novoportovskoye,Arctic,9288.8,10928.0,1,2549849.9104
2023-02-04,Primorsk,Baltic,99219.965,113915.0,1,27236674.15222
2023-02-04,Ust Luga,Baltic,100346.168,115208.0,1,27545825.885344
2023-02-05,Nakhodka,Pacific,103520.65,121789.0,1,41152947.116092
2023-02-05,Novorossiysk,Black sea,229108.711,263041.0,2,62149632.706837
2023-02-05,Primorsk,Baltic,97808.945,112295.0,2,26532339.083315
2023-02-05,Ust Luga,Baltic,200309.967,229977.0,2,54337483.818189
2023-02-05,Yuri Korchagin,Caspian Sea,9061.013,10403.0,2,2457953.813471
2023-02-06,Murmansk,Arctic,143981.5,169390.0,1,41828353.528
2023-02-06,Novoportovskoye,Arctic,7431.55,8743.0,1,2158954.4536
2023-02-06,Novorossiysk,Black sea,136307.43,169326.0,1,39598944.10416
2023-02-06,Prigorodnoye,Pacific,89012.595,111405.0,1,39768958.181505
2023-02-06,Primorsk,Baltic,101089.131,116061.0,1,29367605.625072
2023-02-06,Prirazlomnoye Field,Arctic,66041.43,72573.0,1,19185827.91216
2023-02-06,Yuri Korchagin,Caspian Sea,8068.944,9264.0,1,2344125.059328
2023-02-07,De Kastri,Pacific,93905.695,111131.0,1,43601353.24545
2023-02-07,Kaliningrad,Baltic,18914.688,22734.0,1,6207800.6016
2023-02-07,Nakhodka,Pacific,205178.1,241386.0,2,95266243.611
2023-02-07,Primorsk,Baltic,202786.22,232820.0,3,66554437.404
2023-02-07,Ust Luga,Baltic,67038.257,76967.0,1,22001955.9474
2023-02-08,Nakhodka,Pacific,198027.9,232974.0,2,80204086.592009
2023-02-08,Ust Luga,Baltic,97217.536,111616.0,1,32585859.80416
2023-02-08,Varandey,Arctic,69143.151,81633.0,1,23175747.067935
2023-02-09,Novoportovskoye,Arctic,64597.45,75997.0,1,21664369.79375
2023-02-09,Primorsk,Baltic,195914.901,224931.0,3,65704959.922875
2023-02-09,Ust Luga,Baltic,84698.653,97243.0,1,28405810.749875
2023-02-09,Yuri Korchagin,Caspian Sea,7021.131,8061.0,1,2354711.809125
2023-02-10,De Kastri,Pacific,95145.31,112598.0,2,45275942.36191
2023-02-10,Nakhodka,Pacific,96794.6,113876.0,1,39368202.708748
2023-02-10,Novoportovskoye,Arctic,39513.1,46486.0,1,13898495.8464
2023-02-10,Ust Luga,Baltic,147425.46,169260.0,1,51856021.00224
2023-02-11,Murmansk,Arctic,134017.422,158226.0,1,45194829.238482
2023-02-11,Nakhodka,Pacific,100311.9,118014.0,1,40798755.439867
2023-02-11,Novorossiysk,Black sea,20515.534,23554.0,1,6918474.046354
2023-02-11,Primorsk,Baltic,186346.095,213945.0,3,62841679.962945
2023-02-11,Prirazlomnoye Field,Arctic,2740.92,3012.0,1,924323.19252
2023-02-12,Makhachkala Port,Caspian Sea,2455.698,2973.0,1,1318169.57244
2023-02-12,Nakhodka,Pacific,100074.75,117735.0,1,40702302.029528
2023-02-12,Novorossiysk,Black sea,86115.77,98870.0,1,28393574.98978
2023-02-12,Primorsk,Baltic,298762.581,343011.0,4,98506205.631834
2023-02-12,Ust Luga,Baltic,101090.002,116062.0,1,33330788.919428
2023-02-12,Yuri Korchagin,Caspian Sea,8373.794,9614.0,1,2760957.114916
2023-02-13,Nakhodka,Pacific,96827.75,113915.0,1,46711062.1885
2023-02-13,Novoportovskoye,Arctic,39110.2,46012.0,1,13554070.0222
2023-02-13,Primorsk,Baltic,101090.002,116062.0,1,35033852.183122
2023-02-13,Varandey,Arctic,69143.151,81633.0,1,23962319.553711
2023-02-14,De Kastri,Pacific,93905.695,111131.0,1,45133142.94229
2023-02-14,Murmansk,Arctic,143432.4,168744.0,1,48432388.2108
2023-02-14,Nakhodka,Pacific,102398.65,120469.0,1,49215043.9603
2023-02-14,Novorossiysk,Black sea,375217.592,443576.0,3,126698598.637864
2023-02-14,Primorsk,Baltic,97709.651,112181.0,1,32993324.724217
2023-02-14,Prirazlomnoye Field,Arctic,66218.88,72768.0,1,22359930.55296
2023-02-14,Ust Luga,Baltic,245953.851,282381.0,2,83050499.005617
2023-02-15,Nakhodka,Pacific,94104.35,110711.0,1,44636798.64855
2023-02-15,Novoportovskoye,Arctic,7431.55,8743.0,1,2575908.9979
2023-02-15,Primorsk,Baltic,101090.002,116062.0,1,35039614.313236
2023-02-16,Murmansk,Arctic,152607.91,167701.0,1,50141617.94915
2023-02-16,Nakhodka,Pacific,101533.35,119451.0,1,48958264.50315
2023-02-16,Novorossiysk,Black sea,144072.981,165411.0,1,47337339.002265
2023-02-16,Prigorodnoye,Pacific,89017.389,111411.0,1,42923205.784521
2023-02-16,Primorsk,Baltic,186396.613,214003.0,2,61243403.150345
2023-02-16,Ust Luga,Baltic,86551.27,99370.0,1,28437718.02755
2023-02-16,Varandey,Arctic,69143.151,81633.0,1,22718019.408315
2023-02-17,Nakhodka,Pacific,189896.8,223408.0,2,83836319.796389
2023-02-17,Novoportovskoye,Arctic,64597.45,75997.0,1,21017749.31925
2023-02-17,Ust Luga,Baltic,183327.209,210479.0,2,59648257.356285
2023-02-18,De Kastri,Pacific,90981.995,107671.0,1,43156308.526305
2023-02-18,Nakhodka,Pacific,100741.15,118519.0,1,47785456.34985
2023-02-18,Novoportovskoye,Arctic,64211.55,75543.0,1,20569784.7732
2023-02-18,Primorsk,Baltic,202787.962,232822.0,2,64961906.898928
2023-02-18,Yuri Korchagin,Caspian Sea,7718.802,8862.0,1,2472671.907888
2023-02-19,Murmansk,Arctic,140103.117,165411.0,1,44573526.467316
2023-02-19,Nakhodka,Pacific,196888.9,231634.0,2,87157595.931585
2023-02-19,Primorsk,Baltic,101090.002,116062.0,1,32161581.956296
2023-02-19,Ust Luga,Baltic,191291.633,219623.0,2,60859050.455684
2023-02-20,Nakhodka,Pacific,103923.55,122263.0,1,42331040.072993
2023-02-20,Novoportovskoye,Arctic,18578.45,21857.0,1,6070508.5375
2023-02-20,Primorsk,Baltic,101090.002,116062.0,1,33031158.1535
2023-02-20,Ust Luga,Baltic,101090.002,116062.0,1,33031158.1535
2023-02-20,Yuri Korchagin,Caspian Sea,12418.718,14258.0,1,4057816.1065
2023-02-21,De Kastri,Pacific,93905.695,111131.0,1,44329216.287395
2023-02-21,Nakhodka,Pacific,104010.25,122365.0,1,49099182.62525
2023-02-21,Primorsk,Baltic,96849.103,111193.0,1,31621135.280397
2023-02-21,Ust Luga,Baltic,99402.004,114124.0,1,32454654.903996
2023-02-21,Yuri Korchagin,Caspian Sea,12834.185,14735.0,1,4190348.568315
2023-02-22,Murmansk,Arctic,142984.45,168217.0,1,45780046.27875
2023-02-22,Nakhodka,Pacific,206063.8,242428.0,2,89780421.769872
2023-02-22,Novoportovskoye,Arctic,64597.45,75997.0,1,20682488.55375
2023-02-22,Primorsk,Baltic,302843.216,347696.0,3,96962826.6828
2023-02-22,Prirazlomnoye Field,Arctic,66218.88,72768.0,1,21201629.904
2023-02-22,Varandey,Arctic,69143.151,81633.0,1,22137908.371425
2023-02-23,Nakhodka,Pacific,104010.25,122365.0,1,42597821.991416
2023-02-23,Novorossiysk,Black sea,86115.77,98870.0,1,28454544.95494
2023-02-23,Primorsk,Baltic,101090.002,116062.0,1,33402360.640844
2023-02-23,Ust Luga,Baltic,202180.004,232124.0,3,66804721.281688
2023-02-24,De Kastri,Pacific,86608.275,102495.0,1,41746747.49895
2023-02-24,Nakhodka,Pacific,198114.6,233076.0,2,88843360.255558
2023-02-24,Novoportovskoye,Arctic,39513.1,46486.0,1,13670742.338
2023-02-24,Novorossiysk,Black sea,146691.207,168417.0,1,50752223.79786
2023-02-24,Prigorodnoye,Pacific,95856.03,119970.0,1,46204331.86854
2023-02-24,Primorsk,Baltic,98318.48,112880.0,1,34016227.7104
2023-02-25,Murmansk,Arctic,98967.715,116845.0,1,32783748.367755
2023-02-25,Nakhodka,Pacific,298821.75,351555.0,3,129760209.658601
2023-02-25,Primorsk,Baltic,200388.357,230067.0,2,66380045.974749
2023-02-25,Ust Luga,Baltic,200309.967,229977.0,2,66354078.738519
2023-02-26,Novoportovskoye,Arctic,39110.2,46012.0,1,13266727.3828
2023-02-26,Primorsk,Baltic,105742.884,121404.0,1,35869466.653176
2023-02-26,Prirazlomnoye Field,Arctic,66551.94,73134.0,1,22575349.77516
2023-02-26,Ust Luga,Baltic,100071.803,114893.0,1,33945756.582842
2023-02-26,Varandey,Arctic,69143.151,81633.0,1,23454324.823314
2023-02-27,De Kastri,Pacific,93905.695,111131.0,1,38685392.30953
2023-02-27,Novorossiysk,Black sea,135838.92,168744.0,2,48739412.01276
2023-02-27,Primorsk,Baltic,101090.002,116062.0,1,36271395.987606
2023-02-27,Ust Luga,Baltic,98318.48,112880.0,1,35276965.57944
2023-02-27,Yuri Korchagin,Caspian Sea,7021.131,8061.0,1,2519202.866193
2023-02-28,Nakhodka,Pacific,194179.1,228446.0,2,79504374.84902
2023-02-28,Novoportovskoye,Arctic,64597.45,75997.0,1,22239287.09875
2023-02-28,Primorsk,Baltic,175294.847,201257.0,2,60349633.450925
2023-02-28,Ust Luga,Baltic,91254.67,104770.0,1,31416701.51425
2023-02-28,Yuri Korchagin,Caspian Sea,8373.794,9614.0,1,2882887.92935
2023-03-01,Nakhodka,Pacific,96827.75,113915.0,1,47015294.979
2023-03-01,Novorossiysk,Black sea,368930.714,436358.0,3,124146660.983856
2023-03-01,Primorsk,Baltic,99232.159,113929.0,2,33392018.432136
2023-03-01,Yuri Korchagin,Caspian Sea,7564.635,8685.0,1,2545529.93604
2023-03-02,De Kastri,Pacific,95145.31,112598.0,2,46874098.13398
2023-03-02,Murmansk,Arctic,144526.35,170031.0,1,52139326.026
2023-03-02,Nakhodka,Pacific,94104.35,110711.0,1,46361260.8623
2023-03-02,Novoportovskoye,Arctic,64597.45,75997.0,1,23304176.062
2023-03-02,Primorsk,Baltic,168733.604,193724.0,2,60872334.97904
2023-03-02,Ust Luga,Baltic,97349.928,111768.0,2,35119960.02528
2023-03-03,Murmansk,Arctic,142926.168,168744.0,1,53004741.107472
2023-03-03,Nakhodka,Pacific,104010.25,122365.0,1,51825083.25725
2023-03-03,Primorsk,Baltic,101090.002,116062.0,1,37489631.601708
2023-03-03,Varandey,Arctic,69143.151,81633.0,1,25642014.120954
2023-03-03,Yuri Korchagin,Caspian Sea,9061.013,10403.0,1,3360312.915102
2023-03-04,Nakhodka,Pacific,99257.05,116773.0,1,40654959.143132
2023-03-04,Novoportovskoye,Arctic,11146.9,13114.0,1,3972275.8433
2023-03-04,Novorossiysk,Black sea,228093.208,265888.0,2,81282611.323256
2023-03-04,Primorsk,Baltic,100326.135,115185.0,1,35751920.490195
2023-03-04,Ust Luga,Baltic,101504.598,116538.0,1,36171874.029486
2023-03-05,De Kastri,Pacific,93905.695,111131.0,1,38463083.413545
2023-03-05,Kaliningrad,Baltic,18914.688,22734.0,1,6537124.234368
2023-03-05,Nakhodka,Pacific,198114.6,233076.0,2,90369534.300687
2023-03-05,Prigorodnoye,Pacific,89012.595,111405.0,1,44352216.698055
2023-03-05,Primorsk,Baltic,101090.002,116062.0,2,34937816.681222
2023-03-05,Prirazlomnoye Field,Arctic,66218.88,72768.0,1,22885973.33568
2023-03-05,Ust Luga,Baltic,101090.002,116062.0,1,34937816.681222
2023-03-05,Yuri Korchagin,Caspian Sea,8373.794,9614.0,1,2894075.318134
2023-03-06,Nakhodka,Pacific,94104.35,110711.0,1,38432213.772881
2023-03-06,Novoportovskoye,Arctic,7431.55,8743.0,1,2596427.50745
2023-03-06,Primorsk,Baltic,101090.002,116062.0,1,35318723.808758
2023-03-06,Ust Luga,Baltic,96215.015,110465.0,1,33615505.725685
2023-03-06,Yuri Korchagin,Caspian Sea,7561.151,8681.0,1,2641707.375229
2023-03-07,Nakhodka,Pacific,205178.1,241386.0,2,103260392.7432
2023-03-07,Novorossiysk,Black sea,151622.809,174079.0,1,51373901.505043
2023-03-07,Primorsk,Baltic,80939.417,92927.0,1,27424459.843859
2023-03-08,De Kastri,Pacific,90981.995,107671.0,1,37512934.21568
2023-03-08,Novoportovskoye,Arctic,64597.45,75997.0,1,21797569.73565
2023-03-08,Novorossiysk,Black sea,86115.77,98870.0,1,29058647.08149
2023-03-08,Ust Luga,Baltic,212994.34,244540.0,2,71872171.10658
2023-03-08,Varandey,Arctic,69143.151,81633.0,1,23331457.443987
2023-03-09,Nakhodka,Pacific,101533.35,119451.0,1,49733065.497
2023-03-09,Novorossiysk,Black sea,137161.535,170387.0,1,46253612.8327
2023-03-09,Primorsk,Baltic,202180.004,232124.0,3,68179140.94888
2023-03-09,Ust Luga,Baltic,99219.965,113915.0,1,33458956.5973
2023-03-10,Murmansk,Arctic,150047.17,164887.0,1,52766938.22673
2023-03-10,Nakhodka,Pacific,104010.25,122365.0,2,42718541.30558
2023-03-10,Novorossiysk,Black sea,151741.265,174215.0,1,53362698.921285
2023-03-10,Primorsk,Baltic,101697.96,116760.0,1,35764019.89524
2023-03-10,Yuri Korchagin,Caspian Sea,9061.013,10403.0,1,3186477.380697
2023-03-11,De Kastri,Pacific,86608.275,102495.0,1,35571293.915672
2023-03-11,Nakhodka,Pacific,193622.35,227791.0,2,86158311.193608
2023-03-11,Novoportovskoye,Arctic,39513.1,46486.0,1,12991946.7931
2023-03-11,Primorsk,Baltic,200794.243,230533.0,2,66021347.892643
2023-03-12,Murmansk,Arctic,143432.4,168744.0,1,47880890.6328
2023-03-12,Primorsk,Baltic,202787.962,232822.0,2,67695083.050764
2023-03-12,Prirazlomnoye Field,Arctic,66218.88,72768.0,1,22105318.95936
2023-03-12,Varandey,Arctic,69143.151,81633.0,1,23081504.953122
2023-03-12,Yuri Korchagin,Caspian Sea,8068.944,9264.0,1,2693591.023968
2023-03-13,Nakhodka,Pacific,103923.55,122263.0,1,42204513.519441
2023-03-13,Novoportovskoye,Arctic,39110.2,46012.0,1,12545652.6254
2023-03-13,Primorsk,Baltic,98567.586,113166.0,1,31618214.534322
2023-03-13,Ust Luga,Baltic,202180.004,232124.0,2,64854695.143108
2023-03-14,De Kastri,Pacific,93905.695,111131.0,1,43298976.90755
2023-03-14,Murmansk,Arctic,145152.931,171373.0,1,43363276.912802
2023-03-14,Nakhodka,Pacific,98533.7,115922.0,1,39900101.639596
2023-03-14,Novorossiysk,Black sea,150644.676,172956.0,1,45003891.797592
2023-03-14,Primorsk,Baltic,99180.77,113870.0,1,29629461.59134
2023-03-14,Yuri Korchagin,Caspian Sea,5145.868,5908.0,1,1537286.898056
2023-03-15,Kaliningrad,Baltic,16894.592,20306.0,1,5075726.74752
2023-03-15,Nakhodka,Pacific,194179.1,228446.0,2,84498766.525617
2023-03-15,Novorossiysk,Black sea,86115.77,98870.0,1,25872191.35995
2023-03-15,Prigorodnoye,Pacific,89017.389,111411.0,1,40914350.366958
2023-03-15,Ust Luga,Baltic,202180.004,232124.0,2,60741949.50174
2023-03-16,Murmansk,Arctic,149567.7,175962.0,1,41506233.2916
2023-03-16,Nakhodka,Pacific,207653.3,244298.0,2,87453771.1821
2023-03-16,Novoportovskoye,Arctic,64597.45,75997.0,1,17926309.1546
2023-03-16,Novorossiysk,Black sea,82655.32,98870.0,1,22937512.54256
2023-03-16,Varandey,Arctic,69143.151,81633.0,1,19187777.547708
2023-03-16,Yuri Korchagin,Caspian Sea,8373.794,9614.0,1,2323794.825352
2023-03-17,De Kastri,Pacific,93905.695,111131.0,1,38434117.521866
2023-03-17,Nakhodka,Pacific,103555.5,121830.0,1,45187995.7575
2023-03-17,Novoportovskoye,Arctic,64597.45,75997.0,1,17419671.35425
2023-03-17,Novorossiysk,Black sea,143750.711,165041.0,1,38764535.481815
2023-03-17,Prirazlomnoye Field,Arctic,66041.43,72573.0,1,17809062.22095
2023-03-17,Ust Luga,Baltic,101649.184,116704.0,1,27411227.20336
2023-03-18,Nakhodka,Pacific,104010.25,122365.0,1,45386432.74125
2023-03-18,Novorossiysk,Black sea,140937.381,161811.0,1,36000198.978354
2023-03-18,Primorsk,Baltic,101090.002,116062.0,1,25821823.570868
2023-03-18,Yuri Korchagin,Caspian Sea,9061.013,10403.0,1,2314490.794642
2023-03-19,Nakhodka,Pacific,104010.25,122365.0,1,45386432.74125
2023-03-19,Novoportovskoye,Arctic,7431.55,8743.0,1,1831743.3071
2023-03-19,Primorsk,Baltic,199407.611,228941.0,2,49150386.774502
2023-03-19,Prirazlomnoye Field,Arctic,2740.92,3012.0,1,675587.44344
2023-03-19,Ust Luga,Baltic,202180.004,232124.0,2,49833731.745928
2023-03-20,De Kastri,Pacific,95145.31,112598.0,2,38233191.3704
2023-03-20,Nakhodka,Pacific,101167.85,119021.0,1,40653288.844
2023-03-20,Novoportovskoye,Arctic,7431.55,8743.0,1,2038273.51315
2023-03-20,Novorossiysk,Black sea,86115.77,98870.0,1,23619230.58521
2023-03-20,Ust Luga,Baltic,98157.345,112695.0,1,26921909.485185
2023-03-21,Murmansk,Arctic,148149.85653,170430.0,1,42589083.706249
2023-03-21,Nakhodka,Pacific,94800.5,111530.0,1,40059942.0855
2023-03-21,Primorsk,Baltic,198024.463,227353.0,3,56926686.451999
2023-03-21,Varandey,Arctic,69143.151,81633.0,1,19876789.047423
2023-03-22,De Kastri,Pacific,93905.695,111131.0,1,37856803.934611
2023-03-22,Novorossiysk,Black sea,242316.555,278205.0,2,75679821.82449
2023-03-22,Primorsk,Baltic,84648.135,97185.0,1,26437136.22693
2023-03-23,Novoportovskoye,Arctic,64597.45,75997.0,1,19206889.0034
2023-03-23,Novorossiysk,Black sea,291048.134,334154.0,3,86537923.778488
2023-03-23,Primorsk,Baltic,99440.328,114168.0,1,29566791.604896
2023-03-23,Ust Luga,Baltic,163497.152,187712.0,2,48612935.198464
2023-03-23,Yuri Korchagin,Caspian Sea,8068.944,9264.0,1,2399155.257408
2023-03-24,Murmansk,Arctic,140284.85,165041.0,1,45660053.26285
2023-03-24,Prigorodnoye,Pacific,95856.03,119970.0,1,41631328.24533
2023-03-24,Primorsk,Baltic,97709.651,112181.0,1,31802634.917131
2023-03-25,Novoportovskoye,Arctic,39513.1,46486.0,1,12496768.6239
2023-03-25,Novorossiysk,Black sea,219316.502,264296.0,2,69363010.771038
2023-03-25,Primorsk,Baltic,193651.172,222332.0,2,61245862.517268
2023-03-25,Ust Luga,Baltic,101090.002,116062.0,1,31971633.842538
2023-03-25,Varandey,Arctic,69143.151,81633.0,1,21867835.223619
2023-03-26,De Kastri,Pacific,90981.995,107671.0,1,39514481.230445
2023-03-26,Nakhodka,Pacific,304600.9,358354.0,3,129352109.190496
2023-03-26,Novoportovskoye,Arctic,39110.2,46012.0,1,11256775.9844
2023-03-26,Primorsk,Baltic,101697.96,116760.0,1,29270910.24312
2023-03-26,Prirazlomnoye Field,Arctic,66218.88,72768.0,1,19059250.47936
2023-03-26,Ust Luga,Baltic,147747.73,169630.0,1,42525047.14406
2023-03-26,Yuri Korchagin,Caspian Sea,7718.802,8862.0,1,2221641.029244
2023-03-27,Makhachkala Port,Caspian Sea,1755.25,2125.0,1,888214.42325
2023-03-27,Murmansk,Arctic,119852.194,141502.0,1,36507697.405564
2023-03-27,Nakhodka,Pacific,95746.55,112643.0,1,38641914.770824
2023-03-27,Novorossiysk,Black sea,235901.723,274853.0,3,71857080.236138
2023-03-27,Primorsk,Baltic,101090.002,116062.0,1,30792621.149212
2023-03-27,Taman,Black sea,8701.91,10535.0,1,4432135.11839
2023-03-27,Ust Luga,Baltic,84590.649,97119.0,1,25766819.229294
2023-03-27,Yuri Korchagin,Caspian Sea,5233.839,6009.0,1,1594258.762434
2023-03-28,Nakhodka,Pacific,96827.75,113915.0,1,43739031.23
2023-03-28,Primorsk,Baltic,196746.706,225886.0,3,66416375.784538
2023-03-28,Ust Luga,Baltic,196532.44,225640.0,2,66344045.36812
2023-03-29,De Kastri,Pacific,93905.695,111131.0,1,42615249.542255
2023-03-29,Kaliningrad,Baltic,18914.688,22734.0,1,5996410.048512
2023-03-29,Nakhodka,Pacific,103923.55,122263.0,1,41655897.643508
2023-03-29,Novoportovskoye,Arctic,9288.8,10928.0,1,2944772.5312
2023-03-29,Novorossiysk,Black sea,86115.77,98870.0,1,27300765.86848
2023-03-29,Primorsk,Baltic,202180.004,232124.0,2,64095913.588096
2023-03-29,Yuri Korchagin,Caspian Sea,9061.013,10403.0,1,2872558.585312
2023-03-30,Murmansk,Arctic,155725.57,171127.0,1,49475570.8447
2023-03-30,Nakhodka,Pacific,104010.25,122365.0,1,41541289.57017
2023-03-30,Novoportovskoye,Arctic,64597.45,75997.0,1,20523255.8395
2023-03-30,Novorossiysk,Black sea,163802.873,188063.0,2,52041810.78083
2023-03-30,Primorsk,Baltic,174886.348,200788.0,2,55563141.62308
2023-03-30,Prirazlomnoye Field,Arctic,66218.88,72768.0,1,21038400.3648
2023-03-30,Ust Luga,Baltic,85960.732,98692.0,1,27310584.16372
2023-03-30,Varandey,Arctic,69143.151,81633.0,1,21967470.50421
2023-03-31,De Kastri,Pacific,88273.77,104466.0,1,35291862.068966
2023-03-31,Murmansk,Arctic,143537.702,169466.0,1,46960081.661724
2023-03-31,Nakhodka,Pacific,194776.65,229149.0,2,82705394.350374
2023-03-31,Primorsk,Baltic,99219.965,113915.0,1,32461002.18933
2023-03-31,Ust Luga,Baltic,101090.002,116062.0,1,33072807.234324
2023-04-01,Nakhodka,Pacific,94104.35,110711.0,1,42426099.25835
2023-04-01,Novoportovskoye,Arctic,64211.55,75543.0,1,20869524.2886
2023-04-01,Novorossiysk,Black sea,86981.544,99864.0,1,28270045.578528
2023-04-01,Primorsk,Baltic,92837.277,106587.0,1,30173229.072324
2023-04-02,Nakhodka,Pacific,102398.65,120469.0,1,46165509.76465
2023-04-02,Novorossiysk,Black sea,136358.95,169390.0,1,46004509.8331
2023-04-02,Prigorodnoye,Pacific,89012.595,111405.0,1,40130527.342395
2023-04-02,Primorsk,Baltic,100626.63,115530.0,1,33949211.17614
2023-04-02,Ust Luga,Baltic,101090.002,116062.0,1,34105542.694756
2023-04-03,Murmansk,Arctic,148149.85653,170430.0,1,55575900.129668
2023-04-03,Nakhodka,Pacific,103520.65,121789.0,1,41406603.735851
2023-04-03,Primorsk,Baltic,200850.858,230598.0,2,75345784.914114
2023-04-03,Prirazlomnoye Field,Arctic,66050.53,72583.0,1,24777733.47049
2023-04-04,Nakhodka,Pacific,103649.85,121941.0,1,51248320.88445
2023-04-04,Novoportovskoye,Arctic,64597.45,75997.0,1,24477136.5591
2023-04-04,Novorossiysk,Black sea,83486.304,99864.0,1,31634463.339072
2023-04-04,Primorsk,Baltic,96195.853,110443.0,1,36450340.227054
2023-04-04,Ust Luga,Baltic,99179.028,113868.0,1,37580718.931704
2023-04-04,Varandey,Arctic,69143.151,81633.0,1,26199584.490618
2023-04-04,Yuri Korchagin,Caspian Sea,6209.359,7129.0,1,2352837.893562
2023-04-05,De Kastri,Pacific,95145.31,112598.0,1,37813095.14347
2023-04-05,Nakhodka,Pacific,205178.1,241386.0,2,101344234.4673
2023-04-05,Novorossiysk,Black sea,142582.7,163700.0,1,52884351.1781
2023-04-05,Primorsk,Baltic,198799.653,228243.0,2,73735387.696659
2023-04-05,Ust Luga,Baltic,84698.653,97243.0,1,31414984.493659
2023-04-06,Nakhodka,Pacific,104010.25,122365.0,1,51174083.1025
2023-04-06,Novoportovskoye,Arctic,64597.45,75997.0,1,24584497.521
2023-04-06,Prirazlomnoye Field,Arctic,2952.04,3244.0,1,1123487.3832
2023-04-06,Ust Luga,Baltic,101090.002,116062.0,1,38472832.96116
2023-04-06,Yuri Korchagin,Caspian Sea,8373.794,9614.0,1,3186898.52052
2023-04-07,Nakhodka,Pacific,103641.35,121931.0,1,50992580.6135
2023-04-07,Primorsk,Baltic,198447.769,227839.0,2,79048684.10046
2023-04-08,Murmansk,Arctic,100045.099,118117.0,1,38690541.181369
2023-04-08,Novoportovskoye,Arctic,4545.8,5348.0,1,1758001.7798
2023-04-08,Novorossiysk,Black sea,291715.32,334920.0,2,112815357.41892
2023-04-08,Primorsk,Baltic,101090.002,116062.0,1,39094637.563462
2023-04-08,Ust Luga,Baltic,101090.002,116062.0,1,39094637.563462
2023-04-08,Varandey,Arctic,69143.151,81633.0,1,26739799.929381
2023-04-08,Yuri Korchagin,Caspian Sea,8068.944,9264.0,1,3120510.782064
2023-04-09,De Kastri,Pacific,93905.695,111131.0,1,46202540.99695
2023-04-09,Makhachkala Port,Caspian Sea,4912.222,5947.0,1,2462266.014166
2023-04-09,Nakhodka,Pacific,195819.6,230376.0,2,78001792.507319
2023-04-09,Primorsk,Baltic,198600.194,228014.0,2,76164366.000164
2023-04-09,Ust Luga,Baltic,178873.786,205366.0,2,68599170.173716
2023-04-10,Nakhodka,Pacific,96242.1,113226.0,1,38336593.041088
2023-04-10,Novoportovskoye,Arctic,39110.2,46012.0,1,14867390.5382
2023-04-10,Primorsk,Baltic,100089.223,114913.0,1,38048017.320443
2023-04-10,Prirazlomnoye Field,Arctic,66218.88,72768.0,1,25172511.26208
2023-04-10,Yuri Korchagin,Caspian Sea,5043.09,5790.0,1,1917085.27569
2023-04-11,De Kastri,Pacific,90981.995,107671.0,1,36274542.989853
2023-04-11,Murmansk,Arctic,140650.655613,161803.0,1,55531973.150436
2023-04-11,Prigorodnoye,Pacific,89017.389,111411.0,1,43944057.201573
2023-04-11,Primorsk,Baltic,99226.933,113923.0,1,39176976.140926
2023-04-11,Ust Luga,Baltic,84698.653,97243.0,1,33440891.574766
2023-04-12,Novoportovskoye,Arctic,7431.55,8743.0,1,3000584.92265
2023-04-12,Novorossiysk,Black sea,229866.481,263911.0,2,92322155.086558
2023-04-12,Primorsk,Baltic,96215.015,110465.0,1,38301240.814312
2023-04-12,Ust Luga,Baltic,96502.445,110795.0,1,38415660.85205
2023-04-13,Murmansk,Arctic,144319.848504,166024.0,1,55962186.055154
2023-04-13,Nakhodka,Pacific,104010.25,122365.0,1,52536409.357
2023-04-13,Primorsk,Baltic,100731.15,115650.0,1,39060014.37975
2023-04-13,Ust Luga,Baltic,99219.965,113915.0,1,38474029.728225
2023-04-13,Varandey,Arctic,69143.151,81633.0,1,26811293.947515
2023-04-13,Yuri Korchagin,Caspian Sea,8373.794,9614.0,1,3247064.23041
2023-04-14,Nakhodka,Pacific,197209.35,232011.0,2,97333857.9486
2023-04-14,Novoportovskoye,Arctic,7431.55,8743.0,1,2946891.9739
2023-04-14,Novorossiysk,Black sea,423268.961,505674.0,3,166905098.78596
2023-04-14,Primorsk,Baltic,192379.512,220872.0,2,75982826.800982
2023-04-14,Yuri Korchagin,Caspian Sea,5043.09,5790.0,1,1999776.82242
2023-04-15,De Kastri,Pacific,86608.275,102495.0,1,34056047.516623
2023-04-15,Kaliningrad,Baltic,15074.176,18118.0,1,5698430.456576
2023-04-15,Nakhodka,Pacific,200751.3,236178.0,2,88654665.259648
2023-04-15,Primorsk,Baltic,297979.552,342112.0,3,112644018.124352
2023-04-15,Ust Luga,Baltic,98159.087,112697.0,1,37106687.022262
2023-04-16,Murmansk,Arctic,150810.044,178052.0,6,58387013.394864
2023-04-16,Nakhodka,Pacific,95792.45,112697.0,1,37667442.61947
2023-04-16,Novoportovskoye,Arctic,11146.9,13114.0,1,4315589.2164
2023-04-16,Primorsk,Baltic,96795.101,111131.0,1,37474804.122756
2023-04-16,Prirazlomnoye Field,Arctic,66551.94,73134.0,1,25765982.88264
2023-04-16,Yuri Korchagin,Caspian Sea,8068.944,9264.0,1,3123940.083264
2023-04-17,De Kastri,Pacific,93905.695,111131.0,1,46705687.71076
2023-04-17,Nakhodka,Pacific,194179.1,228446.0,2,86428170.403405
2023-04-17,Primorsk,Baltic,96659.225,110975.0,1,38271332.301248
2023-04-17,Ust Luga,Baltic,101090.002,116062.0,1,41135846.883846
2023-04-17,Varandey,Arctic,69143.151,81633.0,1,28135938.434373
2023-04-18,Nakhodka,Pacific,94104.35,110711.0,1,37290316.061437
2023-04-18,Novoportovskoye,Arctic,64597.45,75997.0,1,26528170.19405
2023-04-18,Novorossiysk,Black sea,82655.32,98870.0,1,33943977.60908
2023-04-18,Primorsk,Baltic,202180.004,232124.0,2,83029060.062676
2023-04-18,Ust Luga,Baltic,72189.351,82881.0,2,28606155.985988
2023-04-18,Yuri Korchagin,Caspian Sea,8373.794,9614.0,1,3438857.608186
2023-04-19,Murmansk,Arctic,143451.446775,165025.0,1,57047648.63258
2023-04-19,Nakhodka,Pacific,104010.25,122365.0,1,50414288.22625
2023-04-19,Novorossiysk,Black sea,86115.77,98870.0,1,34246445.742646
2023-04-19,Ust Luga,Baltic,99152.898,113838.0,1,39431039.652587
2023-04-20,De Kastri,Pacific,95145.31,112598.0,2,44937034.76769
2023-04-20,Makhachkala Port,Caspian Sea,4912.222,5947.0,1,2582030.898748
2023-04-20,Novoportovskoye,Arctic,64597.45,75997.0,1,26095238.08415
2023-04-20,Novorossiysk,Black sea,235048.093,273833.0,2,93379772.517798
2023-04-20,Prigorodnoye,Pacific,95856.03,119970.0,1,45272707.11297
2023-04-20,Primorsk,Baltic,101697.96,116760.0,1,41082619.80732
2023-04-20,Ust Luga,Baltic,97217.536,111616.0,1,38622527.332825
2023-04-21,Novorossiysk,Black sea,135940.35,168870.0,1,53839041.719803
2023-04-21,Primorsk,Baltic,201145.256,230936.0,2,80610802.212658
2023-04-21,Ust Luga,Baltic,76992.045,88395.0,1,30492623.587095
2023-04-22,Murmansk,Arctic,143465.355111,165041.0,1,57983962.179148
2023-04-22,Nakhodka,Pacific,298058.45,350657.0,4,125288923.779588
2023-04-22,Novoportovskoye,Arctic,39513.1,46486.0,1,15969891.0877
2023-04-22,Novorossiysk,Black sea,146976.024,168744.0,1,58209709.537652
2023-04-22,Primorsk,Baltic,198799.653,228243.0,2,78734406.75818
2023-04-22,Prirazlomnoye Field,Arctic,66551.94,73134.0,1,26898097.93398
2023-04-22,Yuri Korchagin,Caspian Sea,4530.942,5202.0,1,1831257.235314
2023-04-23,De Kastri,Pacific,93905.695,111131.0,2,37191258.010091
2023-04-23,Nakhodka,Pacific,94104.35,110711.0,1,43823266.5428
2023-04-23,Primorsk,Baltic,201769.763,231653.0,4,80392474.49799
2023-04-23,Ust Luga,Baltic,201119.126,230906.0,4,80314182.908926
2023-04-23,Varandey,Arctic,69143.151,81633.0,1,27384076.849351
2023-04-24,Nakhodka,Pacific,198114.6,233076.0,2,85779622.230906
2023-04-24,Novoportovskoye,Arctic,39110.2,46012.0,1,16229716.1348
2023-04-24,Novorossiysk,Black sea,86115.77,98870.0,1,34031666.179272
2023-04-24,Primorsk,Baltic,101090.002,116062.0,1,39949259.028003
2023-04-24,Ust Luga,Baltic,101090.002,116062.0,1,39949259.028003
2023-04-24,Yuri Korchagin,Caspian Sea,8373.794,9614.0,1,3474906.791356
2023-04-25,Murmansk,Arctic,6708.24,7920.0,1,2691607.50936
2023-04-25,Nakhodka,Pacific,97433.8,114628.0,1,46550556.8908
2023-04-25,Novorossiysk,Black sea,366390.603,437463.0,3,144529361.435232
2023-04-25,Primorsk,Baltic,297952.551,342081.0,4,118747944.758882
2023-04-26,De Kastri,Pacific,93905.695,111131.0,1,43353442.21065
2023-04-26,Makhachkala Port,Caspian Sea,1755.25,2125.0,1,942418.2985
2023-04-26,Nakhodka,Pacific,203566.5,239490.0,2,93980546.055
2023-04-26,Novoportovskoye,Arctic,64597.45,75997.0,1,24357760.4715
2023-04-26,Novorossiysk,Black sea,143653.159,164929.0,1,54167296.66413
2023-04-27,Nakhodka,Pacific,101533.35,119451.0,1,45556186.5447
2023-04-27,Primorsk,Baltic,202180.004,232124.0,2,78477988.172636
2023-04-27,Prirazlomnoye Field,Arctic,66050.53,72583.0,1,25638107.67427
2023-04-27,Ust Luga,Baltic,199457.258,228998.0,2,77421129.808022
2023-04-27,Varandey,Arctic,69143.151,81633.0,1,26838536.349009
2023-04-27,Yuri Korchagin,Caspian Sea,9061.013,10403.0,1,3517113.745067
2023-04-28,Murmansk,Arctic,154060.27,169297.0,1,60998748.827025
2023-04-28,Nakhodka,Pacific,94104.35,110711.0,1,37259753.01212
2023-04-28,Novoportovskoye,Arctic,64597.45,75997.0,1,25622190.9578
2023-04-28,Novorossiysk,Black sea,150644.676,172956.0,1,59752306.867344
2023-04-28,Primorsk,Baltic,97218.407,111617.0,1,38492735.277931
2023-04-28,Ust Luga,Baltic,99219.965,113915.0,1,39355003.79746
2023-04-29,De Kastri,Pacific,90981.995,107671.0,1,41697139.290495
2023-04-29,Murmansk,Arctic,140103.117,165411.0,1,53657252.161128
2023-04-29,Nakhodka,Pacific,207933.8,244628.0,2,88815576.64573
2023-04-29,Prigorodnoye,Pacific,89012.595,111405.0,1,40794561.301095
2023-04-29,Primorsk,Baltic,297950.809,342079.0,3,114110392.634056
2023-04-29,Ust Luga,Baltic,101090.002,116062.0,1,38715853.325968
2023-04-30,Nakhodka,Pacific,94701.9,111414.0,1,43401975.4719
2023-04-30,Novoportovskoye,Arctic,64211.55,75543.0,1,25313091.9717
2023-04-30,Novorossiysk,Black sea,218883.615,263799.0,2,86286985.40361
2023-04-30,Primorsk,Baltic,101090.002,116062.0,1,39851094.048428
2023-04-30,Prirazlomnoye Field,Arctic,2952.04,3244.0,1,1163735.49656
2023-04-30,Ust Luga,Baltic,101090.002,116062.0,1,39851094.048428
2023-04-30,Yuri Korchagin,Caspian Sea,8068.944,9264.0,1,3180890.690016
2023-05-01,Nakhodka,Pacific,95676.0,112560.0,1,43848406.476
2023-05-01,Primorsk,Baltic,199968.535,229585.0,2,79175704.675665
2023-05-01,Ust Luga,Baltic,101090.002,116062.0,1,40220375.825734
2023-05-02,Kaliningrad,Baltic,18914.688,22734.0,1,7072485.56352
2023-05-02,Nakhodka,Pacific,95484.75,112335.0,1,37861476.238625
2023-05-02,Novoportovskoye,Arctic,64597.45,75997.0,1,24153955.51675
2023-05-02,Primorsk,Baltic,101697.96,116760.0,1,38026392.7134
2023-05-02,Ust Luga,Baltic,101090.002,116062.0,1,37799068.09783
2023-05-03,De Kastri,Pacific,86608.275,102495.0,1,34099222.800987
2023-05-03,Nakhodka,Pacific,192512.25,226485.0,2,80254891.8045
2023-05-03,Novorossiysk,Black sea,140931.284,161804.0,1,48121550.646936
2023-05-03,Primorsk,Baltic,200242.9,229900.0,2,68373739.1766
2023-05-03,Ust Luga,Baltic,68428.373,78563.0,1,23365141.674342
2023-05-03,Varandey,Arctic,69143.151,81633.0,1,23609205.481554
2023-05-04,Makhachkala Port,Caspian Sea,1755.25,2125.0,1,943102.846
2023-05-04,Nakhodka,Pacific,104010.25,122365.0,1,42864288.189
2023-05-04,Novoportovskoye,Arctic,64597.45,75997.0,1,21996465.2842
2023-05-04,Primorsk,Baltic,199408.482,228942.0,2,67901778.656712
2023-05-04,Yuri Korchagin,Caspian Sea,12418.718,14258.0,1,4228772.178488
2023-05-05,Nakhodka,Pacific,96460.55,113483.0,1,38078236.394786
2023-05-05,Novorossiysk,Black sea,227918.925,261675.0,2,83416959.03645
2023-05-05,Primorsk,Baltic,101697.96,116760.0,1,37220843.17224
2023-05-05,Ust Luga,Baltic,101090.002,116062.0,1,36998334.191988
2023-05-06,De Kastri,Pacific,95145.31,112598.0,1,37559039.483345
2023-05-06,Nakhodka,Pacific,203067.55,238903.0,2,82207867.014809
2023-05-06,Novoportovskoye,Arctic,39513.1,46486.0,1,14792914.378
2023-05-06,Novorossiysk,Black sea,143736.775,165025.0,1,53812173.8245
2023-05-06,Primorsk,Baltic,102107.33,117230.0,2,38226942.2054
2023-05-06,Yuri Korchagin,Caspian Sea,7850.323,9013.0,1,2939003.92474
2023-05-07,Murmansk,Arctic,148125.516942,170402.0,1,53815481.560198
2023-05-07,Nakhodka,Pacific,204085.0,240100.0,2,80563472.576405
2023-05-07,Novoportovskoye,Arctic,39110.2,46012.0,1,14209126.762
2023-05-07,Primorsk,Baltic,100396.686,115266.0,1,36475119.99066
2023-05-07,Prirazlomnoye Field,Arctic,66218.88,72768.0,1,24057981.2928
2023-05-07,Ust Luga,Baltic,188905.093,216883.0,2,68631109.33783
2023-05-08,Murmansk,Arctic,138042.366,162978.0,2,50237068.04655
2023-05-08,Prigorodnoye,Pacific,89017.389,111411.0,1,38649480.938631
2023-05-08,Primorsk,Baltic,92561.17,106270.0,2,33685323.79225
2023-05-08,Ust Luga,Baltic,101090.002,116062.0,2,36789178.97785
2023-05-08,Varandey,Arctic,69143.151,81633.0,1,25162921.227675
2023-05-08,Yuri Korchagin,Caspian Sea,9061.013,10403.0,1,3297529.156025
2023-05-09,Murmansk,Arctic,154728.21,170031.0,1,59158319.62677
2023-05-09,Nakhodka,Pacific,94104.35,110711.0,1,40900009.0144
2023-05-09,Novorossiysk,Black sea,282530.127,337161.0,2,108021721.166799
2023-05-09,Primorsk,Baltic,204948.042,235302.0,4,78359219.534154
2023-05-09,Ust Luga,Baltic,101090.002,116062.0,1,38650448.094674
2023-05-10,Arkhangelsk,Arctic,1891.54,2290.0,1,991497.9795
2023-05-10,De Kastri,Pacific,93905.695,111131.0,1,41108250.948895
2023-05-10,Nakhodka,Pacific,97591.05,114813.0,1,38749672.424062
2023-05-10,Novoportovskoye,Arctic,9288.8,10928.0,1,3492050.0496
2023-05-10,Novorossiysk,Black sea,151741.265,174215.0,1,57045914.64663
2023-05-10,Primorsk,Baltic,202180.004,232124.0,2,76007955.063768
2023-05-11,Nakhodka,Pacific,94104.35,110711.0,1,37433609.133219
2023-05-11,Novorossiysk,Black sea,83486.304,99864.0,1,30640141.458432
2023-05-11,Primorsk,Baltic,196717.963,225853.0,2,72197066.164704
2023-05-11,Prirazlomnoye Field,Arctic,66551.94,73134.0,1,24425094.39552
2023-05-11,Ust Luga,Baltic,91739.817,105327.0,1,33669246.757536
2023-05-11,Yuri Korchagin,Caspian Sea,8068.944,9264.0,1,2961366.999552
2023-05-12,Murmansk,Arctic,143432.4,168744.0,1,50731179.2856
2023-05-12,Nakhodka,Pacific,103923.55,122263.0,1,41483797.44208
2023-05-12,Novoportovskoye,Arctic,64597.45,75997.0,1,22847730.4803
2023-05-12,Novorossiysk,Black sea,225729.231,259161.0,2,79839074.629314
2023-05-12,Primorsk,Baltic,101090.002,116062.0,1,35754927.167388
2023-05-12,Ust Luga,Baltic,173163.51,198810.0,2,61246894.50594
2023-05-12,Varandey,Arctic,69143.151,81633.0,1,24455517.649794
2023-05-13,De Kastri,Pacific,93905.695,111131.0,1,40065146.488835
2023-05-13,Murmansk,Arctic,139776.175,165025.0,1,49476432.888575
2023-05-13,Nakhodka,Pacific,203067.55,238903.0,2,86639379.41015
2023-05-13,Primorsk,Baltic,193927.279,222649.0,2,68644245.020351
2023-05-13,Yuri Korchagin,Caspian Sea,8068.944,9264.0,1,2856156.038736
2023-05-14,Nakhodka,Pacific,101167.85,119021.0,1,43163566.70605
2023-05-14,Novoportovskoye,Arctic,11146.9,13114.0,1,3982397.2285
2023-05-14,Novorossiysk,Black sea,83486.304,99864.0,1,29826734.39856
2023-05-14,Primorsk,Baltic,99121.542,113802.0,1,35412657.70263
2023-05-14,Ust Luga,Baltic,99219.965,113915.0,1,35447820.795725
2023-05-14,Yuri Korchagin,Caspian Sea,9061.013,10403.0,1,3237182.809445
2023-05-15,Nakhodka,Pacific,101533.35,119451.0,1,43369665.85245
2023-05-15,Primorsk,Baltic,202180.004,232124.0,2,74248584.66896
2023-05-15,Ust Luga,Baltic,75479.989,86659.0,1,27719271.16036
2023-05-16,Murmansk,Arctic,143430.98,169340.0,1,52622818.52828
2023-05-16,Nakhodka,Pacific,102147.9,120174.0,1,44306038.7376
2023-05-16,Novoportovskoye,Arctic,7431.55,8743.0,1,2726531.6533
2023-05-16,Novorossiysk,Black sea,137668.685,171017.0,1,50508713.16491
2023-05-16,Primorsk,Baltic,99098.896,113776.0,2,36357997.557856
2023-05-16,Yuri Korchagin,Caspian Sea,8068.944,9264.0,1,2960382.588384
2023-05-17,Murmansk,Arctic,4525.521,5343.0,1,1698142.923477
2023-05-17,Nakhodka,Pacific,95676.0,112560.0,1,41166703.872
2023-05-17,Prigorodnoye,Pacific,95856.03,119970.0,1,41244165.74016
2023-05-17,Primorsk,Baltic,189199.491,217221.0,3,70994649.404367
2023-05-17,Prirazlomnoye Field,Arctic,66041.43,72573.0,1,24781188.06891
2023-05-17,Ust Luga,Baltic,207270.999,237969.0,2,77775747.851763
2023-05-17,Varandey,Arctic,69143.151,81633.0,1,25945068.551787
2023-05-18,De Kastri,Pacific,90981.995,107671.0,1,40528020.654745
2023-05-18,Nakhodka,Pacific,95684.5,112570.0,1,42622756.2095
2023-05-18,Novoportovskoye,Arctic,64597.45,75997.0,1,23506495.2754
2023-05-18,Novorossiysk,Black sea,86981.544,99864.0,1,31651888.009248
2023-05-18,Primorsk,Baltic,97709.651,112181.0,1,35555760.321692
2023-05-19,Murmansk,Arctic,153557.04,168744.0,1,54342607.99968
2023-05-19,Nakhodka,Pacific,199802.7,235062.0,2,87971929.9938
2023-05-19,Primorsk,Baltic,200217.641,229871.0,3,70855421.408772
2023-05-19,Prirazlomnoye Field,Arctic,2740.92,3012.0,1,969989.66064
2023-05-19,Ust Luga,Baltic,191456.252,219812.0,2,67754835.932784
2023-05-20,De Kastri,Pacific,93905.695,111131.0,1,41346114.07433
2023-05-20,Nakhodka,Pacific,104010.25,122365.0,1,45795089.0135
2023-05-20,Novoportovskoye,Arctic,4545.8,5348.0,1,1632414.9632
2023-05-21,Murmansk,Arctic,143465.355111,165041.0,1,52554228.884262
2023-05-21,Nakhodka,Pacific,100074.75,117735.0,1,40257920.863772
2023-05-21,Novorossiysk,Black sea,86981.544,99864.0,1,31863079.19808
2023-05-21,Primorsk,Baltic,270094.487,310097.0,3,98941012.47784
2023-05-21,Ust Luga,Baltic,101090.002,116062.0,1,37031289.53264
2023-05-21,Yuri Korchagin,Caspian Sea,4530.942,5202.0,1,1659774.67344
2023-05-22,Kaliningrad,Baltic,18914.688,22734.0,1,6904088.096256
2023-05-22,Nakhodka,Pacific,94104.35,110711.0,1,40875824.19645
2023-05-22,Novoportovskoye,Arctic,39110.2,46012.0,1,14275692.3224
2023-05-22,Novorossiysk,Black sea,198235.365,238149.0,2,72358287.04938
2023-05-22,Primorsk,Baltic,101090.002,116062.0,1,36899063.810024
2023-05-22,Ust Luga,Baltic,84229.184,96704.0,1,30744662.910208
2023-05-22,Varandey,Arctic,69143.151,81633.0,1,25238079.832812
2023-05-23,De Kastri,Pacific,84942.78,100524.0,1,37431904.74816
2023-05-23,Nakhodka,Pacific,104010.25,122365.0,1,41953657.877435
2023-05-23,Novorossiysk,Black sea,282416.94,337080.0,2,105348861.46044
2023-05-23,Primorsk,Baltic,299889.655,344305.0,3,111866638.44603
2023-05-23,Ust Luga,Baltic,101642.216,116696.0,1,37915189.265616
2023-05-24,Nakhodka,Pacific,193161.65,227249.0,2,82378617.667422
2023-05-24,Prirazlomnoye Field,Arctic,66885.0,73500.0,1,25369948.695
2023-05-24,Yuri Korchagin,Caspian Sea,8068.944,9264.0,1,3060606.941808
2023-05-25,Novoportovskoye,Arctic,9288.8,10928.0,1,3405543.4552
2023-05-25,Novorossiysk,Black sea,233957.568,268608.0,2,85775629.198272
2023-05-25,Primorsk,Baltic,97709.651,112181.0,1,35823191.636479
2023-05-25,Ust Luga,Baltic,199350.125,228875.0,3,73087536.978625
2023-05-26,De Kastri,Pacific,95145.31,112598.0,1,42261453.50518
2023-05-26,Nakhodka,Pacific,104010.25,122365.0,1,46199064.8245
2023-05-26,Novorossiysk,Black sea,86115.77,98870.0,1,31686211.45573
2023-05-26,Primorsk,Baltic,198899.818,228358.0,3,73184989.133282
2023-05-26,Ust Luga,Baltic,101090.002,116062.0,1,37195965.145898
2023-05-26,Varandey,Arctic,69143.151,81633.0,1,25441153.267299
2023-05-26,Yuri Korchagin,Caspian Sea,12834.185,14735.0,1,4722325.536565
2023-05-27,Nakhodka,Pacific,104010.25,122365.0,1,46199064.8245
2023-05-27,Novoportovskoye,Arctic,64597.45,75997.0,1,23571544.90755
2023-05-27,Prigorodnoye,Pacific,89012.595,111405.0,1,39537436.42191
2023-05-27,Primorsk,Baltic,188482.658,216398.0,2,68777133.421542
2023-05-28,Nakhodka,Pacific,204212.5,240250.0,2,86574005.128843
2023-05-28,Novoportovskoye,Arctic,64211.55,75543.0,1,23181332.72325
2023-05-28,Novorossiysk,Black sea,221304.634,258094.0,2,79894292.44351
2023-05-28,Primorsk,Baltic,101090.002,116062.0,1,36495007.07203
2023-05-28,Ust Luga,Baltic,102796.291,118021.0,1,37111002.995365
2023-05-28,Yuri Korchagin,Caspian Sea,8068.944,9264.0,1,2913009.81816
2023-05-29,Nakhodka,Pacific,96827.75,113915.0,1,43827725.449
2023-05-29,Primorsk,Baltic,198799.653,228243.0,3,73452893.389746
2023-05-29,Ust Luga,Baltic,99440.328,114168.0,2,36741411.270096
2023-05-30,De Kastri,Pacific,93905.695,111131.0,1,41497396.148975
2023-05-30,Murmansk,Arctic,137531.7,161802.0,1,48418034.985
2023-05-30,Nakhodka,Pacific,99057.3,116538.0,1,43773916.1565
2023-05-30,Novoportovskoye,Arctic,64597.45,75997.0,1,22741532.2725
2023-05-30,Novorossiysk,Black sea,233720.656,268336.0,2,82281356.9448
2023-05-30,Primorsk,Baltic,199253.444,228764.0,2,70147174.9602
2023-05-30,Ust Luga,Baltic,69953.494,80314.0,1,24627127.5627
2023-05-30,Yuri Korchagin,Caspian Sea,12858.573,14763.0,1,4526860.62465
2023-05-31,Murmansk,Arctic,103553.373,122259.0,1,35077151.803155
2023-05-31,Nakhodka,Pacific,197738.05,232633.0,2,84594315.1705
2023-05-31,Novorossiysk,Black sea,221954.69,267614.0,2,75183821.91715
2023-05-31,Primorsk,Baltic,195966.29,224990.0,2,66380641.24315
2023-05-31,Ust Luga,Baltic,99219.965,113915.0,1,33609274.844275
2023-05-31,Varandey,Arctic,69143.151,81633.0,2,23421205.253985
2023-05-31,Yuri Korchagin,Caspian Sea,12418.718,14258.0,1,4206654.44173
2023-06-01,Nakhodka,Pacific,102398.65,120469.0,1,43208748.7459
2023-06-01,Novoportovskoye,Arctic,11146.9,13114.0,1,3935702.8644
2023-06-01,Primorsk,Baltic,101090.002,116062.0,1,35692453.546152
2023-06-01,Prirazlomnoye Field,Arctic,66551.94,73134.0,1,23497892.76744
2023-06-01,Ust Luga,Baltic,73274.617,84127.0,1,25871508.671892
2023-06-02,Murmansk,Arctic,148149.85653,170430.0,1,54739742.339413
2023-06-02,Nakhodka,Pacific,104010.25,122365.0,1,43619610.6245
2023-06-02,Novorossiysk,Black sea,143750.711,165041.0,1,53114306.456679
2023-06-02,Primorsk,Baltic,101609.118,116658.0,1,37543451.400702
2023-06-02,Ust Luga,Baltic,85151.573,97763.0,1,31462569.556197
2023-06-02,Yuri Korchagin,Caspian Sea,9061.013,10403.0,1,3347944.632357
2023-06-03,De Kastri,Pacific,90981.995,107671.0,1,38155847.09911
2023-06-03,Nakhodka,Pacific,94800.5,111530.0,1,39757244.089
2023-06-03,Novoportovskoye,Arctic,5682.25,6685.0,1,2114558.4215
2023-06-03,Primorsk,Baltic,193927.279,222649.0,3,72166934.043386
2023-06-04,Murmansk,Arctic,140284.85,165041.0,1,51351549.9122
2023-06-04,Nakhodka,Pacific,94597.35,111291.0,1,38213585.997116
2023-06-04,Novorossiysk,Black sea,142582.7,163700.0,1,52192682.5004
2023-06-04,Primorsk,Baltic,101697.96,116760.0,1,37226741.65392
2023-06-04,Prirazlomnoye Field,Arctic,66050.53,72583.0,1,24177928.60756
2023-06-04,Ust Luga,Baltic,99277.451,113981.0,1,36340709.493452
2023-06-04,Yuri Korchagin,Caspian Sea,8373.794,9614.0,1,3065244.041288
2023-06-05,Nakhodka,Pacific,95676.0,112560.0,1,43492013.376
2023-06-05,Novoportovskoye,Arctic,39110.2,46012.0,1,14922575.0304
2023-06-05,Novorossiysk,Black sea,83486.304,99864.0,1,31854366.263808
2023-06-05,Primorsk,Baltic,201716.632,231592.0,2,76965384.372864
2023-06-05,Ust Luga,Baltic,111352.124,127844.0,1,42486625.616448
2023-06-05,Varandey,Arctic,69143.151,81633.0,1,26381707.550352
2023-06-06,Nakhodka,Pacific,200838.0,236280.0,3,88631416.104
2023-06-06,Primorsk,Baltic,101697.96,116760.0,1,38839061.11176
2023-06-06,Ust Luga,Baltic,69200.95,79450.0,1,26428258.0107
2023-06-07,De Kastri,Pacific,93905.695,111131.0,1,41786062.255405
2023-06-07,Nakhodka,Pacific,97591.05,114813.0,1,39592135.209805
2023-06-07,Novoportovskoye,Arctic,9288.8,10928.0,1,3553114.6208
2023-06-07,Primorsk,Baltic,197538.445,226795.0,2,75561615.82762
2023-06-07,Ust Luga,Baltic,101090.002,116062.0,1,38668543.205032
2023-06-07,Yuri Korchagin,Caspian Sea,12418.718,14258.0,1,4750358.334488
2023-06-08,Nakhodka,Pacific,100074.75,117735.0,1,40524132.317747
2023-06-08,Prigorodnoye,Pacific,89017.389,111411.0,1,40113816.987681
2023-06-08,Primorsk,Baltic,99087.573,113763.0,1,37255342.046832
2023-06-08,Ust Luga,Baltic,101090.002,116062.0,1,38008223.311968
2023-06-09,Arkhangelsk,Arctic,2916.606,3531.0,1,1414040.587344
2023-06-09,Murmansk,Arctic,142742.369,168527.0,1,53189375.248625
2023-06-09,Nakhodka,Pacific,94104.35,110711.0,1,41598075.0827
2023-06-09,Novorossiysk,Black sea,143600.028,164868.0,1,53508960.4335
2023-06-09,Primorsk,Baltic,197225.756,226436.0,2,73491247.3295
2023-06-09,Prirazlomnoye Field,Arctic,2952.04,3244.0,1,1100003.905
2023-06-09,Yuri Korchagin,Caspian Sea,8068.944,9264.0,1,3006690.258
2023-06-10,Kaliningrad,Baltic,18914.688,22734.0,1,6645959.34912
2023-06-10,Nakhodka,Pacific,99057.3,116538.0,1,43787487.0066
2023-06-10,Novoportovskoye,Arctic,13005.0,15300.0,1,4569501.825
2023-06-10,Novorossiysk,Black sea,283976.302,339094.0,2,99779333.35223
2023-06-10,Prirazlomnoye Field,Arctic,66041.43,72573.0,1,23204647.05195
2023-06-10,Ust Luga,Baltic,99194.706,113886.0,2,34853547.87369
2023-06-10,Varandey,Arctic,69143.151,81633.0,1,24294483.251115
2023-06-11,De Kastri,Pacific,82170.335,97243.0,1,36322739.22407
2023-06-11,Nakhodka,Pacific,104010.25,122365.0,2,45976898.9305
2023-06-11,Novorossiysk,Black sea,169602.074,198734.0,2,61786544.364422
2023-06-11,Primorsk,Baltic,200917.925,230675.0,2,73195002.831275
2023-06-11,Ust Luga,Baltic,101090.002,116062.0,2,36827390.998606
2023-06-11,Yuri Korchagin,Caspian Sea,4530.942,5202.0,1,1650635.763426
2023-06-12,Nakhodka,Pacific,94461.35,111131.0,1,40090908.3216
2023-06-12,Novorossiysk,Black sea,143234.208,164448.0,1,49771738.76688
2023-06-12,Primorsk,Baltic,99219.965,113915.0,1,34477449.538025
2023-06-12,Ust Luga,Baltic,101096.97,116070.0,2,35129680.62045
2023-06-12,Yuri Korchagin,Caspian Sea,8373.794,9614.0,1,2909767.80809
2023-06-13,Murmansk,Arctic,155725.553295,179145.0,1,57311208.202499
2023-06-13,Nakhodka,Pacific,96140.95,113107.0,1,38729188.403111
2023-06-13,Novoportovskoye,Arctic,64597.45,75997.0,1,23773605.73115
2023-06-13,Primorsk,Baltic,198799.653,228243.0,2,73163639.894631
2023-06-14,De Kastri,Pacific,88273.77,104466.0,1,38620127.47008
2023-06-14,Nakhodka,Pacific,104010.25,122365.0,1,41837216.972973
2023-06-14,Novoportovskoye,Arctic,64597.45,75997.0,1,22997467.3694
2023-06-14,Novorossiysk,Black sea,147085.77,168870.0,1,52364299.14924
2023-06-14,Primorsk,Baltic,302039.283,346773.0,4,107529609.219396
2023-06-14,Prirazlomnoye Field,Arctic,2740.92,3012.0,1,975800.41104
2023-06-14,Ust Luga,Baltic,64090.793,73583.0,1,22817091.397516
2023-06-14,Yuri Korchagin,Caspian Sea,8068.944,9264.0,1,2872640.891328
2023-06-15,Nakhodka,Pacific,101167.85,119021.0,1,43468284.27025
2023-06-15,Novorossiysk,Black sea,86115.77,98870.0,1,32401316.80981
2023-06-15,Primorsk,Baltic,97709.651,112181.0,1,36763549.317703
2023-06-15,Ust Luga,Baltic,97510.192,111952.0,1,36688502.270576
2023-06-16,De Kastri,Pacific,93905.695,111131.0,1,41035849.65805
2023-06-16,Murmansk,Arctic,282065.259,332412.0,2,106735468.462413
2023-06-16,Nakhodka,Pacific,95684.5,112570.0,1,41813169.655
2023-06-16,Novoportovskoye,Arctic,64597.45,75997.0,1,24444127.26215
2023-06-16,Novorossiysk,Black sea,143660.127,164937.0,1,54361997.677689
2023-06-16,Yuri Korchagin,Caspian Sea,9061.013,10403.0,1,3428750.746291
2023-06-17,Arkhangelsk,Arctic,3791.34,4590.0,1,1832934.69702
2023-06-17,Nakhodka,Pacific,200751.3,236178.0,2,83516617.83226
2023-06-17,Novoportovskoye,Arctic,39513.1,46486.0,1,14961279.6971
2023-06-17,Primorsk,Baltic,197311.985,226535.0,3,74710407.312385
2023-06-17,Prirazlomnoye Field,Arctic,66050.53,72583.0,1,25009438.72973
2023-06-17,Ust Luga,Baltic,97778.46,112260.0,1,37022933.87286
2023-06-18,Nakhodka,Pacific,102398.65,120469.0,1,44747186.0635
2023-06-18,Novorossiysk,Black sea,82655.32,98870.0,1,31424478.14484
2023-06-18,Ust Luga,Baltic,99121.542,113802.0,1,37684721.688354
2023-06-18,Yuri Korchagin,Caspian Sea,8373.794,9614.0,1,3183607.619478
2023-06-19,Nakhodka,Pacific,102147.9,120174.0,1,45420574.4745
2023-06-19,Novoportovskoye,Arctic,39110.2,46012.0,1,14754010.0684
2023-06-19,Novorossiysk,Black sea,280003.254,334308.0,3,105628987.545468
2023-06-19,Primorsk,Baltic,98820.176,113456.0,1,37279120.834592
2023-06-19,Ust Luga,Baltic,101090.002,116062.0,1,38135394.534484
2023-06-20,Nakhodka,Pacific,99057.3,116538.0,2,44212145.6517
2023-06-20,Prigorodnoye,Pacific,95856.03,119970.0,1,42783326.01387
2023-06-20,Primorsk,Baltic,105447.615,121065.0,1,39256565.350275
2023-06-20,Prirazlomnoye Field,Arctic,2952.04,3244.0,1,1099000.2114
2023-06-20,Varandey,Arctic,69143.151,81633.0,1,25740957.970035
2023-06-20,Yuri Korchagin,Caspian Sea,12418.718,14258.0,1,4623302.43063
2023-06-21,De Kastri,Pacific,93905.695,111131.0,1,41552424.886245
2023-06-21,Primorsk,Baltic,97215.794,111614.0,1,37225871.83848
2023-06-21,Ust Luga,Baltic,75567.96,86760.0,1,28936483.2432
2023-06-22,Murmansk,Arctic,148609.700889,170959.0,1,53359650.591503
2023-06-22,Novorossiysk,Black sea,168771.09,197740.0,2,60598778.80431
2023-06-22,Ust Luga,Baltic,286518.934,328954.0,3,102877201.923106
2023-06-22,Yuri Korchagin,Caspian Sea,6795.542,7802.0,1,2440000.514978
2023-06-23,Murmansk,Arctic,6708.24,7920.0,1,2421936.26136
2023-06-23,Novoportovskoye,Arctic,64597.45,75997.0,1,23322198.75055
2023-06-23,Novorossiysk,Black sea,86981.544,99864.0,1,31403729.664216
2023-06-24,De Kastri,Pacific,90981.995,107671.0,1,38725121.441825
2023-06-24,Murmansk,Arctic,130889.451,154533.0,1,47943497.00679
2023-06-24,Nakhodka,Pacific,100074.75,117735.0,1,39976810.795264
2023-06-24,Novorossiysk,Black sea,86115.77,98870.0,1,31543345.3933
2023-06-24,Primorsk,Baltic,99704.241,114471.0,1,36520666.43589
2023-06-24,Prirazlomnoye Field,Arctic,66041.43,72573.0,1,24190315.3947
2023-06-24,Varandey,Arctic,69143.151,81633.0,1,25326444.77979
2023-06-24,Yuri Korchagin,Caspian Sea,8373.794,9614.0,1,3067237.00426
2023-06-25,Murmansk,Arctic,143786.985381,165411.0,1,52824894.050228
2023-06-25,Nakhodka,Pacific,94104.35,110711.0,1,40054105.01225
2023-06-25,Novoportovskoye,Arctic,64211.55,75543.0,1,23590231.87365
2023-06-25,Novorossiysk,Black sea,136307.43,169326.0,1,50077032.55569
2023-06-25,Ust Luga,Baltic,140931.284,161804.0,1,51775757.909772
2023-06-26,Nakhodka,Pacific,198894.9,233994.0,2,82332245.859069
2023-06-26,Novoportovskoye,Arctic,64597.45,75997.0,1,23829740.9152
2023-06-26,Novorossiysk,Black sea,144606.904,166024.0,1,53344908.457984
2023-06-26,Primorsk,Baltic,199709.848,229288.0,2,73672164.087808
2023-06-26,Ust Luga,Baltic,101090.002,116062.0,1,37291697.377792
2023-06-27,De Kastri,Pacific,95145.31,112598.0,1,41332264.40772
2023-06-27,Kaliningrad,Baltic,18914.688,22734.0,1,6717608.187264
2023-06-27,Nakhodka,Pacific,96827.75,113915.0,1,42063136.533
2023-06-27,Novorossiysk,Black sea,86548.657,99367.0,1,30738015.179521
2023-06-27,Yuri Korchagin,Caspian Sea,8068.944,9264.0,1,2865709.668432
2023-06-28,Nakhodka,Pacific,199013.05,234133.0,2,85264355.0898
2023-06-28,Novoportovskoye,Arctic,64597.45,75997.0,1,23637240.5142
2023-06-28,Novorossiysk,Black sea,233541.23,268130.0,2,85456472.71668
2023-06-28,Primorsk,Baltic,202787.962,232822.0,2,74203359.903192
2023-06-28,Prirazlomnoye Field,Arctic,2740.92,3012.0,1,1002946.48272
2023-06-28,Ust Luga,Baltic,97041.594,111414.0,1,35509071.910104
2023-06-29,Murmansk,Arctic,284423.812504,331436.0,2,104334049.445592
2023-06-29,Nakhodka,Pacific,96191.1,113166.0,1,41211730.1196
2023-06-29,Primorsk,Baltic,202180.004,232124.0,2,74164882.147304
2023-06-29,Prirazlomnoye Field,Arctic,66050.53,72583.0,1,24229051.71778
2023-06-29,Varandey,Arctic,69143.151,81633.0,1,25363505.508726
2023-06-29,Yuri Korchagin,Caspian Sea,8068.944,9264.0,1,2959898.451744
2023-06-30,Nakhodka,Pacific,194418.8,228728.0,2,82326100.526082
2023-06-30,Novoportovskoye,Arctic,64597.45,75997.0,1,24059966.227
2023-06-30,Novorossiysk,Black sea,222044.045,267725.0,2,82702525.0007
2023-06-30,Primorsk,Baltic,202787.962,232822.0,2,75530404.32652
2023-06-30,Ust Luga,Baltic,101090.002,116062.0,1,37651982.14492
2023-06-30,Yuri Korchagin,Caspian Sea,8373.794,9614.0,1,3118903.31324
2023-07-01,De Kastri,Pacific,93905.695,111131.0,1,41970868.663165
2023-07-01,Nakhodka,Pacific,95676.0,112560.0,1,42762101.172
2023-07-01,Primorsk,Baltic,101090.002,116062.0,1,37868618.019206
2023-07-01,Ust Luga,Baltic,75016.617,86127.0,1,28101449.778051
2023-07-02,Nakhodka,Pacific,104010.25,122365.0,1,46487069.20675
2023-07-02,Novoportovskoye,Arctic,11363.65,13369.0,1,4222073.2483
2023-07-02,Novorossiysk,Black sea,150644.676,172956.0,1,55970824.210392
2023-07-02,Primorsk,Baltic,101090.002,116062.0,1,37559181.523084
2023-07-02,Prirazlomnoye Field,Arctic,2952.04,3244.0,1,1096806.84568
2023-07-02,Yuri Korchagin,Caspian Sea,8068.944,9264.0,1,2997951.591648
2023-07-03,Nakhodka,Pacific,104010.25,122365.0,1,45986675.894
2023-07-03,Novorossiysk,Black sea,221002.844,270692.0,2,82986788.924844
2023-07-03,Primorsk,Baltic,101090.002,116062.0,1,37959396.841002
2023-07-03,Ust Luga,Baltic,101090.002,116062.0,1,37959396.841002
2023-07-04,De Kastri,Pacific,86608.275,102495.0,1,38323988.47095
2023-07-04,Makhachkala Port,Caspian Sea,1694.952,2052.0,1,813575.265048
2023-07-04,Nakhodka,Pacific,104010.25,122365.0,1,46024327.6045
2023-07-04,Novoportovskoye,Arctic,39110.2,46012.0,1,15238311.675
2023-07-04,Primorsk,Baltic,98900.308,113548.0,1,38534032.5045
2023-07-04,Ust Luga,Baltic,101090.002,116062.0,2,39387192.02925
2023-07-04,Varandey,Arctic,69143.151,81633.0,1,26939900.208375
2023-07-04,Yuri Korchagin,Caspian Sea,8068.944,9264.0,1,3143862.306
2023-07-05,Nakhodka,Pacific,101167.85,119021.0,1,45135631.6061
2023-07-05,Novorossiysk,Black sea,86115.77,98870.0,1,33614601.89334
2023-07-05,Primorsk,Baltic,98159.087,112697.0,1,38315614.337754
2023-07-06,Nakhodka,Pacific,103923.55,122263.0,1,47551363.46155
2023-07-06,Novoportovskoye,Arctic,14862.25,17485.0,1,5836242.09025
2023-07-06,Novorossiysk,Black sea,141969.516,162996.0,1,55749867.268524
2023-07-06,Prigorodnoye,Pacific,89012.595,111405.0,1,40728691.980795
2023-07-06,Ust Luga,Baltic,101090.002,116062.0,1,39696931.795378
2023-07-06,Yuri Korchagin,Caspian Sea,8373.794,9614.0,1,3288296.792066
2023-07-07,Arkhangelsk,Arctic,6707.946,8121.0,2,3220793.440116
2023-07-07,Nakhodka,Pacific,199226.4,234384.0,2,91488946.6344
2023-07-07,Primorsk,Baltic,101090.002,116062.0,1,41396557.999004
2023-07-07,Prirazlomnoye Field,Arctic,66218.88,72768.0,1,27116763.79776
2023-07-07,Ust Luga,Baltic,202180.004,232124.0,2,80735074.912948
2023-07-08,De Kastri,Pacific,93905.695,111131.0,1,43123467.163595
2023-07-08,Murmansk,Arctic,139347.618384,160304.0,1,55644673.986519
2023-07-08,Nakhodka,Pacific,100074.75,117735.0,1,39962124.237294
2023-07-08,Novorossiysk,Black sea,151741.265,174215.0,1,61747010.777595
2023-07-08,Primorsk,Baltic,101090.002,116062.0,1,40367537.456474
2023-07-09,Nakhodka,Pacific,104010.25,122365.0,1,47763691.01525
2023-07-09,Novoportovskoye,Arctic,16720.35,19671.0,1,6821200.5453
2023-07-09,Primorsk,Baltic,101697.96,116760.0,1,41488496.36568
2023-07-09,Varandey,Arctic,69143.151,81633.0,1,27610433.105453
2023-07-09,Yuri Korchagin,Caspian Sea,8068.944,9264.0,1,3291790.256352
2023-07-10,Nakhodka,Pacific,96827.75,113915.0,1,44618420.8555
2023-07-10,Novorossiysk,Black sea,86115.77,98870.0,1,34174551.962792
2023-07-10,Primorsk,Baltic,202787.962,232822.0,3,81158320.927171
2023-07-10,Ust Luga,Baltic,101090.002,116062.0,1,40795982.297122
2023-07-10,Yuri Korchagin,Caspian Sea,8068.944,9264.0,1,3256311.109584
2023-07-11,Murmansk,Arctic,141443.918,166994.0,1,58197382.948936
2023-07-11,Nakhodka,Pacific,195637.7,230162.0,2,90447221.464
2023-07-11,Novoportovskoye,Arctic,64597.45,75997.0,1,26578749.9974
2023-07-11,Novorossiysk,Black sea,140933.897,161807.0,1,57987533.788444
2023-07-11,Prigorodnoye,Pacific,485.792,608.0,1,224591.35744
2023-07-12,De Kastri,Pacific,93905.695,111131.0,1,43895747.599275
2023-07-12,Nakhodka,Pacific,102053.55,120063.0,1,47704421.67975
2023-07-12,Primorsk,Baltic,97843.785,112335.0,1,38596240.325673
2023-07-12,Ust Luga,Baltic,98318.48,112880.0,1,40627162.3056
2023-07-12,Yuri Korchagin,Caspian Sea,8373.794,9614.0,1,3460219.15668
2023-07-13,Nakhodka,Pacific,104010.25,122365.0,1,48752412.45175
2023-07-13,Novoportovskoye,Arctic,64597.45,75997.0,1,26966399.29485
2023-07-13,Primorsk,Baltic,101090.002,116062.0,1,39306183.851376
2023-07-13,Prirazlomnoye Field,Arctic,66218.88,72768.0,1,27643270.11264
2023-07-13,Ust Luga,Baltic,101090.002,116062.0,1,39306183.851376
2023-07-14,Murmansk,Arctic,143465.355111,165041.0,1,58691102.91449
2023-07-14,Nakhodka,Pacific,94884.65,111629.0,1,36765168.569801
2023-07-14,Novorossiysk,Black sea,82655.32,98870.0,1,33813960.79072
2023-07-14,Primorsk,Baltic,101090.002,116062.0,1,41355515.458192
2023-07-14,Ust Luga,Baltic,101090.002,116062.0,1,41355515.458192
2023-07-14,Varandey,Arctic,69143.151,81633.0,1,28286186.501496
2023-07-14,Yuri Korchagin,Caspian Sea,8068.944,9264.0,1,3300972.714624
2023-07-15,De Kastri,Pacific,90981.995,107671.0,1,43014558.578095
2023-07-15,Novoportovskoye,Arctic,64597.45,75997.0,1,26264160.4159
2023-07-15,Novorossiysk,Black sea,234560.3,269300.0,2,93722344.826355
2023-07-15,Primorsk,Baltic,101090.002,116062.0,1,39169570.254531
2023-07-16,Kaliningrad,Baltic,18914.688,22734.0,1,7529332.022784
2023-07-16,Nakhodka,Pacific,95676.0,112560.0,1,45233794.956
2023-07-16,Ust Luga,Baltic,198024.463,227353.0,2,76728983.699043
2023-07-16,Yuri Korchagin,Caspian Sea,12418.718,14258.0,1,4943494.236824
2023-07-17,Nakhodka,Pacific,190295.45,223877.0,2,87071776.39745
2023-07-17,Primorsk,Baltic,286828.139,329309.0,4,109735569.903037
2023-07-17,Ust Luga,Baltic,101090.002,116062.0,1,38675316.235166
2023-07-18,De Kastri,Pacific,95145.31,112598.0,1,43548293.82293
2023-07-18,Nakhodka,Pacific,196031.25,230625.0,2,83004922.084497
2023-07-18,Novoportovskoye,Arctic,39110.2,46012.0,1,15236903.7078
2023-07-18,Novorossiysk,Black sea,137818.33,158230.0,1,53239460.722771
2023-07-18,Primorsk,Baltic,101090.002,116062.0,1,39383552.789178
2023-07-19,Nakhodka,Pacific,94873.6,111616.0,1,36757611.213997
2023-07-19,Novorossiysk,Black sea,132157.655,164171.0,1,50432814.882205
2023-07-19,Prirazlomnoye Field,Arctic,66041.43,72573.0,1,25202136.14373
2023-07-19,Varandey,Arctic,69143.151,81633.0,1,26385786.996261
2023-07-19,Yuri Korchagin,Caspian Sea,8373.794,9614.0,1,3195531.902134
2023-07-20,Murmansk,Arctic,140153.95,164887.0,1,53108396.11955
2023-07-20,Nakhodka,Pacific,104010.25,122365.0,1,48882321.254
2023-07-20,Novoportovskoye,Arctic,64597.45,75997.0,1,24477847.13105
2023-07-20,Primorsk,Baltic,98318.48,112880.0,1,37255723.30792
2023-07-21,De Kastri,Pacific,93905.695,111131.0,1,44787945.60747
2023-07-21,Nakhodka,Pacific,104010.25,122365.0,1,40656160.95126
2023-07-21,Novorossiysk,Black sea,105014.665,130453.0,2,42291190.844805
2023-07-21,Yuri Korchagin,Caspian Sea,20903.129,23999.0,2,8418045.401493
2023-07-22,Murmansk,Arctic,144893.749,171067.0,1,58985086.067908
2023-07-22,Nakhodka,Pacific,198027.9,232974.0,2,94448614.7934
2023-07-22,Novoportovskoye,Arctic,16720.35,19671.0,1,6806720.7222
2023-07-22,Primorsk,Baltic,196929.616,226096.0,2,78584998.37416
2023-07-22,Ust Luga,Baltic,101090.002,116062.0,1,39514676.600385
2023-07-22,Yuri Korchagin,Caspian Sea,8068.944,9264.0,1,3284802.550848
2023-07-23,Nakhodka,Pacific,96827.75,113915.0,1,46181608.0515
2023-07-23,Novorossiysk,Black sea,86115.77,98870.0,1,33661457.457911
2023-07-23,Primorsk,Baltic,99121.542,113802.0,1,38745232.948571
2023-07-23,Prirazlomnoye Field,Arctic,2740.92,3012.0,1,1091450.78952
2023-07-23,Ust Luga,Baltic,101090.002,116062.0,1,40254645.336412
2023-07-23,Yuri Korchagin,Caspian Sea,8068.944,9264.0,1,3213101.914464
2023-07-24,Nakhodka,Pacific,100074.75,117735.0,1,39213014.482305
2023-07-24,Novoportovskoye,Arctic,64597.45,75997.0,1,26077925.96755
2023-07-24,Novorossiysk,Black sea,134598.243,154533.0,1,52740604.918341
2023-07-24,Ust Luga,Baltic,101090.002,116062.0,1,40809932.717398
2023-07-24,Varandey,Arctic,69143.151,81633.0,1,27913020.915549
2023-07-25,De Kastri,Pacific,88273.77,104466.0,1,44077918.12164
2023-07-25,Murmansk,Arctic,143451.446775,165025.0,1,56438507.148674
2023-07-25,Nakhodka,Pacific,96827.75,113915.0,1,48349194.063
2023-07-25,Primorsk,Baltic,97709.651,112181.0,1,38442183.473461
2023-07-26,Nakhodka,Pacific,193161.65,227249.0,2,96559190.8952
2023-07-26,Novoportovskoye,Arctic,64597.45,75997.0,1,28179151.82115
2023-07-26,Novorossiysk,Black sea,91774.025,114005.0,1,36080793.923501
2023-07-26,Prigorodnoye,Pacific,89017.389,111411.0,1,44498724.552432
2023-07-26,Prirazlomnoye Field,Arctic,66050.53,72583.0,1,28813024.55031
2023-07-26,Ust Luga,Baltic,99704.241,114471.0,1,43493681.938707
2023-07-27,Novorossiysk,Black sea,234828.568,269608.0,2,98303089.942511
2023-07-27,Ust Luga,Baltic,100089.223,114913.0,1,43510286.576445
2023-07-27,Yuri Korchagin,Caspian Sea,8068.944,9264.0,1,3507690.99096
2023-07-28,Nakhodka,Pacific,196503.0,231180.0,2,89251190.836405
2023-07-28,Novoportovskoye,Arctic,64597.45,75997.0,1,28943081.26485
2023-07-28,Primorsk,Baltic,101090.002,116062.0,1,45293678.666106
2023-07-28,Yuri Korchagin,Caspian Sea,9061.013,10403.0,1,4059814.057689
2023-07-29,De Kastri,Pacific,93905.695,111131.0,1,47769263.61233
2023-07-29,Murmansk,Arctic,292016.66,344153.0,3,115693404.945641
2023-07-29,Nakhodka,Pacific,101167.85,119021.0,1,51463478.2879
2023-07-29,Primorsk,Baltic,97709.651,112181.0,1,38585337.83517
2023-07-29,Ust Luga,Baltic,101090.002,116062.0,1,45434395.94889
2023-07-29,Varandey,Arctic,69143.151,81633.0,1,27304486.435256
2023-07-30,Murmansk,Arctic,108522.399453,124843.0,1,49150228.801862
2023-07-30,Nakhodka,Pacific,199802.7,235062.0,2,90737629.26368
2023-07-30,Novorossiysk,Black sea,86115.77,98870.0,1,34006938.356435
2023-07-30,Primorsk,Baltic,101090.002,116062.0,1,39920231.41018
2023-07-30,Prirazlomnoye Field,Arctic,2952.04,3244.0,1,1336990.72416
2023-07-30,Ust Luga,Baltic,109421.117,125627.0,1,43210171.385697
2023-07-30,Yuri Korchagin,Caspian Sea,8068.944,9264.0,1,3654457.013376
2023-07-31,Nakhodka,Pacific,101926.9,119914.0,1,52391547.7959
2023-07-31,Novoportovskoye,Arctic,39110.2,46012.0,1,17751689.5678
2023-07-31,Primorsk,Baltic,101090.002,116062.0,1,45883639.917778
2023-07-31,Ust Luga,Baltic,99219.965,113915.0,1,45034850.693885
2023-08-01,De Kastri,Pacific,90981.995,107671.0,1,47093827.305915
2023-08-01,Murmansk,Arctic,6631.954,8029.0,1,3404520.217854
2023-08-01,Nakhodka,Pacific,94104.35,110711.0,1,48710011.33395
2023-08-01,Novorossiysk,Black sea,82655.32,98870.0,1,37122074.66308
2023-08-01,Prirazlomnoye Field,Arctic,66041.43,72573.0,1,29660461.00017
2023-08-01,Ust Luga,Baltic,101090.002,116062.0,1,45401440.608238
2023-08-02,Kaliningrad,Baltic,18914.688,22734.0,1,8088298.88256
2023-08-02,Nakhodka,Pacific,96289.7,113282.0,1,50008151.9847
2023-08-02,Novoportovskoye,Arctic,64597.45,75997.0,1,27623161.569
2023-08-02,Novorossiysk,Black sea,282486.021,337383.0,2,116381648.541689
2023-08-02,Primorsk,Baltic,101090.002,116062.0,1,43228106.65524
2023-08-02,Ust Luga,Baltic,98260.123,112813.0,1,38891026.498585
2023-08-02,Varandey,Arctic,69143.151,81633.0,1,29566994.23062
2023-08-02,Yuri Korchagin,Caspian Sea,8068.944,9264.0,1,3450441.83328
2023-08-03,Nakhodka,Pacific,104010.25,122365.0,1,52618161.4135
2023-08-03,Novoportovskoye,Arctic,14862.25,17485.0,1,6753971.1655
2023-08-03,Novorossiysk,Black sea,86115.77,98870.0,1,34249578.421547
2023-08-03,Primorsk,Baltic,97709.651,112181.0,1,38860644.855947
2023-08-03,Yuri Korchagin,Caspian Sea,8068.944,9264.0,1,3666834.773472
2023-08-04,Nakhodka,Pacific,104010.25,122365.0,2,41313582.885152
2023-08-04,Primorsk,Baltic,101090.002,116062.0,1,46214406.404322
2023-08-04,Prirazlomnoye Field,Arctic,2740.92,3012.0,1,1253041.72812
2023-08-04,Ust Luga,Baltic,101090.002,116062.0,1,46214406.404322
2023-08-04,Yuri Korchagin,Caspian Sea,9061.013,10403.0,1,4142341.764093
2023-08-05,De Kastri,Pacific,93905.695,111131.0,1,49124041.074095
2023-08-05,Nakhodka,Pacific,302312.7,355662.0,3,145358103.718667
2023-08-05,Novorossiysk,Black sea,86115.77,98870.0,1,34205773.004234
2023-08-05,Ust Luga,Baltic,99098.896,113776.0,1,43450109.148992
2023-08-06,Murmansk,Arctic,100000.208,118064.0,1,45368094.36544
2023-08-06,Novoportovskoye,Arctic,64597.45,75997.0,1,29306571.116
2023-08-06,Novorossiysk,Black sea,143653.159,164929.0,1,65172565.17512
2023-08-06,Primorsk,Baltic,198600.194,228014.0,2,84594227.484826
2023-08-06,Prirazlomnoye Field,Arctic,66050.53,72583.0,1,29965804.4504
2023-08-06,Ust Luga,Baltic,101090.002,116062.0,1,40153640.400702
2023-08-07,Murmansk,Arctic,146400.014007,168417.0,1,67666672.074091
2023-08-07,Nakhodka,Pacific,99642.1,117226.0,1,39441598.847335
2023-08-07,Novorossiysk,Black sea,149289.4,171400.0,1,59093622.343963
2023-08-07,Varandey,Arctic,69143.151,81633.0,1,27369118.322303
2023-08-08,De Kastri,Pacific,93905.695,111131.0,1,49151743.25412
2023-08-08,Nakhodka,Pacific,145236.1,170866.0,2,57699315.090262
2023-08-08,Novoportovskoye,Arctic,64597.45,75997.0,1,30718154.5934
2023-08-08,Primorsk,Baltic,101090.002,116062.0,1,48071530.831064
2023-08-08,Prirazlomnoye Field,Arctic,2952.04,3244.0,1,1403789.48528
2023-08-08,Yuri Korchagin,Caspian Sea,16442.738,18878.0,2,7819048.086616
2023-08-09,Murmansk,Arctic,146684.265624,168744.0,2,58147125.877652
2023-08-09,Novorossiysk,Black sea,217894.27,262570.0,2,86375491.548537
2023-08-09,Primorsk,Baltic,101090.002,116062.0,1,48703747.703572
2023-08-09,Ust Luga,Baltic,101090.002,116062.0,1,48703747.703572
2023-08-10,Nakhodka,Pacific,201653.15,237239.0,2,107535373.64735
2023-08-10,Primorsk,Baltic,101090.002,116062.0,1,47690017.163516
2023-08-10,Ust Luga,Baltic,61474.309,70579.0,1,29000997.065222
2023-08-10,Yuri Korchagin,Caspian Sea,8068.944,9264.0,1,3806588.883552
2023-08-11,Nakhodka,Pacific,96433.35,113451.0,1,50650363.45395
2023-08-11,Ust Luga,Baltic,101090.002,116062.0,2,39941998.166675
2023-08-11,Yuri Korchagin,Caspian Sea,8068.944,9264.0,1,3870438.437424
2023-08-12,Murmansk,Arctic,1325.73,1605.0,1,709614.21699
2023-08-12,Novoportovskoye,Arctic,8998.95,10587.0,1,4303666.84695
2023-08-12,Novorossiysk,Black sea,146976.024,168744.0,1,58072172.964772
2023-08-12,Prigorodnoye,Pacific,95856.03,119970.0,1,50347133.62911
2023-08-12,Primorsk,Baltic,198509.61,227910.0,2,86686487.244238
2023-08-12,Prirazlomnoye Field,Arctic,66041.43,72573.0,1,31583719.52463
2023-08-12,Ust Luga,Baltic,92837.277,106587.0,1,36681237.257598
2023-08-12,Varandey,Arctic,69143.151,81633.0,1,33067089.677391
2023-08-13,Nakhodka,Pacific,203566.5,239490.0,2,106920657.7605
2023-08-13,Novoportovskoye,Arctic,64597.45,75997.0,1,30673776.14525
2023-08-13,Primorsk,Baltic,101090.002,116062.0,1,48002081.99969
2023-08-13,Yuri Korchagin,Caspian Sea,9061.013,10403.0,1,4302576.717985
2023-08-14,Nakhodka,Pacific,94865.95,111607.0,1,49982117.94245
2023-08-14,Ust Luga,Baltic,77636.585,89135.0,1,30882924.937348
2023-08-15,De Kastri,Pacific,90981.995,107671.0,1,47730064.39695
2023-08-15,Nakhodka,Pacific,103920.15,122259.0,1,54517549.8915
2023-08-15,Novoportovskoye,Arctic,16720.35,19671.0,1,7972212.71895
2023-08-15,Novorossiysk,Black sea,130255.44,161808.0,1,51833058.758924
2023-08-15,Primorsk,Baltic,202787.962,232822.0,2,96688691.917714
2023-08-15,Prirazlomnoye Field,Arctic,2740.92,3012.0,1,1306862.43324
2023-08-15,Ust Luga,Baltic,101090.002,116062.0,1,48199409.683594
2023-08-15,Yuri Korchagin,Caspian Sea,8373.794,9614.0,1,3992599.857818
2023-08-16,Murmansk,Arctic,146974.828,173524.0,1,66629274.575864
2023-08-16,Nakhodka,Pacific,199694.75,234935.0,2,103041692.221
2023-08-17,Murmansk,Arctic,144971.48,170600.0,2,58017378.092439
2023-08-17,Nakhodka,Pacific,104010.25,122365.0,1,53083815.30275
2023-08-17,Novoportovskoye,Arctic,64597.45,75997.0,1,30184256.66915
2023-08-17,Primorsk,Baltic,100161.516,114996.0,1,39952738.731552
2023-08-17,Varandey,Arctic,69143.151,81633.0,1,27580036.298365
2023-08-17,Yuri Korchagin,Caspian Sea,8068.944,9264.0,1,3770351.256048
2023-08-18,Nakhodka,Pacific,96289.7,113282.0,1,49626555.9036
2023-08-18,Novorossiysk,Black sea,151741.265,174215.0,1,71116426.926285
2023-08-18,Primorsk,Baltic,201119.126,230906.0,2,87326095.4648
2023-08-19,De Kastri,Pacific,95145.31,112598.0,1,49036751.03028
2023-08-19,Murmansk,Arctic,83210.974,98242.0,1,33292246.570191
2023-08-19,Nakhodka,Pacific,96762.3,113838.0,1,49870128.2724
2023-08-19,Novorossiysk,Black sea,135842.945,168749.0,1,54350004.601086
2023-08-19,Primorsk,Baltic,96215.015,110465.0,1,38495090.841439
2023-08-19,Ust Luga,Baltic,84698.653,97243.0,1,39850631.537847
2023-08-19,Yuri Korchagin,Caspian Sea,8068.944,9264.0,1,3796430.083056
2023-08-20,Murmansk,Arctic,149475.58653,172035.0,2,70642639.435815
2023-08-20,Nakhodka,Pacific,99057.3,116538.0,1,51052943.7324
2023-08-20,Novoportovskoye,Arctic,64597.45,75997.0,1,30486185.15045
2023-08-20,Novorossiysk,Black sea,86115.77,98870.0,1,34454439.247662
2023-08-20,Primorsk,Baltic,101090.002,116062.0,1,47708516.633882
2023-08-21,De Kastri,Pacific,93905.695,111131.0,1,49288939.474515
2023-08-21,Nakhodka,Pacific,203565.65,239489.0,2,94263483.95305
2023-08-21,Novorossiysk,Black sea,86115.77,98870.0,2,34324935.029735
2023-08-21,Primorsk,Baltic,99151.156,113836.0,1,39520717.144178
2023-08-21,Ust Luga,Baltic,98163.442,112702.0,1,46485494.285984
2023-08-21,Yuri Korchagin,Caspian Sea,8068.944,9264.0,1,3821064.569088
2023-08-22,Nakhodka,Pacific,96827.75,113915.0,1,50128016.65825
2023-08-22,Primorsk,Baltic,97709.651,112181.0,1,39021270.282467
2023-08-22,Varandey,Arctic,69143.151,81633.0,1,27612969.197407
2023-08-22,Yuri Korchagin,Caspian Sea,16442.738,18878.0,2,7623774.130128
2023-08-23,Nakhodka,Pacific,104010.25,122365.0,1,53948140.48025
2023-08-23,Novoportovskoye,Arctic,8998.95,10587.0,1,4164156.1251
2023-08-23,Novorossiysk,Black sea,76790.56,95392.0,1,30899768.625636
2023-08-23,Primorsk,Baltic,197538.445,226795.0,2,91408544.96241
2023-08-23,Ust Luga,Baltic,75630.672,86832.0,1,30433041.06392
2023-08-24,Kaliningrad,Baltic,18914.688,22734.0,1,8817932.97216
2023-08-24,Murmansk,Arctic,1325.73,1605.0,1,728700.7518
2023-08-24,Nakhodka,Pacific,100074.75,117735.0,1,40139078.292957
2023-08-24,Novorossiysk,Black sea,86115.77,98870.0,1,34540257.500401
2023-08-24,Ust Luga,Baltic,88875.969,102039.0,1,41433532.367955
2023-08-25,De Kastri,Pacific,103444.9,122420.0,2,54881450.3562
2023-08-25,Murmansk,Arctic,146975.675,173525.0,1,59125154.877225
2023-08-25,Nakhodka,Pacific,197601.2,232472.0,2,104834945.4456
2023-08-25,Prigorodnoye,Pacific,89012.595,111405.0,1,47224564.12611
2023-08-25,Primorsk,Baltic,99121.542,113802.0,1,47125949.442312
2023-08-25,Ust Luga,Baltic,81919.292,94052.0,1,32954370.353683
2023-08-26,Murmansk,Arctic,138202.788477,158987.0,1,55596011.198227
2023-08-26,Nakhodka,Pacific,94104.35,110711.0,1,49925933.6403
2023-08-26,Novoportovskoye,Arctic,64597.45,75997.0,1,30700002.70995
2023-08-26,Novorossiysk,Black sea,150644.676,172956.0,1,71594032.913676
2023-08-26,Primorsk,Baltic,194798.279,223649.0,2,85444527.730119
2023-08-26,Varandey,Arctic,69143.151,81633.0,1,32860351.655901
2023-08-27,Nakhodka,Pacific,99057.3,116538.0,1,52553661.8274
2023-08-27,Novoportovskoye,Arctic,64211.55,75543.0,1,30320950.7562
2023-08-27,Primorsk,Baltic,101090.002,116062.0,1,47735103.304408
2023-08-28,De Kastri,Pacific,93905.695,111131.0,1,49940175.46934
2023-08-28,Nakhodka,Pacific,204567.8,240668.0,2,95766039.999206
2023-08-28,Novoportovskoye,Arctic,64597.45,75997.0,1,30521778.3454
2023-08-28,Novorossiysk,Black sea,229123.551,267031.0,2,97974998.520743
2023-08-28,Primorsk,Baltic,198799.653,228243.0,3,93931245.645276
2023-08-28,Ust Luga,Baltic,199709.848,229288.0,2,94361305.501216
2023-08-28,Yuri Korchagin,Caspian Sea,8068.944,9264.0,1,3812511.488448
2023-08-29,Murmansk,Arctic,1329.034,1609.0,1,732458.547114
2023-08-29,Novorossiysk,Black sea,86115.77,98870.0,1,34658557.003087
2023-08-30,Nakhodka,Pacific,102398.65,120469.0,1,54700539.6408
2023-08-30,Primorsk,Baltic,202787.962,232822.0,2,88307888.185381
2023-08-30,Ust Luga,Baltic,97431.802,111862.0,1,38913883.008891
2023-08-31,Nakhodka,Pacific,196031.25,230625.0,2,105715340.4375
2023-08-31,Novoportovskoye,Arctic,64597.45,75997.0,1,31042175.4026
2023-08-31,Novorossiysk,Black sea,140841.756,168471.0,1,67681224.162288
2023-08-31,Primorsk,Baltic,198956.433,228423.0,2,95608115.965284
2023-08-31,Ust Luga,Baltic,100089.223,114913.0,1,48097675.934204
2023-09-01,De Kastri,Pacific,93905.695,111131.0,1,50753304.882345
2023-09-01,Murmansk,Arctic,102644.542,121186.0,1,51538543.049994
2023-09-01,Nakhodka,Pacific,99057.3,116538.0,2,53537597.9883
2023-09-01,Primorsk,Baltic,101090.002,116062.0,1,50757997.634214
2023-09-01,Ust Luga,Baltic,87137.453,100043.0,1,34937153.384761
2023-09-01,Varandey,Arctic,69143.151,81633.0,1,27722463.634468
2023-09-02,Nakhodka,Pacific,96191.1,113166.0,1,51988500.0081
2023-09-02,Novoportovskoye,Arctic,39513.1,46486.0,1,19874140.9856
2023-09-02,Novorossiysk,Black sea,86115.77,98870.0,1,34527516.719324
2023-09-02,Primorsk,Baltic,101697.96,116760.0,1,40775087.004635
2023-09-02,Ust Luga,Baltic,101090.002,116062.0,1,50845844.845952
2023-09-03,Murmansk,Arctic,143465.355111,165041.0,1,69411264.644449
2023-09-03,Nakhodka,Pacific,96827.75,113915.0,1,52332590.87025
2023-09-03,Novorossiysk,Black sea,281154.129,335199.0,2,112726784.998316
2023-09-03,Primorsk,Baltic,101090.002,116062.0,1,48909263.677638
2023-09-03,Ust Luga,Baltic,101090.002,116062.0,1,48909263.677638
2023-09-03,Yuri Korchagin,Caspian Sea,8373.794,9614.0,1,4051400.639286
2023-09-04,De Kastri,Pacific,90981.995,107671.0,1,50614102.656455
2023-09-04,Nakhodka,Pacific,99642.1,117226.0,1,40109852.952424
2023-09-05,Nakhodka,Pacific,104010.25,122365.0,1,57965432.37625
2023-09-05,Novoportovskoye,Arctic,39110.2,46012.0,1,20049452.928
2023-09-05,Novorossiysk,Black sea,149072.521,171151.0,1,60398974.527274
2023-09-05,Primorsk,Baltic,202180.004,232124.0,2,92780913.731616
2023-09-05,Ust Luga,Baltic,100326.135,115185.0,1,40648642.899685
2023-09-05,Yuri Korchagin,Caspian Sea,8068.944,9264.0,1,4136463.45216
2023-09-06,Nakhodka,Pacific,205178.1,241386.0,2,116342548.3992
2023-09-06,Novorossiysk,Black sea,241840.989,277659.0,2,113207036.399663
2023-09-06,Primorsk,Baltic,192948.275,221525.0,2,97092150.824825
2023-09-06,Varandey,Arctic,69143.151,81633.0,1,27977886.984846
2023-09-07,Nakhodka,Pacific,94884.65,111629.0,1,38519323.671498
2023-09-07,Novoportovskoye,Arctic,64597.45,75997.0,1,32669708.15535
2023-09-07,Prigorodnoye,Pacific,89017.389,111411.0,1,51146543.162952
2023-09-07,Primorsk,Baltic,198799.653,228243.0,2,90454417.200865
2023-09-07,Ust Luga,Baltic,101090.002,116062.0,1,41038445.175172
2023-09-07,Yuri Korchagin,Caspian Sea,4530.942,5202.0,1,2291492.199906
2023-09-08,De Kastri,Pacific,95145.31,112598.0,1,54395334.88948
2023-09-08,Nakhodka,Pacific,96762.3,113838.0,1,55319781.0084
2023-09-08,Novorossiysk,Black sea,135838.92,168744.0,1,55176008.96861
2023-09-08,Primorsk,Baltic,100071.803,114893.0,1,51270487.333611
2023-09-08,Ust Luga,Baltic,81268.655,93305.0,1,33010274.501202
2023-09-09,Novoportovskoye,Arctic,14862.25,17485.0,1,7723584.3555
2023-09-09,Novorossiysk,Black sea,86115.77,98870.0,1,34979109.800481
2023-09-09,Primorsk,Baltic,101697.96,116760.0,1,41308393.449015
2023-09-09,Ust Luga,Baltic,97969.209,112479.0,2,39865292.115746
2023-09-09,Yuri Korchagin,Caspian Sea,8068.944,9264.0,1,4193252.680032
2023-09-10,Murmansk,Arctic,202000.658,237905.0,2,97909807.233828
2023-09-10,Nakhodka,Pacific,198027.9,232974.0,2,113214134.6532
2023-09-10,Primorsk,Baltic,97647.81,112110.0,1,39663275.004874
2023-09-10,Ust Luga,Baltic,97843.785,112335.0,1,50804504.767185
2023-09-11,De Kastri,Pacific,93905.695,111131.0,1,54030707.54354
2023-09-11,Nakhodka,Pacific,97659.05,114893.0,1,56190282.9166
2023-09-11,Novoportovskoye,Arctic,64597.45,75997.0,1,33564641.22765
2023-09-11,Novorossiysk,Black sea,146517.007,168217.0,1,59402318.651379
2023-09-11,Primorsk,Baltic,101090.002,116062.0,1,52526061.769194
2023-09-11,Ust Luga,Baltic,101090.002,116062.0,1,40984870.18147
2023-09-11,Varandey,Arctic,69143.151,81633.0,1,35926573.830147
2023-09-12,Nakhodka,Pacific,200632.3,236038.0,2,81425776.890328
2023-09-12,Primorsk,Baltic,186396.613,214003.0,2,98394857.673827
2023-09-12,Ust Luga,Baltic,101090.002,116062.0,1,53363289.165758
2023-09-13,Novoportovskoye,Arctic,64597.45,75997.0,1,33099022.80805
2023-09-13,Novorossiysk,Black sea,86115.77,98870.0,1,34884598.090408
2023-09-13,Primorsk,Baltic,101090.002,116062.0,1,51797405.034778
2023-09-13,Ust Luga,Baltic,97275.022,111682.0,1,39405094.406118
2023-09-14,Kaliningrad,Baltic,18914.688,22734.0,1,10078275.377664
2023-09-14,Novorossiysk,Black sea,135838.92,168744.0,1,55042311.276794
2023-09-14,Prirazlomnoye Field,Arctic,66041.43,72573.0,1,35188723.06404
2023-09-14,Ust Luga,Baltic,101090.002,116062.0,1,40961952.26711
2023-09-15,Novorossiysk,Black sea,128809.66,160012.0,1,52546631.638206
2023-09-15,Primorsk,Baltic,198799.653,228243.0,2,107303305.504668
2023-09-15,Ust Luga,Baltic,176122.297,202207.0,2,81737801.698317
2023-09-15,Yuri Korchagin,Caspian Sea,14512.602,16662.0,2,7833264.005112
2023-09-16,De Kastri,Pacific,95145.31,112598.0,2,57534654.39293
2023-09-16,Murmansk,Arctic,76785.632,90656.0,1,31323942.007229
2023-09-16,Nakhodka,Pacific,94104.35,110711.0,1,56905182.75805
2023-09-16,Novoportovskoye,Arctic,39513.1,46486.0,1,21031440.1715
2023-09-16,Novorossiysk,Black sea,230462.328,268608.0,2,94014835.967267
2023-09-16,Primorsk,Baltic,101697.96,116760.0,1,41486680.7542
2023-09-16,Ust Luga,Baltic,101090.002,116062.0,1,53806669.91453
2023-09-16,Varandey,Arctic,69143.151,81633.0,1,28206267.184479
2023-09-16,Yuri Korchagin,Caspian Sea,9061.013,10403.0,1,4822860.084445
2023-09-17,Nakhodka,Pacific,96827.75,113915.0,1,58552030.90825
2023-09-17,Primorsk,Baltic,200419.713,230103.0,2,107201498.188005
2023-09-17,Prirazlomnoye Field,Arctic,2740.92,3012.0,1,1466076.9942
2023-09-17,Ust Luga,Baltic,96749.809,111079.0,1,39468131.307775
2023-09-18,Nakhodka,Pacific,189850.9,223354.0,2,77411487.916363
2023-09-18,Novoportovskoye,Arctic,39110.2,46012.0,1,21512291.7386
2023-09-18,Primorsk,Baltic,101090.002,116062.0,1,55603847.970086
2023-09-19,De Kastri,Pacific,93905.695,111131.0,1,56309329.232715
2023-09-19,Murmansk,Arctic,141739.2,166752.0,1,77818789.4976
2023-09-19,Nakhodka,Pacific,96191.1,113166.0,1,57679742.6307
2023-09-19,Primorsk,Baltic,101697.96,116760.0,1,55835027.58288
2023-09-19,Ust Luga,Baltic,92413.971,106101.0,1,37505822.263889
2023-09-19,Yuri Korchagin,Caspian Sea,8068.944,9264.0,1,4430076.186432
2023-09-20,Nakhodka,Pacific,102398.65,120469.0,1,60737144.8556
2023-09-20,Novorossiysk,Black sea,229866.481,263911.0,2,112547492.855727
2023-09-20,Ust Luga,Baltic,96742.841,111071.0,1,52198373.804278
2023-09-21,Nakhodka,Pacific,94884.65,111629.0,1,38790969.113469
2023-09-21,Novoportovskoye,Arctic,64597.45,75997.0,1,34798387.9252
2023-09-21,Novorossiysk,Black sea,86115.77,98870.0,1,35206054.659553
2023-09-21,Prirazlomnoye Field,Arctic,66050.53,72583.0,1,35581156.30888
2023-09-21,Varandey,Arctic,69143.151,81633.0,1,28267268.044398
2023-09-21,Yuri Korchagin,Caspian Sea,8068.944,9264.0,1,4346707.857024
2023-09-22,Nakhodka,Pacific,205178.1,241386.0,2,123013093.6083
2023-09-22,Novorossiysk,Black sea,146862.794,168614.0,1,59973127.355736
2023-09-22,Ust Luga,Baltic,200309.967,229977.0,2,94124142.831306
2023-09-23,Nakhodka,Pacific,99642.1,117226.0,1,40690008.61643
2023-09-23,Novoportovskoye,Arctic,16720.35,19671.0,1,8941407.8067
2023-09-23,Yuri Korchagin,Caspian Sea,8373.794,9614.0,1,4477986.827028
2023-09-24,De Kastri,Pacific,93905.695,111131.0,1,56300502.097385
2023-09-24,Nakhodka,Pacific,103930.35,122271.0,1,62310713.83005
2023-09-24,Novorossiysk,Black sea,86115.77,98870.0,1,35166374.688114
2023-09-24,Prigorodnoye,Pacific,95856.03,119970.0,1,57469811.79429
2023-09-24,Primorsk,Baltic,198799.653,228243.0,2,94149506.030232
2023-09-24,Prirazlomnoye Field,Arctic,2952.04,3244.0,1,1584173.88948
2023-09-24,Ust Luga,Baltic,177341.697,203607.0,2,95168116.252989
2023-09-25,Nakhodka,Pacific,96762.3,113838.0,1,57825731.0538
2023-09-25,Novoportovskoye,Arctic,64597.45,75997.0,1,33759467.13685
2023-09-25,Primorsk,Baltic,97709.651,112181.0,1,39953406.335486
2023-09-25,Ust Luga,Baltic,101090.002,116062.0,1,52830949.215226
2023-09-25,Varandey,Arctic,69143.151,81633.0,1,36135109.573563
2023-09-25,Yuri Korchagin,Caspian Sea,9061.013,10403.0,1,4735403.186969
2023-09-26,Nakhodka,Pacific,201558.8,237128.0,2,119352237.1848
2023-09-26,Primorsk,Baltic,101697.96,116760.0,1,53998464.12324
2023-09-26,Ust Luga,Baltic,97217.536,111616.0,1,39857137.117438
2023-09-26,Yuri Korchagin,Caspian Sea,12418.718,14258.0,1,6593954.277742
2023-09-27,De Kastri,Pacific,93905.695,111131.0,1,57649269.59467
2023-09-27,Murmansk,Arctic,144319.848504,166024.0,1,80792415.990267
2023-09-27,Novoportovskoye,Arctic,18578.45,21857.0,1,10400494.98675
2023-09-27,Primorsk,Baltic,101697.96,116760.0,1,56932043.4774
2023-09-27,Prirazlomnoye Field,Arctic,66041.43,72573.0,1,36970983.13545
2023-09-27,Ust Luga,Baltic,101090.002,116062.0,1,56591699.46963
2023-09-28,Nakhodka,Pacific,173913.4,204604.0,2,107800394.9034
2023-09-28,Novorossiysk,Black sea,86115.77,98870.0,1,35526747.443244
2023-09-28,Primorsk,Baltic,99219.965,113915.0,1,55793469.938765
2023-09-28,Ust Luga,Baltic,108139.876,124156.0,1,44612712.203534
2023-09-29,Murmansk,Arctic,139817.678,165074.0,1,57381814.973201
2023-09-29,Nakhodka,Pacific,95792.45,112697.0,1,39313659.905935
2023-09-29,Novorossiysk,Black sea,144073.852,165412.0,1,59128568.262593
2023-09-29,Primorsk,Baltic,99219.965,113915.0,1,55155783.22371
2023-09-29,Prirazlomnoye Field,Arctic,2740.92,3012.0,1,1523660.98248
2023-09-29,Ust Luga,Baltic,100029.124,114844.0,1,55605589.856856
2023-09-30,Murmansk,Arctic,274220.938377,319420.0,2,133158676.633647
2023-09-30,Nakhodka,Pacific,200838.0,236280.0,2,122771867.724
2023-09-30,Novoportovskoye,Arctic,64597.45,75997.0,1,35802942.87015
2023-09-30,Novorossiysk,Black sea,279352.03,333130.0,2,135874685.809945
2023-09-30,Primorsk,Baltic,300945.307,345517.0,3,123509331.368863
2023-09-30,Ust Luga,Baltic,101090.002,116062.0,1,56028830.338494
2023-10-01,Nakhodka,Pacific,94104.35,110711.0,1,57525800.9463
2023-10-01,Novorossiysk,Black sea,132157.655,164171.0,1,54238106.475363
2023-10-01,Ust Luga,Baltic,101090.002,116062.0,1,56147914.36085
2023-10-01,Varandey,Arctic,69143.151,81633.0,1,28376665.626975
2023-10-02,De Kastri,Pacific,95145.31,112598.0,1,56918017.63882
2023-10-02,Nakhodka,Pacific,97642.9,114874.0,1,58412130.9238
2023-10-02,Novoportovskoye,Arctic,39513.1,46486.0,1,20778477.3053
2023-10-02,Novorossiysk,Black sea,82655.32,98870.0,1,43465374.54116
2023-10-02,Primorsk,Baltic,302189.966,346946.0,3,158910522.090658
2023-10-02,Yuri Korchagin,Caspian Sea,8068.944,9264.0,1,4243159.098672
2023-10-03,Nakhodka,Pacific,100557.55,118303.0,1,41762034.495218
2023-10-03,Novorossiysk,Black sea,235021.059,269829.0,2,97605376.951413
2023-10-03,Primorsk,Baltic,64916.501,74531.0,1,35855330.99733
2023-10-03,Ust Luga,Baltic,93886.832,107792.0,1,51856513.91856
2023-10-03,Yuri Korchagin,Caspian Sea,8068.944,9264.0,1,4456719.83952
2023-10-04,Nakhodka,Pacific,94104.35,110711.0,1,38977741.052309
2023-10-04,Novoportovskoye,Arctic,39110.2,46012.0,1,20281493.7446
2023-10-04,Novorossiysk,Black sea,143750.711,165041.0,1,74545237.455403
2023-10-04,Primorsk,Baltic,198749.135,228185.0,2,92872667.17397
2023-10-04,Prirazlomnoye Field,Arctic,66218.88,72768.0,1,34339323.25824
2023-10-04,Ust Luga,Baltic,101090.002,116062.0,1,52422545.607146
2023-10-05,De Kastri,Pacific,90981.995,107671.0,1,50470806.01433
2023-10-05,Murmansk,Arctic,108522.399453,124843.0,1,54128259.78717
2023-10-05,Nakhodka,Pacific,95746.55,112643.0,1,39548674.503713
2023-10-05,Primorsk,Baltic,101090.002,116062.0,1,50421165.74755
2023-10-05,Ust Luga,Baltic,101090.002,116062.0,1,50421165.74755
2023-10-06,Novorossiysk,Black sea,147194.645,168995.0,1,60586643.698883
2023-10-06,Primorsk,Baltic,101090.002,116062.0,1,50208674.563346
2023-10-06,Ust Luga,Baltic,98318.48,112880.0,1,40468773.281635
2023-10-06,Varandey,Arctic,69143.151,81633.0,1,28459944.679748
2023-10-07,Nakhodka,Pacific,204085.0,240100.0,2,97845636.990637
2023-10-07,Novoportovskoye,Arctic,64597.45,75997.0,1,31992274.6972
2023-10-07,Novorossiysk,Black sea,111315.4,138280.0,1,55129619.7424
2023-10-07,Primorsk,Baltic,200876.988,230628.0,2,91189507.479047
2023-10-07,Prirazlomnoye Field,Arctic,66041.43,72573.0,1,32707414.45608
2023-10-07,Ust Luga,Baltic,101090.002,116062.0,1,41609556.738245
2023-10-08,De Kastri,Pacific,72795.905,86149.0,1,39651638.26988
2023-10-08,Nakhodka,Pacific,207940.6,244636.0,2,113264413.0576
2023-10-08,Novoportovskoye,Arctic,64211.55,75543.0,1,31421279.877
2023-10-08,Prigorodnoye,Pacific,89012.595,111405.0,1,48484804.44612
2023-10-08,Primorsk,Baltic,101124.842,116102.0,1,49484430.18428
2023-10-09,Kaliningrad,Baltic,18914.688,22734.0,1,9795671.024256
2023-10-09,Nakhodka,Pacific,99642.1,117226.0,1,41138213.060406
2023-10-09,Novoportovskoye,Arctic,64597.45,75997.0,1,33454179.58815
2023-10-09,Primorsk,Baltic,101090.002,116062.0,1,52353197.865774
2023-10-09,Ust Luga,Baltic,102107.33,117230.0,1,42156007.315875
2023-10-10,Murmansk,Arctic,150631.327,177841.0,2,76542405.027088
2023-10-10,Nakhodka,Pacific,190295.45,223877.0,2,107845569.49215
2023-10-10,Primorsk,Baltic,101090.002,116062.0,1,51368277.976288
2023-10-10,Ust Luga,Baltic,200949.281,230711.0,2,92397457.55112
2023-10-11,De Kastri,Pacific,93905.695,111131.0,1,52960839.960405
2023-10-11,Nakhodka,Pacific,102053.55,120063.0,1,57556059.07545
2023-10-11,Novoportovskoye,Arctic,64597.45,75997.0,1,31290940.18255
2023-10-11,Novorossiysk,Black sea,169602.074,198734.0,3,69539826.64458
2023-10-11,Primorsk,Baltic,101090.002,116062.0,1,48967895.878798
2023-10-11,Prirazlomnoye Field,Arctic,2740.92,3012.0,1,1327698.90708
2023-10-11,Ust Luga,Baltic,101090.002,116062.0,1,48967895.878798
2023-10-11,Varandey,Arctic,69143.151,81633.0,1,33492873.201249
2023-10-12,Nakhodka,Pacific,96762.3,113838.0,1,53900568.3543
2023-10-12,Novorossiysk,Black sea,151741.265,174215.0,1,74366269.59879
2023-10-12,Primorsk,Baltic,101090.002,116062.0,1,41390125.984187
2023-10-12,Ust Luga,Baltic,102391.276,117556.0,1,41922917.494073
2023-10-12,Yuri Korchagin,Caspian Sea,8373.794,9614.0,1,4103879.206284
2023-10-13,Nakhodka,Pacific,204175.95,240207.0,2,117179027.8164
2023-10-13,Prirazlomnoye Field,Arctic,66050.53,72583.0,1,35567880.15235
2023-10-13,Ust Luga,Baltic,67672.345,77695.0,1,27957771.470593
2023-10-14,Murmansk,Arctic,143451.446775,165025.0,1,59264722.776511
2023-10-14,Novoportovskoye,Arctic,64597.45,75997.0,1,34628690.42405
2023-10-14,Novorossiysk,Black sea,278895.896,332642.0,2,133260691.365864
2023-10-14,Primorsk,Baltic,200367.453,230043.0,2,94983317.949492
2023-10-14,Ust Luga,Baltic,101090.002,116062.0,1,54191216.282138
2023-10-15,De Kastri,Pacific,93905.695,111131.0,1,53893605.22884
2023-10-15,Nakhodka,Pacific,102398.65,120469.0,1,58767814.0188
2023-10-15,Prirazlomnoye Field,Arctic,2952.04,3244.0,1,1595246.99152
2023-10-15,Ust Luga,Baltic,101090.002,116062.0,1,41763754.069373
2023-10-16,Nakhodka,Pacific,207933.8,244628.0,2,122465938.4508
2023-10-16,Novoportovskoye,Arctic,9090.75,10695.0,1,4663391.1165
2023-10-16,Primorsk,Baltic,301399.969,346039.0,3,144463677.355523
2023-10-16,Ust Luga,Baltic,101090.002,116062.0,1,51857351.405964
2023-10-16,Varandey,Arctic,69143.151,81633.0,1,28527462.104021
2023-10-16,Yuri Korchagin,Caspian Sea,8068.944,9264.0,1,4139223.031008
2023-10-17,Novorossiysk,Black sea,86115.77,98870.0,1,35425905.128616
2023-10-17,Primorsk,Baltic,202180.004,232124.0,2,93649408.996784
2023-10-17,Ust Luga,Baltic,83899.946,96326.0,1,43210234.088866
2023-10-18,De Kastri,Pacific,93905.695,111131.0,1,56235049.82797
2023-10-18,Nakhodka,Pacific,198200.45,233177.0,2,99855619.40532
2023-10-18,Novoportovskoye,Arctic,39110.2,46012.0,1,20143904.061
2023-10-18,Primorsk,Baltic,198799.653,228243.0,2,81812240.169551
2023-10-18,Prirazlomnoye Field,Arctic,66041.43,72573.0,1,34014968.72865
2023-10-18,Ust Luga,Baltic,101090.002,116062.0,1,41601679.869956
2023-10-19,Nakhodka,Pacific,103927.8,122268.0,1,61379239.041
2023-10-19,Novorossiysk,Black sea,282572.784,337386.0,2,116364588.154871
2023-10-19,Primorsk,Baltic,101090.002,116062.0,1,52926378.177114
2023-10-20,Nakhodka,Pacific,100074.75,117735.0,1,41082769.209296
2023-10-20,Novoportovskoye,Arctic,64597.45,75997.0,1,33655271.45
2023-10-20,Ust Luga,Baltic,101090.002,116062.0,1,52667891.042
2023-10-21,Murmansk,Arctic,143451.446775,165025.0,1,58889806.675479
2023-10-21,Nakhodka,Pacific,203652.35,239591.0,2,103949306.246659
2023-10-21,Prigorodnoye,Pacific,89017.389,111411.0,1,53956466.064126
2023-10-21,Primorsk,Baltic,202787.962,232822.0,2,105525785.72575
2023-10-21,Ust Luga,Baltic,99180.77,113870.0,1,51611193.18875
2023-10-21,Yuri Korchagin,Caspian Sea,12418.718,14258.0,1,6462390.37925
2023-10-22,De Kastri,Pacific,93905.695,111131.0,1,56919434.53313
2023-10-22,Murmansk,Arctic,141443.918,166994.0,1,72652809.924618
2023-10-22,Nakhodka,Pacific,104010.25,122365.0,1,63044148.8735
2023-10-22,Novorossiysk,Black sea,86115.77,98870.0,1,35352317.184812
2023-10-22,Primorsk,Baltic,99179.899,113869.0,1,40715414.236041
2023-10-22,Prirazlomnoye Field,Arctic,2740.92,3012.0,1,1407876.29892
2023-10-22,Ust Luga,Baltic,101090.002,116062.0,1,51924980.617302
2023-10-22,Yuri Korchagin,Caspian Sea,9061.013,10403.0,1,4654198.388463
2023-10-23,Nakhodka,Pacific,96827.75,113915.0,1,57697332.359
2023-10-23,Novoportovskoye,Arctic,64211.55,75543.0,1,32172041.3196
2023-10-23,Novorossiysk,Black sea,82655.32,98870.0,1,41412960.29024
2023-10-23,Primorsk,Baltic,199758.624,229344.0,2,100085462.899968
2023-10-23,Ust Luga,Baltic,100133.644,114964.0,1,50170159.920608
2023-10-23,Varandey,Arctic,69143.151,81633.0,1,34642931.231832
2023-10-23,Yuri Korchagin,Caspian Sea,8068.944,9264.0,1,4042799.150208
2023-10-24,Murmansk,Arctic,147035.451108,169148.0,1,69745384.020373
2023-10-24,Nakhodka,Pacific,96191.1,113166.0,1,55863943.236
2023-10-24,Novorossiysk,Black sea,144073.852,165412.0,1,68340567.253088
2023-10-24,Primorsk,Baltic,101697.96,116760.0,1,41588134.26244
2023-10-24,Ust Luga,Baltic,101090.002,116062.0,1,41339517.289888
2023-10-25,Nakhodka,Pacific,94104.35,110711.0,1,53909747.1932
2023-10-25,Novorossiysk,Black sea,86981.544,99864.0,2,35758379.925015
2023-10-25,Primorsk,Baltic,170513.928,195768.0,3,78171536.614308
2023-10-25,Ust Luga,Baltic,101090.002,116062.0,1,41558410.346642
2023-10-26,De Kastri,Pacific,95145.31,112598.0,1,55372572.36849
2023-10-26,Nakhodka,Pacific,96762.3,113838.0,1,56313626.5917
2023-10-26,Novoportovskoye,Arctic,64597.45,75997.0,1,30942889.12195
2023-10-26,Primorsk,Baltic,89339.341,102571.0,1,36853123.092154
2023-10-26,Varandey,Arctic,69143.151,81633.0,1,28522048.923356
2023-10-27,Murmansk,Arctic,3833.522,4526.0,1,1917121.351068
2023-10-27,Nakhodka,Pacific,206063.8,242428.0,2,102063800.887392
2023-10-27,Primorsk,Baltic,99098.896,113776.0,1,49558763.296224
2023-10-27,Prirazlomnoye Field,Arctic,66050.53,72583.0,1,33031473.74982
2023-10-27,Ust Luga,Baltic,101090.002,116062.0,1,50554503.460188
2023-10-28,Nakhodka,Pacific,99057.3,116538.0,1,57425894.1852
2023-10-28,Novoportovskoye,Arctic,64597.45,75997.0,1,32081225.38585
2023-10-28,Primorsk,Baltic,143501.605,164755.0,1,59189832.24923
2023-10-28,Ust Luga,Baltic,101090.002,116062.0,1,50204630.963266
2023-10-28,Yuri Korchagin,Caspian Sea,8373.794,9614.0,1,4158702.435602
2023-10-29,De Kastri,Pacific,93905.695,111131.0,1,54439385.12818
2023-10-29,Nakhodka,Pacific,198027.9,232974.0,2,114801526.2996
2023-10-29,Novoportovskoye,Arctic,64597.45,75997.0,1,32256801.25495
2023-10-29,Novorossiysk,Black sea,86981.544,99864.0,1,43434320.977944
2023-10-29,Primorsk,Baltic,111978.373,128563.0,2,46187505.104293
2023-10-29,Ust Luga,Baltic,71167.668,81708.0,1,29354391.753938
2023-10-30,Murmansk,Arctic,142196.5,167290.0,2,58297562.675522
2023-10-30,Nakhodka,Pacific,95792.45,112697.0,1,39272881.94658
2023-10-30,Novorossiysk,Black sea,150644.676,172956.0,1,73394086.1472
2023-10-30,Prigorodnoye,Pacific,95856.03,119970.0,1,54749992.79907
2023-10-30,Primorsk,Baltic,199138.472,228632.0,2,97020263.5584
2023-10-30,Prirazlomnoye Field,Arctic,2952.04,3244.0,1,1438233.888
2023-10-30,Ust Luga,Baltic,84698.653,97243.0,1,41265183.7416
2023-10-31,Murmansk,Arctic,293374.842007,341941.0,3,137217867.853198
2023-10-31,Novoportovskoye,Arctic,39513.1,46486.0,1,18481146.1582
2023-10-31,Novorossiysk,Black sea,100668.47,125054.0,1,41217534.607778
2023-10-31,Primorsk,Baltic,97709.651,112181.0,1,40006080.569283
2023-10-31,Varandey,Arctic,69143.151,81633.0,1,32339772.872022
2023-11-01,Kaliningrad,Baltic,18914.688,22734.0,1,8929189.166976
2023-11-01,Nakhodka,Pacific,184880.95,217507.0,2,76286439.915659
2023-11-01,Novorossiysk,Black sea,217894.27,262570.0,2,89908549.995667
2023-11-01,Primorsk,Baltic,99121.542,113802.0,1,46793000.182734
2023-11-01,Yuri Korchagin,Caspian Sea,8068.944,9264.0,1,3809162.876688
2023-11-02,De Kastri,Pacific,93905.695,111131.0,1,51892568.774085
2023-11-02,Nakhodka,Pacific,104010.25,122365.0,1,57476376.18075
2023-11-02,Novoportovskoye,Arctic,19555.1,23006.0,1,9425538.6449
2023-11-02,Novorossiysk,Black sea,86981.544,99864.0,1,41925017.226456
2023-11-02,Prigorodnoye,Pacific,634.406,794.0,1,350574.658818
2023-11-02,Primorsk,Baltic,97778.46,112260.0,1,47129119.94154
2023-11-02,Prirazlomnoye Field,Arctic,66551.94,73134.0,1,32077968.52806
2023-11-02,Ust Luga,Baltic,202180.004,232124.0,2,89952345.611367
2023-11-03,Nakhodka,Pacific,96827.75,113915.0,1,54148111.18275
2023-11-03,Novorossiysk,Black sea,86115.77,98870.0,1,34985646.729989
2023-11-03,Primorsk,Baltic,98619.846,113226.0,1,46116020.667444
2023-11-04,Nakhodka,Pacific,196052.5,230650.0,2,95123304.028604
2023-11-04,Prigorodnoye,Pacific,71720.637,89763.0,1,40107686.343777
2023-11-04,Primorsk,Baltic,101090.002,116062.0,1,48043933.260518
2023-11-04,Ust Luga,Baltic,101090.002,116062.0,1,41069122.390776
2023-11-05,De Kastri,Pacific,93905.695,111131.0,1,52514036.663595
2023-11-05,Nakhodka,Pacific,201570.7,237142.0,2,112722568.4247
2023-11-05,Primorsk,Baltic,101090.002,116062.0,1,41069122.390776
2023-11-05,Ust Luga,Baltic,249027.61,285910.0,2,106946940.959715
2023-11-05,Varandey,Arctic,69143.151,81633.0,1,28090300.472078
2023-11-06,De Kastri,Pacific,31715.385,37533.0,1,17448980.22699
2023-11-06,Novoportovskoye,Arctic,96896.6,113996.0,2,43980010.1876
2023-11-06,Novorossiysk,Black sea,116008.55,144110.0,1,52654656.7253
2023-11-06,Primorsk,Baltic,80813.122,92782.0,3,36679944.692092
2023-11-06,Ust Luga,Baltic,98066.761,112591.0,1,44511129.883246
2023-11-07,Novorossiysk,Black sea,137818.33,158230.0,1,60862779.62128
2023-11-07,Primorsk,Baltic,161223.842,185102.0,2,69109692.461812
2023-11-07,Prirazlomnoye Field,Arctic,66885.0,73500.0,1,29537486.16
2023-11-07,Ust Luga,Baltic,101090.002,116062.0,1,44642962.323232
2023-11-07,Yuri Korchagin,Caspian Sea,12834.185,14735.0,1,5667781.44296
2023-11-08,De Kastri,Pacific,95145.31,112598.0,2,50176496.69877
2023-11-08,Novorossiysk,Black sea,86115.77,98870.0,1,35087282.476277
2023-11-08,Ust Luga,Baltic,97756.685,112235.0,2,39830293.807271
2023-11-09,De Kastri,Pacific,31715.385,37533.0,1,16382677.267905
2023-11-09,Murmansk,Arctic,155725.553295,179145.0,1,65850730.368537
2023-11-09,Nakhodka,Pacific,204085.0,240100.0,2,94425301.542037
2023-11-09,Novoportovskoye,Arctic,64597.45,75997.0,1,27315936.0968
2023-11-09,Novorossiysk,Black sea,279588.291,333753.0,2,118227823.085424
2023-11-09,Primorsk,Baltic,101090.002,116062.0,1,41111378.526432
2023-11-09,Yuri Korchagin,Caspian Sea,12418.718,14258.0,1,5251428.768352
2023-11-10,Arkhangelsk,Arctic,3491.502,4227.0,2,2003853.302346
2023-11-10,De Kastri,Pacific,46953.27,55566.0,1,24466269.07179
2023-11-10,Murmansk,Arctic,139816.831,165073.0,1,56903422.748048
2023-11-10,Nakhodka,Pacific,203652.35,239591.0,2,106118555.58095
2023-11-10,Primorsk,Baltic,97349.928,111768.0,1,42800479.944768
2023-11-10,Varandey,Arctic,69143.151,81633.0,1,30399201.196056
2023-11-11,Nakhodka,Pacific,99061.55,116543.0,1,51618695.28935
2023-11-11,Novoportovskoye,Arctic,64597.45,75997.0,1,28059129.75905
2023-11-11,Novorossiysk,Black sea,310748.128,364000.0,3,128851841.15837
2023-11-11,Primorsk,Baltic,101697.96,116760.0,1,44174441.18724
2023-11-11,Yuri Korchagin,Caspian Sea,8068.944,9264.0,2,3504899.136336
2023-11-12,De Kastri,Pacific,31714.54,37532.0,1,16525717.35958
2023-11-12,Nakhodka,Pacific,193018.85,227081.0,2,100577683.30145
2023-11-12,Novoportovskoye,Arctic,64597.45,75997.0,1,28178958.0288
2023-11-12,Novorossiysk,Black sea,98992.46,122972.0,1,43182886.87104
2023-11-12,Primorsk,Baltic,238644.419,273989.0,2,97124817.975736
2023-11-12,Ust Luga,Baltic,99151.156,113836.0,1,40353082.711663
2023-11-13,Nakhodka,Pacific,194179.1,228446.0,2,101305566.6192
2023-11-13,Primorsk,Baltic,202787.962,232822.0,2,89723736.574862
2023-11-13,Prirazlomnoye Field,Arctic,66218.88,72768.0,1,29298609.67488
2023-11-13,Ust Luga,Baltic,80873.221,92851.0,1,32954329.896907
2023-11-14,De Kastri,Pacific,46952.425,55565.0,1,25032215.8645
2023-11-14,Nakhodka,Pacific,96762.3,113838.0,1,51587852.622
2023-11-14,Novorossiysk,Black sea,86115.77,98870.0,1,34913874.60876
2023-11-14,Yuri Korchagin,Caspian Sea,8068.944,9264.0,1,3585798.36888
2023-11-15,Nakhodka,Pacific,206063.8,242428.0,2,108748728.0034
2023-11-15,Primorsk,Baltic,101090.002,116062.0,1,42591441.822644
2023-11-15,Ust Luga,Baltic,101090.002,116062.0,1,42591441.822644
2023-11-15,Varandey,Arctic,69143.151,81633.0,1,27661243.619081
2023-11-16,Murmansk,Arctic,140284.85,165041.0,1,55480834.47195
2023-11-16,Nakhodka,Pacific,198808.2,233892.0,2,91703461.556775
2023-11-16,Novoportovskoye,Arctic,39513.1,46486.0,1,15626917.3797
2023-11-16,Primorsk,Baltic,202180.004,232124.0,2,79959563.241948
2023-11-16,Ust Luga,Baltic,101090.002,116062.0,1,39979781.620974
2023-11-17,Novorossiysk,Black sea,86981.544,99864.0,2,36391077.434088
2023-11-17,Ust Luga,Baltic,88386.467,101477.0,1,35346669.146111
2023-11-17,Yuri Korchagin,Caspian Sea,12834.185,14735.0,1,5369527.817745
2023-11-18,De Kastri,Pacific,90981.995,107671.0,1,45286742.921225
2023-11-18,Murmansk,Arctic,140196.45,164937.0,1,56066021.211249
2023-11-18,Nakhodka,Pacific,89088.5,104810.0,1,35627419.458041
2023-11-18,Primorsk,Baltic,101697.96,116760.0,1,42523171.41072
2023-11-18,Ust Luga,Baltic,101090.002,116062.0,1,42268964.716264
2023-11-19,Primorsk,Baltic,200242.9,229900.0,2,83637454.472
2023-11-19,Ust Luga,Baltic,101090.002,116062.0,1,42223272.03536
2023-11-20,Murmansk,Arctic,146975.675,173525.0,1,58475903.542555
2023-11-20,Nakhodka,Pacific,200387.5,235750.0,2,91608799.563656
2023-11-20,Novoportovskoye,Arctic,19555.1,23006.0,1,8367314.4084
2023-11-20,Prigorodnoye,Pacific,89017.389,111411.0,1,46094628.302424
2023-11-20,Primorsk,Baltic,194984.673,223863.0,2,77576816.235916
2023-11-20,Varandey,Arctic,69143.151,81633.0,1,29585248.022484
2023-11-21,Nakhodka,Pacific,195272.2,229732.0,2,101460115.4926
2023-11-21,Novoportovskoye,Arctic,32299.15,37999.0,1,13488867.92045
2023-11-21,Novorossiysk,Black sea,143750.711,165041.0,2,60033603.179953
2023-11-21,Primorsk,Baltic,200917.925,230675.0,2,81798478.601411
2023-11-21,Ust Luga,Baltic,81958.487,94097.0,1,32527726.866827
2023-11-21,Yuri Korchagin,Caspian Sea,12418.718,14258.0,1,5186342.267314
2023-11-22,De Kastri,Pacific,93905.695,111131.0,1,49393926.041525
2023-11-22,Nakhodka,Pacific,96827.75,113915.0,1,50930912.36125
2023-11-22,Novoportovskoye,Arctic,64597.45,75997.0,2,26833070.15805
2023-11-22,Novorossiysk,Black sea,269995.903,329305.0,2,112153328.151267
2023-11-22,Primorsk,Baltic,101090.002,116062.0,2,41991674.840778
2023-11-22,Prirazlomnoye Field,Arctic,66885.0,73500.0,1,27783293.265
2023-11-22,Ust Luga,Baltic,101090.002,116062.0,1,40282444.123003
2023-11-23,Nakhodka,Pacific,97642.9,114874.0,1,50288534.5725
2023-11-23,Ust Luga,Baltic,99704.241,114471.0,1,41325014.992716
2023-11-24,Murmansk,Arctic,146443.477557,168467.0,1,58328212.897303
2023-11-24,Nakhodka,Pacific,104010.25,122365.0,1,41427123.329138
2023-11-24,Primorsk,Baltic,202180.004,232124.0,2,80786931.223531
2023-11-24,Ust Luga,Baltic,100326.135,115185.0,1,39959745.965236
2023-11-25,De Kastri,Pacific,93905.695,111131.0,1,48548399.163745
2023-11-25,Novoportovskoye,Arctic,64597.45,75997.0,1,25535048.99775
2023-11-25,Primorsk,Baltic,97709.651,112181.0,1,38624136.492045
2023-11-25,Ust Luga,Baltic,98832.37,113470.0,1,39067941.69915
2023-11-25,Varandey,Arctic,69143.151,81633.0,1,27331941.874545
2023-11-26,Nakhodka,Pacific,203569.9,239494.0,2,105243806.1709
2023-11-26,Novoportovskoye,Arctic,64597.45,75997.0,1,25452816.4439
2023-11-26,Primorsk,Baltic,220528.49,253190.0,2,86893076.68678
2023-11-26,Prirazlomnoye Field,Arctic,66041.43,72573.0,1,26021776.33146
2023-11-26,Yuri Korchagin,Caspian Sea,4034.472,4632.0,1,1589670.726384
2023-11-27,Nakhodka,Pacific,204085.0,240100.0,2,92376078.106847
2023-11-27,Novoportovskoye,Arctic,64597.45,75997.0,1,24766726.92745
2023-11-27,Primorsk,Baltic,101090.002,116062.0,1,38758007.856802
2023-11-28,Nakhodka,Pacific,200201.35,235531.0,2,101812396.5425
2023-11-29,De Kastri,Pacific,93905.695,111131.0,1,48317860.68252
2023-11-29,Murmansk,Arctic,148771.385295,171145.0,1,58883214.381271
2023-11-29,Novoportovskoye,Arctic,39513.1,46486.0,1,16562034.4043
2023-11-29,Primorsk,Baltic,101090.002,116062.0,1,42372177.608306
2023-11-29,Prirazlomnoye Field,Arctic,2740.92,3012.0,1,1148864.84076
2023-11-29,Ust Luga,Baltic,101090.002,116062.0,1,40011083.097504
2023-11-30,Arkhangelsk,Arctic,1276.17,1545.0,3,679683.03732
2023-11-30,De Kastri,Pacific,95145.31,112598.0,2,50812162.51488
2023-11-30,Nakhodka,Pacific,196902.5,231650.0,2,105155386.32
2023-11-30,Primorsk,Baltic,202180.004,232124.0,2,81814555.299035
2023-11-30,Ust Luga,Baltic,101090.002,116062.0,1,41605814.303144
2023-11-30,Varandey,Arctic,69143.151,81633.0,1,28457384.943372
2023-12-01,Novorossiysk,Black sea,288936.437,345245.0,2,115245187.26182
2023-12-01,Prigorodnoye,Pacific,95856.03,119970.0,1,49411482.92028
2023-12-01,Ust Luga,Baltic,147425.46,169260.0,1,58802118.9756
2023-12-01,Yuri Korchagin,Caspian Sea,8068.944,9264.0,1,3218379.00384
2023-12-02,Nakhodka,Pacific,94104.35,110711.0,1,48508533.9206
2023-12-02,Novoportovskoye,Arctic,39110.2,46012.0,1,15700437.7982
2023-12-02,Primorsk,Baltic,202180.004,232124.0,2,80997464.39643
2023-12-02,Ust Luga,Baltic,83225.792,95552.0,1,33410245.166272
2023-12-02,Yuri Korchagin,Caspian Sea,3320.252,3812.0,1,1332885.283132
2023-12-03,Nakhodka,Pacific,206063.8,242428.0,2,106220943.3688
2023-12-03,Novoportovskoye,Arctic,64597.45,75997.0,1,25947503.716
2023-12-03,Primorsk,Baltic,202787.962,232822.0,2,81455868.57616
2023-12-03,Prirazlomnoye Field,Arctic,66050.53,72583.0,1,26531176.8904
2023-12-03,Ust Luga,Baltic,101090.002,116062.0,2,40415792.903548
2023-12-04,Nakhodka,Pacific,100647.65,118409.0,1,49599564.5106
2023-12-04,Novorossiysk,Black sea,86115.77,98870.0,2,34418837.06937
2023-12-04,Primorsk,Baltic,101090.002,116062.0,1,40403753.089362
2023-12-04,Ust Luga,Baltic,97209.697,111607.0,1,38852868.906657
2023-12-04,Yuri Korchagin,Caspian Sea,6556.017,7527.0,1,2620315.430577
2023-12-05,De Kastri,Pacific,93905.695,111131.0,1,37744811.910399
2023-12-05,Nakhodka,Pacific,194196.1,228466.0,2,87344828.265966
2023-12-05,Novorossiysk,Black sea,86115.77,98870.0,1,33714065.60769
2023-12-05,Primorsk,Baltic,101697.96,116760.0,1,39814446.24612
2023-12-05,Varandey,Arctic,69143.151,81633.0,1,27069336.187047
2023-12-06,Murmansk,Arctic,102877.32,113052.0,1,38491343.52336
2023-12-06,Nakhodka,Pacific,94104.35,110711.0,1,46528201.9792
2023-12-06,Novoportovskoye,Arctic,41421.35,48731.0,1,15497715.2598
2023-12-06,Ust Luga,Baltic,93886.832,107792.0,1,35127570.419136
2023-12-06,Yuri Korchagin,Caspian Sea,8068.944,9264.0,1,3018979.259712
2023-12-07,De Kastri,Pacific,45491.42,53836.0,1,21705184.75034
2023-12-07,Kaliningrad,Baltic,18914.688,22734.0,1,7048615.227264
2023-12-07,Murmansk,Arctic,130889.451,154533.0,1,48776346.583503
2023-12-07,Nakhodka,Pacific,207933.8,244628.0,2,99210830.1926
2023-12-07,Novorossiysk,Black sea,295215.869,338939.0,2,110013079.230457
2023-12-07,Primorsk,Baltic,301106.442,345702.0,3,112208218.930626
2023-12-07,Prirazlomnoye Field,Arctic,2952.04,3244.0,1,1100086.56212
2023-12-07,Ust Luga,Baltic,101090.002,116062.0,1,37671492.515306
2023-12-08,De Kastri,Pacific,95145.31,112598.0,2,46081252.26575
2023-12-08,Nakhodka,Pacific,96144.35,113111.0,1,46565112.31375
2023-12-08,Novoportovskoye,Arctic,64597.45,75997.0,1,24919176.90945
2023-12-08,Novorossiysk,Black sea,132157.655,164171.0,1,50981269.150455
2023-12-08,Prirazlomnoye Field,Arctic,66041.43,72573.0,1,25476208.07823
2023-12-08,Ust Luga,Baltic,101724.09,116790.0,2,39241186.68249
2023-12-08,Yuri Korchagin,Caspian Sea,13944.71,16010.0,2,5379325.27431
2023-12-09,Nakhodka,Pacific,95995.6,112936.0,1,46493068.97
2023-12-09,Novorossiysk,Black sea,82655.32,98870.0,2,31736832.59912
2023-12-09,Prigorodnoye,Pacific,89012.595,111405.0,1,43111025.073375
2023-12-09,Primorsk,Baltic,97778.46,112260.0,1,37543604.17236
2023-12-09,Ust Luga,Baltic,78432.679,90049.0,1,30115482.024914
2023-12-09,Varandey,Arctic,69143.151,81633.0,1,26548619.116866
2023-12-09,Yuri Korchagin,Caspian Sea,6556.017,7527.0,1,2517287.623422
2023-12-10,Murmansk,Arctic,148755.1,175006.0,1,56965170.5246
2023-12-10,Nakhodka,Pacific,103927.8,122268.0,1,50334831.735
2023-12-10,Novoportovskoye,Arctic,64597.45,75997.0,1,24737335.0877
2023-12-10,Novorossiysk,Black sea,218760.044,263564.0,2,83773283.809624
2023-12-10,Primorsk,Baltic,99152.898,113838.0,1,37970205.677508
2023-12-10,Ust Luga,Baltic,101090.002,116062.0,1,38712011.905892
2023-12-11,Murmansk,Arctic,286501.943624,333818.0,2,110534168.861801
2023-12-11,Nakhodka,Pacific,201242.6,236756.0,2,89974092.26245
2023-12-11,Novorossiysk,Black sea,128809.66,160012.0,1,49695539.68596
2023-12-11,Primorsk,Baltic,202787.962,232822.0,2,78236812.467372
2023-12-11,Prirazlomnoye Field,Arctic,2740.92,3012.0,1,1057463.38152
2023-12-12,De Kastri,Pacific,45490.575,53835.0,1,22077804.293025
2023-12-12,Nakhodka,Pacific,89088.5,104810.0,1,35851657.196207
2023-12-12,Novorossiysk,Black sea,134598.243,154533.0,1,50188589.055111
2023-12-12,Ust Luga,Baltic,101090.002,116062.0,1,37694136.675754
2023-12-13,Nakhodka,Pacific,99642.1,117226.0,1,45262423.925
2023-12-13,Novoportovskoye,Arctic,64597.45,75997.0,1,24209057.1416
2023-12-13,Novorossiysk,Black sea,219272.43,264282.0,2,82176290.04624
2023-12-13,Primorsk,Baltic,100029.124,114844.0,1,37487714.743232
2023-12-13,Ust Luga,Baltic,98255.768,112808.0,1,36823117.661824
2023-12-14,Nakhodka,Pacific,96827.75,113915.0,1,45386555.39625
2023-12-14,Primorsk,Baltic,199249.089,228759.0,2,76943821.450041
2023-12-14,Ust Luga,Baltic,99152.898,113838.0,1,38289775.467762
2023-12-15,De Kastri,Pacific,82170.335,97243.0,1,39231651.253405
2023-12-15,Nakhodka,Pacific,104010.25,122365.0,1,49658965.79075
2023-12-15,Ust Luga,Baltic,101090.002,116062.0,1,39178137.905114
2023-12-15,Varandey,Arctic,69143.151,81633.0,1,26796912.172107
2023-12-16,Nakhodka,Pacific,193909.65,228129.0,2,92580805.02495
2023-12-16,Novoportovskoye,Arctic,39110.2,46012.0,1,15379734.1582
2023-12-16,Prirazlomnoye Field,Arctic,66050.53,72583.0,1,25973776.46773
2023-12-16,Ust Luga,Baltic,85643.688,98328.0,1,33678609.512808
2023-12-17,Murmansk,Arctic,149567.7,175962.0,1,58600475.2923
2023-12-17,Novoportovskoye,Arctic,39513.1,46486.0,1,15481193.0669
2023-12-17,Novorossiysk,Black sea,86115.77,98870.0,1,33740072.57023
2023-12-17,Primorsk,Baltic,101090.002,116062.0,1,39606961.693598
2023-12-17,Ust Luga,Baltic,101090.002,116062.0,1,39606961.693598
2023-12-18,De Kastri,Pacific,93905.695,111131.0,2,37395643.014726
2023-12-18,Novorossiysk,Black sea,234828.568,269608.0,2,94324999.879968
2023-12-18,Prigorodnoye,Pacific,95856.03,119970.0,1,45914942.51397
2023-12-18,Primorsk,Baltic,101090.002,116062.0,1,40256617.313252
2023-12-18,Ust Luga,Baltic,104898.014,120434.0,1,42135014.671464
2023-12-19,Nakhodka,Pacific,199008.8,234128.0,2,95810597.6632
2023-12-19,Novoportovskoye,Arctic,41421.35,48731.0,1,16711609.3429
2023-12-19,Primorsk,Baltic,101090.002,116062.0,1,40785165.666908
2023-12-19,Prirazlomnoye Field,Arctic,2952.04,3244.0,1,1191012.34616
2023-12-19,Ust Luga,Baltic,98292.35,112850.0,1,38985408.089606
2023-12-20,Murmansk,Arctic,144964.897,171151.0,1,57591571.716883
2023-12-20,Prirazlomnoye Field,Arctic,66041.43,72573.0,1,27245127.78078
2023-12-20,Ust Luga,Baltic,101090.002,116062.0,1,41704275.965092
2023-12-20,Varandey,Arctic,69143.151,81633.0,1,27469151.649504
2023-12-21,Novoportovskoye,Arctic,16149.15,18999.0,1,6622556.47605
2023-12-21,Primorsk,Baltic,97709.651,112181.0,1,40069457.649637
2023-12-21,Ust Luga,Baltic,90010.882,103342.0,2,35632492.112316
2023-12-21,Yuri Korchagin,Caspian Sea,8068.944,9264.0,1,3308969.038128
2023-12-22,Nakhodka,Pacific,199199.2,234352.0,2,99221519.9184
2023-12-22,Novoportovskoye,Arctic,64597.45,75997.0,1,26432242.9808
2023-12-22,Primorsk,Baltic,200309.967,229977.0,2,80472373.553469
2023-12-22,Ust Luga,Baltic,74246.653,85243.0,1,30380542.461152
2023-12-23,De Kastri,Pacific,93905.695,111131.0,1,46774614.49089
2023-12-23,Nakhodka,Pacific,200772.55,236203.0,2,100005208.7001
2023-12-23,Primorsk,Baltic,101090.002,116062.0,1,39873151.394909
2023-12-23,Prirazlomnoye Field,Arctic,2740.92,3012.0,1,1122647.94096
2023-12-23,Ust Luga,Baltic,96613.933,110923.0,1,39571907.589604
2023-12-24,Murmansk,Arctic,148609.700889,170959.0,1,58616450.53978
2023-12-24,Nakhodka,Pacific,103923.55,122263.0,1,51764528.1021
2023-12-24,Novoportovskoye,Arctic,64597.45,75997.0,1,26231086.5215
2023-12-24,Novorossiysk,Black sea,144072.981,165411.0,1,56827022.155256
2023-12-24,Primorsk,Baltic,202787.962,232822.0,2,81162566.715538
2023-12-24,Ust Luga,Baltic,101090.002,116062.0,1,41049617.11214
2023-12-24,Varandey,Arctic,69143.151,81633.0,1,27272284.827377
2023-12-25,De Kastri,Pacific,95145.31,112598.0,3,38758729.315858
2023-12-25,Nakhodka,Pacific,196157.9,230774.0,2,97706642.3058
2023-12-25,Primorsk,Baltic,101090.002,116062.0,1,39873151.394909
2023-12-25,Ust Luga,Baltic,101090.002,116062.0,1,39873151.394909
2023-12-25,Yuri Korchagin,Caspian Sea,7361.692,8452.0,1,2983789.469596
2023-12-26,Murmansk,Arctic,142834.0,168040.0,1,55642270.206
2023-12-26,Nakhodka,Pacific,201205.2,236712.0,2,98051519.2692
2023-12-26,Prigorodnoye,Pacific,89017.389,111411.0,1,43380043.024869
2023-12-26,Primorsk,Baltic,200496.361,230191.0,2,78105161.894799
2023-12-27,Murmansk,Arctic,16515.279729,18999.0,1,6724708.115334
2023-12-27,Novorossiysk,Black sea,86981.544,99864.0,1,34178095.443918
2023-12-27,Primorsk,Baltic,97709.651,112181.0,1,38393544.470422
2023-12-27,Prirazlomnoye Field,Arctic,66050.53,72583.0,1,26894520.85593
2023-12-27,Ust Luga,Baltic,101090.002,116062.0,1,41161928.104362
2023-12-28,Nakhodka,Pacific,208020.5,244730.0,2,101627791.2135
2023-12-28,Novoportovskoye,Arctic,39110.2,46012.0,1,15323728.3518
2023-12-28,Novorossiysk,Black sea,229866.481,263911.0,2,90011538.477391
2023-12-28,Ust Luga,Baltic,143728.936,165016.0,1,56227138.509205
2023-12-28,Yuri Korchagin,Caspian Sea,12418.718,14258.0,1,4865765.480862
2023-12-29,De Kastri,Pacific,93905.695,111131.0,1,36948925.831202
2023-12-29,Nakhodka,Pacific,193016.3,227078.0,2,84867145.523686
2023-12-29,Novoportovskoye,Arctic,39513.1,46486.0,1,15290384.307
2023-12-29,Novorossiysk,Black sea,132157.655,164171.0,1,51141047.75535
2023-12-29,Primorsk,Baltic,198305.796,227676.0,2,76738393.87812
2023-12-29,Ust Luga,Baltic,117537.966,134946.0,1,45483666.70302
2023-12-29,Varandey,Arctic,69143.151,81633.0,1,26756325.14247
2023-12-30,Kaliningrad,Baltic,18914.688,22734.0,1,7308956.992896
2023-12-30,Murmansk,Arctic,138629.337,163671.0,1,53568732.515529
2023-12-30,Nakhodka,Pacific,95995.6,112936.0,1,46011651.036
2023-12-30,Primorsk,Baltic,166363.613,191003.0,2,64285728.244621
2023-12-30,Ust Luga,Baltic,101090.002,116062.0,1,39062895.302834
2023-12-31,Nakhodka,Pacific,96144.35,113111.0,1,46082948.3985
2023-12-31,Novoportovskoye,Arctic,64211.55,75543.0,1,24730500.57855
2023-12-31,Primorsk,Baltic,203197.332,233292.0,2,78259623.643812
2023-12-31,Yuri Korchagin,Caspian Sea,12418.718,14258.0,1,4782957.469238
2024-01-01,Murmansk,Arctic,139287.456,164448.0,1,51828165.94032
2024-01-01,Nakhodka,Pacific,96123.95,113087.0,1,46073170.4745
2024-01-01,Novoportovskoye,Arctic,32299.15,37999.0,1,12018352.21925
2024-01-01,Prirazlomnoye Field,Arctic,2952.04,3244.0,1,1098439.3238
2024-01-01,Ust Luga,Baltic,200270.772,229932.0,2,74519752.90734
2024-01-02,De Kastri,Pacific,90981.995,107671.0,2,36105685.588203
2024-01-02,Murmansk,Arctic,143465.355111,165041.0,1,54171226.901718
2024-01-02,Nakhodka,Pacific,96827.75,113915.0,1,47551623.88625
2024-01-02,Novorossiysk,Black sea,149867.744,172064.0,1,56588711.324704
2024-01-02,Primorsk,Baltic,202787.962,232822.0,2,76570909.359542
2024-01-02,Prirazlomnoye Field,Arctic,66041.43,72573.0,1,24936649.59513
2024-01-03,Nakhodka,Pacific,194486.8,228808.0,2,84941160.411672
2024-01-03,Novoportovskoye,Arctic,64597.45,75997.0,1,24600000.909
2024-01-03,Novorossiysk,Black sea,124630.519,143089.0,2,47461794.24558
2024-01-03,Primorsk,Baltic,99790.47,114570.0,1,38002206.7854
2024-01-03,St Petersburg,Baltic,767.354,929.0,1,382235.909188
2024-01-03,Ust Luga,Baltic,99152.898,113838.0,1,37759406.61636
2024-01-03,Varandey,Arctic,69143.151,81633.0,1,26331094.76382
2024-01-04,Nakhodka,Pacific,101167.85,119021.0,1,50145058.8667
2024-01-04,Novorossiysk,Black sea,131778.5,163700.0,1,48333322.8945
2024-01-04,Prigorodnoye,Pacific,89012.595,111405.0,1,44120160.86289
2024-01-04,Primorsk,Baltic,124445.867,142877.0,2,45643881.760659
2024-01-04,Ust Luga,Baltic,102465.311,117641.0,2,37581919.372647
2024-01-05,Nakhodka,Pacific,97642.9,114874.0,1,47898236.3805
2024-01-05,Novoportovskoye,Arctic,64597.45,75997.0,1,24640697.3025
2024-01-05,Novorossiysk,Black sea,140000.185,160735.0,1,53403070.56825
2024-01-05,Primorsk,Baltic,101090.002,116062.0,1,38560781.2629
2024-01-05,Prirazlomnoye Field,Arctic,2740.92,3012.0,1,1045523.934
2024-01-06,De Kastri,Pacific,95145.31,112598.0,1,46673056.09395
2024-01-06,Nakhodka,Pacific,96191.1,113166.0,1,47186063.1495
2024-01-06,Primorsk,Baltic,196591.668,225708.0,2,75962823.923532
2024-01-06,Ust Luga,Baltic,179339.771,205901.0,2,69296708.174629
2024-01-07,Nakhodka,Pacific,193372.45,227497.0,2,94857888.48525
2024-01-07,Novoportovskoye,Arctic,39110.2,46012.0,1,15496478.1052
2024-01-07,Primorsk,Baltic,101090.002,116062.0,1,40054487.132452
2024-01-07,Ust Luga,Baltic,77059.983,88473.0,1,30533168.824158
2024-01-07,Varandey,Arctic,63330.19,74770.0,1,25093067.86294
2024-01-08,De Kastri,Pacific,93905.695,111131.0,1,46015762.569595
2024-01-08,Nakhodka,Pacific,96762.3,113838.0,1,47415559.0083
2024-01-08,Prirazlomnoye Field,Arctic,66218.88,72768.0,1,24566211.1968
2024-01-09,Murmansk,Arctic,281493.812775,328003.0,2,109320937.129299
2024-01-09,Nakhodka,Pacific,100074.75,117735.0,1,39772176.297592
2024-01-09,Novorossiysk,Black sea,135619.155,168471.0,1,52669055.0358
2024-01-09,Primorsk,Baltic,198439.93,227830.0,2,77066131.2148
2024-01-09,Ust Luga,Baltic,207577.591,238321.0,2,80614833.24076
2024-01-10,Nakhodka,Pacific,198114.6,233076.0,2,97290117.768
2024-01-10,Novoportovskoye,Arctic,39513.1,46486.0,1,15272959.0299
2024-01-10,Primorsk,Baltic,98159.087,112697.0,1,37941333.739023
2024-01-11,Murmansk,Arctic,155091.3,170430.0,1,61555892.0613
2024-01-11,Nakhodka,Pacific,103008.1,121186.0,1,49975203.7798
2024-01-11,Novorossiysk,Black sea,166981.152,191712.0,2,66180873.992167
2024-01-11,Prigorodnoye,Pacific,47928.015,59985.0,1,23252659.90137
2024-01-11,Primorsk,Baltic,101090.002,116062.0,1,40122722.883802
2024-01-11,Ust Luga,Baltic,101090.002,116062.0,1,40122722.883802
2024-01-12,Primorsk,Baltic,198274.44,227640.0,2,72578953.58532
2024-01-12,St Petersburg,Baltic,1304.254,1579.0,1,654644.21022
2024-01-12,Ust Luga,Baltic,101090.002,116062.0,1,37004298.502106
2024-01-13,Nakhodka,Pacific,204481.1,240566.0,2,102024208.9962
2024-01-13,Novoportovskoye,Arctic,64211.55,75543.0,1,23935433.16645
2024-01-13,Novorossiysk,Black sea,143730.678,165018.0,1,53576903.800602
2024-01-13,Primorsk,Baltic,101697.96,116760.0,1,37908829.87164
2024-01-13,Varandey,Arctic,69143.151,81633.0,1,25773731.823609
2024-01-14,De Kastri,Pacific,93905.695,111131.0,1,37313620.03608
2024-01-14,Nakhodka,Pacific,192644.0,226640.0,2,87067686.028014
2024-01-14,Novoportovskoye,Arctic,64597.45,75997.0,1,25492220.8884
2024-01-14,Novorossiysk,Black sea,217916.474,266858.0,2,85996813.967568
2024-01-14,Prigorodnoye,Pacific,47928.015,59985.0,1,23913299.66013
2024-01-14,Primorsk,Baltic,92837.277,106587.0,1,36636560.297064
2024-01-14,Prirazlomnoye Field,Arctic,66041.43,72573.0,1,26062061.60376
2024-01-14,Ust Luga,Baltic,351392.756,403436.0,3,138670826.085792
2024-01-15,Primorsk,Baltic,198318.861,227691.0,2,78279627.538476
2024-01-16,De Kastri,Pacific,95145.31,112598.0,1,46922717.38739
2024-01-16,Nakhodka,Pacific,102053.55,120063.0,1,50329647.19995
2024-01-16,Novoportovskoye,Arctic,64597.45,75997.0,1,25675548.4515
2024-01-16,Primorsk,Baltic,97724.458,112198.0,1,38842540.32126
2024-01-16,Prirazlomnoye Field,Arctic,2740.92,3012.0,1,1089433.4724
2024-01-16,Ust Luga,Baltic,95458.116,109596.0,1,37941737.36652
2024-01-17,Murmansk,Arctic,139816.831,165073.0,1,54683760.77241
2024-01-17,Nakhodka,Pacific,104010.25,122365.0,1,50736199.95
2024-01-17,Novorossiysk,Black sea,139491.521,160151.0,1,54556528.77831
2024-01-17,Primorsk,Baltic,101697.96,116760.0,1,39775089.1356
2024-01-17,Varandey,Arctic,69143.151,81633.0,1,27042577.78761
2024-01-18,Nakhodka,Pacific,188813.05,222133.0,2,84488500.699239
2024-01-18,Novoportovskoye,Arctic,64597.45,75997.0,1,25959454.24425
2024-01-18,Primorsk,Baltic,199170.699,228669.0,2,80039732.953635
2024-01-18,Ust Luga,Baltic,134598.243,154533.0,1,53812391.004498
2024-01-19,De Kastri,Pacific,93905.695,111131.0,1,47146387.137395
2024-01-19,Nakhodka,Pacific,99615.75,117195.0,2,50013183.06075
2024-01-19,Ust Luga,Baltic,194002.185,222735.0,2,75703532.6307
2024-01-20,Murmansk,Arctic,145593.1,171286.0,1,57277635.8779
2024-01-20,Nakhodka,Pacific,197111.6,231896.0,2,98962047.0076
2024-01-20,Primorsk,Baltic,202787.962,232822.0,2,79778609.342458
2024-01-21,Nakhodka,Pacific,96140.95,113107.0,1,48268621.49795
2024-01-21,Novoportovskoye,Arctic,39110.2,46012.0,1,14500693.303
2024-01-21,Novorossiysk,Black sea,143355.205,178081.0,1,53151092.581825
2024-01-21,Primorsk,Baltic,101090.002,116062.0,1,37480634.59153
2024-01-21,St Petersburg,Baltic,1191.092,1442.0,1,602580.589352
2024-01-21,Ust Luga,Baltic,99439.457,114167.0,1,36868670.274605
2024-01-22,De Kastri,Pacific,90981.995,107671.0,1,44957661.04531
2024-01-22,Nakhodka,Pacific,200838.0,236280.0,2,90053839.080827
2024-01-22,Novoportovskoye,Arctic,39513.1,46486.0,1,15779912.1029
2024-01-22,Primorsk,Baltic,202180.004,232124.0,2,80720247.534635
2024-01-22,Varandey,Arctic,69143.151,81633.0,1,27605362.318841
2024-01-23,Primorsk,Baltic,101090.002,116062.0,1,40426945.164283
2024-01-23,Prirazlomnoye Field,Arctic,66218.88,72768.0,1,27351443.50848
2024-01-23,Ust Luga,Baltic,141473.917,162427.0,1,56576893.575839
2024-01-24,Novorossiysk,Black sea,135664.235,168527.0,1,56284513.481035
2024-01-24,Prigorodnoye,Pacific,89017.389,111411.0,1,44653881.861459
2024-01-24,Primorsk,Baltic,101090.002,116062.0,1,40304607.778642
2024-01-24,Ust Luga,Baltic,118611.909,136179.0,1,47290596.256205
2024-01-25,De Kastri,Pacific,93905.695,111131.0,1,37481467.955089
2024-01-25,Novorossiysk,Black sea,86981.544,99864.0,1,34717766.096296
2024-01-25,Primorsk,Baltic,101090.002,116062.0,1,40349008.338023
2024-01-26,Murmansk,Arctic,155359.6,182776.0,1,66256519.3312
2024-01-26,Novorossiysk,Black sea,149066.424,171144.0,2,59618699.931609
2024-01-26,Primorsk,Baltic,343673.083,394573.0,3,143945438.894131
2024-01-26,Prirazlomnoye Field,Arctic,66041.43,72573.0,1,28164820.73496
2024-01-27,Novoportovskoye,Arctic,32299.15,37999.0,1,13734729.05025
2024-01-27,Varandey,Arctic,69143.151,81633.0,1,29402087.815485
2024-01-28,Nakhodka,Pacific,200201.35,235531.0,2,103503697.5473
2024-01-28,Novorossiysk,Black sea,144072.981,165411.0,1,61322359.194954
2024-01-28,Primorsk,Baltic,101697.96,116760.0,1,40673815.056413
2024-01-28,St Petersburg,Baltic,2049.306,2481.0,1,1043074.211634
2024-01-28,Ust Luga,Baltic,85165.509,97779.0,1,36249336.257706
2024-01-29,De Kastri,Pacific,93905.695,111131.0,1,49808144.06217
2024-01-29,Nakhodka,Pacific,200690.1,236106.0,2,106447233.1806
2024-01-29,Novoportovskoye,Arctic,64597.45,75997.0,1,28184190.42225
2024-01-29,Novorossiysk,Black sea,131778.5,163700.0,1,52938187.193939
2024-01-29,Primorsk,Baltic,202180.004,232124.0,2,84716047.250919
2024-01-29,Prirazlomnoye Field,Arctic,2740.92,3012.0,1,1195877.1006
2024-01-30,Murmansk,Arctic,146975.675,173525.0,1,58918004.233177
2024-01-30,Nakhodka,Pacific,198027.9,232974.0,2,102867572.934
2024-01-30,Primorsk,Baltic,101090.002,116062.0,1,44443410.659284
2024-01-30,Ust Luga,Baltic,145285.413,166803.0,1,58240430.453223
2024-01-31,Murmansk,Arctic,146400.014007,168417.0,1,63462063.67181
2024-01-31,Nakhodka,Pacific,201653.15,237239.0,2,106347838.247
2024-01-31,Novoportovskoye,Arctic,64597.45,75997.0,1,28001961.0158
2024-01-31,Novorossiysk,Black sea,86115.77,98870.0,1,37329808.44268
2024-01-31,Primorsk,Baltic,167584.755,192405.0,2,72645309.93642
2024-01-31,Ust Luga,Baltic,100133.644,114964.0,1,43406332.535696
2024-01-31,Varandey,Arctic,69143.151,81633.0,1,27740370.550168
2024-02-01,De Kastri,Pacific,95145.31,112598.0,2,39396765.127579
2024-02-01,Novoportovskoye,Arctic,39110.2,46012.0,1,16802093.9118
2024-02-01,Prigorodnoye,Pacific,89012.595,111405.0,1,45760930.026525
2024-02-01,Primorsk,Baltic,101090.002,116062.0,1,40643771.761244
2024-02-01,Ust Luga,Baltic,100089.223,114913.0,3,42999231.003807
2024-02-02,Kaliningrad,Baltic,18914.688,22734.0,1,7834123.305216
2024-02-02,Nakhodka,Pacific,193226.25,227325.0,2,87586582.382405
2024-02-02,Novorossiysk,Black sea,137818.33,158230.0,1,57081871.55606
2024-02-02,Primorsk,Baltic,101090.002,116062.0,1,41869659.208364
2024-02-03,Nakhodka,Pacific,189163.25,222545.0,2,75571893.140079
2024-02-03,Novorossiysk,Black sea,144072.981,165411.0,1,59331270.597534
2024-02-03,Primorsk,Baltic,199541.745,229095.0,2,80922407.073276
2024-02-03,Prirazlomnoye Field,Arctic,66218.88,72768.0,1,27269861.84832
2024-02-03,Ust Luga,Baltic,198737.812,228172.0,2,80641184.60317
2024-02-03,Yuri Korchagin,Caspian Sea,12418.718,14258.0,1,5114201.934452
2024-02-04,Murmansk,Arctic,140651.524884,161804.0,1,56191157.682704
2024-02-04,Nakhodka,Pacific,200165.65,235489.0,2,100652296.27425
2024-02-04,Primorsk,Baltic,93886.832,107792.0,1,38062754.447952
2024-02-05,De Kastri,Pacific,93905.695,111131.0,1,46853213.557605
2024-02-05,Murmansk,Arctic,146974.828,173524.0,1,60899460.906284
2024-02-05,Nakhodka,Pacific,96827.75,113915.0,1,48311140.75725
2024-02-05,Primorsk,Baltic,101090.002,116062.0,1,41886945.598706
2024-02-06,Nakhodka,Pacific,95995.6,112936.0,1,48168288.1856
2024-02-06,Novorossiysk,Black sea,86115.77,98870.0,1,36217967.73621
2024-02-06,Primorsk,Baltic,101090.002,116062.0,1,40912384.606356
2024-02-06,St Petersburg,Baltic,731.01,885.0,1,377908.04667
2024-02-06,Ust Luga,Baltic,101090.002,116062.0,1,42515725.411146
2024-02-06,Varandey,Arctic,69143.151,81633.0,1,27983095.564756
2024-02-07,Nakhodka,Pacific,96144.35,113111.0,2,48392624.11855
2024-02-07,Novoportovskoye,Arctic,64211.55,75543.0,1,27074222.15355
2024-02-07,Novorossiysk,Black sea,128809.66,160012.0,1,51971232.368226
2024-02-07,Primorsk,Baltic,199138.472,228632.0,2,83964944.472552
2024-02-07,Prirazlomnoye Field,Arctic,66218.88,72768.0,1,27920594.78208
2024-02-07,Ust Luga,Baltic,98292.35,112850.0,1,39658318.808302
2024-02-08,De Kastri,Pacific,95145.31,112598.0,2,38452803.575903
2024-02-08,Nakhodka,Pacific,205983.9,242334.0,2,105170023.7586
2024-02-08,Novoportovskoye,Arctic,32298.3,37998.0,1,14164936.2378
2024-02-08,Novorossiysk,Black sea,128999.64,160248.0,1,56574856.11624
2024-02-08,Primorsk,Baltic,101697.96,116760.0,2,41101045.127185
2024-02-08,Ust Luga,Baltic,100000.381,114811.0,1,43856767.093646
2024-02-08,Yuri Korchagin,Caspian Sea,7361.692,8452.0,2,3228587.813672
2024-02-09,Nakhodka,Pacific,100074.75,117735.0,1,52018754.97525
2024-02-09,Novoportovskoye,Arctic,64597.45,75997.0,1,28595094.8017
2024-02-09,Primorsk,Baltic,101090.002,116062.0,1,40802241.721694
2024-02-09,Ust Luga,Baltic,106726.243,122533.0,1,47244079.083838
2024-02-10,Nakhodka,Pacific,101167.85,119021.0,1,52586947.26215
2024-02-10,Novorossiysk,Black sea,123999.785,154037.0,1,50049155.21723
2024-02-10,Prigorodnoye,Pacific,95856.03,119970.0,1,49825868.53797
2024-02-10,Primorsk,Baltic,101090.002,116062.0,1,40802241.721694
2024-02-10,Prirazlomnoye Field,Arctic,66218.88,72768.0,1,28812827.9712
2024-02-10,Ust Luga,Baltic,101090.002,116062.0,1,40802241.721694
2024-02-11,Murmansk,Arctic,100000.208,118064.0,1,40362375.885952
2024-02-11,Nakhodka,Pacific,190295.45,223877.0,2,98915384.61455
2024-02-11,Primorsk,Baltic,191100.884,219404.0,2,77132696.685449
2024-02-11,Ust Luga,Baltic,101090.002,116062.0,1,44556732.551526
2024-02-11,Varandey,Arctic,7508.655,8865.0,1,3309537.303765
2024-02-12,Novorossiysk,Black sea,99152.898,113838.0,1,44163692.29818
2024-02-12,Primorsk,Baltic,101090.002,116062.0,1,45026497.79082
2024-02-12,St Petersburg,Baltic,993.678,1203.0,1,518886.727464
2024-02-12,Ust Luga,Baltic,101090.002,116062.0,1,40798454.267714
2024-02-13,De Kastri,Pacific,93905.695,111131.0,1,49202546.235115
2024-02-13,Murmansk,Arctic,143465.355111,165041.0,1,64171479.47973
2024-02-13,Nakhodka,Pacific,104010.25,122365.0,1,54496898.55925
2024-02-13,Novorossiysk,Black sea,86981.544,99864.0,1,38906496.705024
2024-02-13,Primorsk,Baltic,98255.768,112808.0,1,39581116.585226
2024-02-13,Prirazlomnoye Field,Arctic,66218.88,72768.0,1,29619440.14848
2024-02-13,Ust Luga,Baltic,98619.846,113226.0,1,44112262.636416
2024-02-14,Novoportovskoye,Arctic,39110.2,46012.0,1,17338646.7456
2024-02-14,Novorossiysk,Black sea,151741.265,174215.0,1,67271151.52992
2024-02-14,Primorsk,Baltic,101046.452,116012.0,2,44796721.472256
2024-02-15,De Kastri,Pacific,93905.695,111131.0,1,48481444.40321
2024-02-15,Nakhodka,Pacific,207938.05,244633.0,2,95749882.12176
2024-02-15,Novoportovskoye,Arctic,39513.1,46486.0,1,17678121.4269
2024-02-15,Novorossiysk,Black sea,132157.655,164171.0,1,53485851.251978
2024-02-15,Varandey,Arctic,69143.151,81633.0,1,27983095.564756
2024-02-16,Nakhodka,Pacific,97617.4,114844.0,2,51266120.4276
2024-02-16,Primorsk,Baltic,97061.627,111437.0,1,39190850.103366
2024-02-16,Ust Luga,Baltic,109908.877,126187.0,1,50306282.182793
2024-02-17,De Kastri,Pacific,90981.995,107671.0,2,47781378.24213
2024-02-17,Nakhodka,Pacific,197117.55,231903.0,3,91371822.822353
2024-02-17,Primorsk,Baltic,300117.857,344567.0,3,131646331.937907
2024-02-17,Ust Luga,Baltic,137825.298,158238.0,1,55650113.863945
2024-02-18,Novoportovskoye,Arctic,64597.45,75997.0,1,29485441.45505
2024-02-18,Ust Luga,Baltic,101090.002,116062.0,1,40817398.572259
2024-02-19,Nakhodka,Pacific,104010.25,122365.0,1,54862702.6085
2024-02-19,Novorossiysk,Black sea,131778.5,163700.0,1,53169079.435783
2024-02-19,Primorsk,Baltic,97709.651,112181.0,1,39423215.438495
2024-02-19,Ust Luga,Baltic,140928.671,161801.0,1,56860927.26187
2024-02-20,Murmansk,Arctic,152958.663702,175962.0,1,68523492.875868
2024-02-20,Nakhodka,Pacific,97642.9,114874.0,1,51550373.7692
2024-02-20,Novorossiysk,Black sea,136999.59,157290.0,1,61374035.32533
2024-02-20,Prigorodnoye,Pacific,89012.595,111405.0,1,46994021.50506
2024-02-20,Primorsk,Baltic,202180.004,232124.0,2,85975929.872251
2024-02-20,Prirazlomnoye Field,Arctic,66041.43,72573.0,1,29585702.10141
2024-02-20,St Petersburg,Baltic,1191.092,1442.0,1,631063.172348
2024-02-20,Ust Luga,Baltic,99152.898,113838.0,1,39909235.00479
2024-02-20,Varandey,Arctic,69143.151,81633.0,1,27830253.254228
2024-02-21,Nakhodka,Pacific,197745.7,232642.0,2,102661459.8663
2024-02-21,Novorossiysk,Black sea,86981.544,99864.0,1,38520037.705032
2024-02-21,Ust Luga,Baltic,101090.002,116062.0,1,44768010.655706
2024-02-22,Murmansk,Arctic,148408.899288,170728.0,1,59503511.975366
2024-02-22,Nakhodka,Pacific,89088.5,104810.0,1,35719412.057158
2024-02-22,Novorossiysk,Black sea,143728.936,165016.0,1,57627113.370648
2024-02-22,Primorsk,Baltic,202180.004,232124.0,2,86477342.938323
2024-02-22,Prirazlomnoye Field,Arctic,2740.92,3012.0,1,1245764.58552
2024-02-22,Ust Luga,Baltic,101090.002,116062.0,1,45946012.449012
2024-02-23,Arkhangelsk,Arctic,1484.322,1797.0,1,789791.408658
2024-02-23,Nakhodka,Pacific,192605.75,226595.0,3,100599716.67675
2024-02-23,Novoportovskoye,Arctic,32299.15,37999.0,2,14052875.67775
2024-02-23,Primorsk,Baltic,101090.002,116062.0,1,43982743.52017
2024-02-24,Nakhodka,Pacific,196748.65,231469.0,2,102763590.63285
2024-02-24,Novoportovskoye,Arctic,129194.9,151994.0,2,56358820.4219
2024-02-24,Novorossiysk,Black sea,86115.77,98870.0,1,37566368.46287
2024-02-24,Primorsk,Baltic,202180.004,232124.0,2,84667334.385379
2024-02-24,Prirazlomnoye Field,Arctic,66050.53,72583.0,1,28813288.75243
2024-02-24,Ust Luga,Baltic,145354.222,166882.0,1,58332552.913132
2024-02-25,Nakhodka,Pacific,102053.55,120063.0,1,53303487.64695
2024-02-25,Ust Luga,Baltic,98163.442,112702.0,1,43647589.177764
2024-02-25,Varandey,Arctic,69143.151,81633.0,1,30743948.946942
2024-02-26,Nakhodka,Pacific,103923.55,122263.0,1,53149205.4823
2024-02-26,Primorsk,Baltic,202180.004,232124.0,2,85030687.216032
2024-02-26,Prirazlomnoye Field,Arctic,2952.04,3244.0,1,1300347.05164
2024-02-26,Ust Luga,Baltic,101090.002,116062.0,1,40501451.14505
2024-02-27,Nakhodka,Pacific,96827.75,113915.0,1,50381027.569
2024-02-27,Novoportovskoye,Arctic,103707.65,122009.0,2,45997142.88155
2024-02-27,Novorossiysk,Black sea,140794.537,161647.0,1,56388187.257698
2024-02-27,Primorsk,Baltic,94667.248,108688.0,1,41987480.503696
2024-02-28,De Kastri,Pacific,93905.695,111131.0,1,49348381.77945
2024-02-28,Kaliningrad,Baltic,18914.688,22734.0,1,8444273.31072
2024-02-28,Nakhodka,Pacific,203067.55,238903.0,3,106714028.2005
2024-02-28,Primorsk,Baltic,97866.431,112361.0,1,43691489.45564
2024-02-28,Ust Luga,Baltic,101090.002,116062.0,1,45130620.49288
2024-02-29,Nakhodka,Pacific,104010.25,122365.0,1,54323825.50325
2024-02-29,Prigorodnoye,Pacific,89017.389,111411.0,1,46493159.152977
2024-02-29,Prirazlomnoye Field,Arctic,66041.43,72573.0,1,29784222.63999
2024-02-29,Ust Luga,Baltic,101090.002,116062.0,1,45590883.271986
2024-03-01,Murmansk,Arctic,144964.897,171151.0,1,65478904.396136
2024-03-01,Novoportovskoye,Arctic,39513.1,46486.0,1,17847593.1128
2024-03-01,Novorossiysk,Black sea,86981.544,99864.0,1,39288519.646272
2024-03-01,Primorsk,Baltic,144072.981,165411.0,1,65076036.641928
2024-03-01,Ust Luga,Baltic,214825.182,246642.0,2,92157801.581783
2024-03-01,Varandey,Arctic,69143.151,81633.0,1,27801941.704631
2024-03-02,De Kastri,Pacific,95145.31,112598.0,1,49313528.73707
2024-03-02,Murmansk,Arctic,145150.25,170765.0,1,58363825.347106
2024-03-02,Novoportovskoye,Arctic,64597.45,75997.0,1,28928676.0335
2024-03-02,Novorossiysk,Black sea,290982.737,347573.0,2,130310799.11071
2024-03-02,Primorsk,Baltic,231845.393,266183.0,2,103827322.34719
2024-03-03,Kaliningrad,Baltic,9635.392,11581.0,1,4284743.197696
2024-03-03,Nakhodka,Pacific,96762.3,113838.0,1,50151609.8031
2024-03-03,Primorsk,Baltic,202180.004,232124.0,2,85601041.358353
2024-03-03,Prirazlomnoye Field,Arctic,2740.92,3012.0,1,1218854.23296
2024-03-03,Ust Luga,Baltic,101090.002,116062.0,1,44953510.809376
2024-03-04,Nakhodka,Pacific,194179.1,228446.0,2,77840397.982827
2024-03-04,Novorossiysk,Black sea,129044.72,160304.0,1,51730038.723953
2024-03-04,Primorsk,Baltic,98318.48,112880.0,1,39412839.035028
2024-03-04,Ust Luga,Baltic,141969.516,162996.0,2,56911189.859616
2024-03-05,De Kastri,Pacific,93905.695,111131.0,1,48747854.859925
2024-03-05,Nakhodka,Pacific,104010.25,122365.0,1,41682964.168206
2024-03-05,Primorsk,Baltic,97809.816,112296.0,1,39198089.184738
2024-03-06,Nakhodka,Pacific,197778.0,232680.0,2,102552244.116
2024-03-06,Novoportovskoye,Arctic,41228.4,48504.0,1,18822702.3348
2024-03-06,Novorossiysk,Black sea,148444.53,170430.0,1,67771904.83791
2024-03-06,Primorsk,Baltic,197885.103,227193.0,2,79121759.522115
2024-03-06,Ust Luga,Baltic,101090.002,116062.0,1,40419509.640067
2024-03-06,Varandey,Arctic,69143.151,81633.0,1,27645980.839817
2024-03-07,Kaliningrad,Baltic,9279.296,11153.0,1,4099166.125184
2024-03-07,Murmansk,Arctic,155917.58,171338.0,1,68877214.63532
2024-03-07,Nakhodka,Pacific,196219.1,230846.0,2,101887160.1132
2024-03-07,Novoportovskoye,Arctic,64597.45,75997.0,1,28536181.9273
2024-03-07,Primorsk,Baltic,198799.653,228243.0,2,83505230.620455
2024-03-07,Ust Luga,Baltic,141492.208,162448.0,2,62504748.852832
2024-03-08,De Kastri,Pacific,93905.695,111131.0,1,49298987.38388
2024-03-08,Nakhodka,Pacific,96827.75,113915.0,1,50833019.506
2024-03-08,Novorossiysk,Black sea,99830.536,114616.0,1,43372574.331632
2024-03-08,Primorsk,Baltic,100000.381,114811.0,1,39771703.733753
2024-03-08,Ust Luga,Baltic,98498.777,113087.0,1,39174492.514994
2024-03-09,Murmansk,Arctic,152208.482829,175099.0,1,60535676.207464
2024-03-09,Nakhodka,Pacific,103923.55,122263.0,1,54558200.9732
2024-03-09,Novoportovskoye,Arctic,64597.45,75997.0,1,28867179.2611
2024-03-09,Prirazlomnoye Field,Arctic,66885.0,73500.0,1,29889435.03
2024-03-10,Nakhodka,Pacific,100557.55,118303.0,1,52791104.8292
2024-03-10,Novorossiysk,Black sea,449298.403,528079.0,4,189217022.697433
2024-03-10,Prigorodnoye,Pacific,95856.03,119970.0,1,50322882.05352
2024-03-10,Primorsk,Baltic,101090.002,116062.0,1,45915685.448412
2024-03-10,Varandey,Arctic,69143.151,81633.0,1,31405234.043106
2024-03-11,De Kastri,Pacific,94712.67,112086.0,1,49304006.34588
2024-03-11,Nakhodka,Pacific,198527.7,233562.0,2,103346373.6228
2024-03-11,Ust Luga,Baltic,99509.137,114247.0,1,39598061.663841
2024-03-12,Nakhodka,Pacific,89088.5,104810.0,1,35483813.150222
2024-03-12,Novoportovskoye,Arctic,19555.1,23006.0,1,8673019.2867
2024-03-12,Novorossiysk,Black sea,148712.798,170738.0,1,65956654.030566
2024-03-12,Primorsk,Baltic,202787.962,232822.0,2,89939908.542354
2024-03-12,Ust Luga,Baltic,98318.48,112880.0,1,43605917.29416
2024-03-13,Nakhodka,Pacific,200005.85,235301.0,2,104495656.40855
2024-03-13,Primorsk,Baltic,101090.002,116062.0,1,45682875.173806
2024-03-13,Ust Luga,Baltic,101090.002,116062.0,1,40179335.2067
2024-03-14,De Kastri,Pacific,93905.695,111131.0,1,50152777.96282
2024-03-14,Murmansk,Arctic,144964.897,171151.0,2,57691730.972043
2024-03-14,Novoportovskoye,Arctic,64597.45,75997.0,1,30195819.6127
2024-03-14,Prirazlomnoye Field,Arctic,66041.43,72573.0,1,30870802.28778
2024-03-14,Ust Luga,Baltic,200309.967,229977.0,2,86740721.39287
2024-03-15,Nakhodka,Pacific,100074.75,117735.0,1,39947448.466365
2024-03-15,Novoportovskoye,Arctic,39513.1,46486.0,1,17949694.9632
2024-03-15,Novorossiysk,Black sea,86981.544,99864.0,1,39513279.955968
2024-03-15,Primorsk,Baltic,101090.002,116062.0,1,40352712.800779
2024-03-15,Ust Luga,Baltic,101090.002,116062.0,1,45922357.388544
2024-03-16,Murmansk,Arctic,142274.453841,163671.0,1,63124614.229083
2024-03-16,Nakhodka,Pacific,206063.8,242428.0,2,111237154.4522
2024-03-16,Ust Luga,Baltic,97209.697,111607.0,1,43130192.784354
2024-03-16,Varandey,Arctic,69143.151,81633.0,1,27600293.394434
2024-03-17,De Kastri,Pacific,93905.695,111131.0,1,50692078.369205
2024-03-17,Novorossiysk,Black sea,134430.17,166994.0,1,60965560.82687
2024-03-17,Yuri Korchagin,Caspian Sea,6556.017,7527.0,1,2973225.825687
2024-03-18,Novoportovskoye,Arctic,64597.45,75997.0,1,30175342.22105
2024-03-18,Primorsk,Baltic,202180.004,232124.0,2,87574784.345037
2024-03-18,Prirazlomnoye Field,Arctic,68791.45,75595.0,2,32134481.24705
2024-03-18,Ust Luga,Baltic,77716.717,89227.0,1,36303732.295493
2024-03-19,Murmansk,Arctic,145101.264,171312.0,1,58123738.793953
2024-03-19,Nakhodka,Pacific,195819.6,230376.0,2,108221268.4968
2024-03-19,Novoportovskoye,Arctic,41174.0,48440.0,1,19485677.848
2024-03-19,Novorossiysk,Black sea,360865.254,427098.0,3,144553101.641551
2024-03-19,Primorsk,Baltic,143501.605,164755.0,1,57482957.595276
2024-03-20,De Kastri,Pacific,90981.995,107671.0,1,50310040.829165
2024-03-20,Nakhodka,Pacific,96191.1,113166.0,1,53190503.9937
2024-03-20,Novoportovskoye,Arctic,64597.45,75997.0,1,29798416.1003
2024-03-20,Novorossiysk,Black sea,143730.678,165018.0,1,57627811.813385
2024-03-20,Prigorodnoye,Pacific,89012.595,111405.0,1,49221027.619365
2024-03-20,Primorsk,Baltic,198799.653,228243.0,3,91705087.130982
2024-03-21,Murmansk,Arctic,144952.677792,166752.0,1,65714731.335037
2024-03-21,Novorossiysk,Black sea,86981.544,99864.0,1,34673203.088563
2024-03-21,Ust Luga,Baltic,202180.004,232124.0,2,91658911.353412
2024-03-21,Varandey,Arctic,69143.151,81633.0,1,27562335.715795
2024-03-22,Nakhodka,Pacific,100074.75,117735.0,1,54560953.8495
2024-03-22,Primorsk,Baltic,101090.002,116062.0,1,46131714.782686
2024-03-22,Prirazlomnoye Field,Arctic,2952.04,3244.0,1,1347142.78972
2024-03-22,Ust Luga,Baltic,202180.004,232124.0,2,86741688.710995
2024-03-22,Yuri Korchagin,Caspian Sea,1699.321,1951.0,1,775473.243103
2024-03-23,De Kastri,Pacific,95145.31,112598.0,1,51873413.30262
2024-03-23,Nakhodka,Pacific,97433.8,114628.0,1,53121102.6276
2024-03-23,Novorossiysk,Black sea,86981.544,99864.0,1,40326035.503104
2024-03-23,Primorsk,Baltic,300088.243,344533.0,3,132868742.427765
2024-03-24,Nakhodka,Pacific,103923.55,122263.0,1,56659327.3071
2024-03-24,Primorsk,Baltic,198439.93,227830.0,2,90874375.30392
2024-03-24,Ust Luga,Baltic,98159.087,112697.0,1,39432563.903764
2024-03-24,Yuri Korchagin,Caspian Sea,12418.718,14258.0,1,5687077.395792
2024-03-25,Murmansk,Arctic,147117.162582,169242.0,1,59034595.045043
2024-03-25,Nakhodka,Pacific,197167.7,231962.0,2,107350911.7805
2024-03-25,Novoportovskoye,Arctic,64597.45,75997.0,1,30027284.86565
2024-03-25,Primorsk,Baltic,101090.002,116062.0,1,46990373.259674
2024-03-25,Ust Luga,Baltic,101090.002,116062.0,1,46990373.259674
2024-03-25,Varandey,Arctic,30846.893,36419.0,1,14338777.201441
2024-03-26,Nakhodka,Pacific,89088.5,104810.0,1,35683215.508782
2024-03-26,Novoportovskoye,Arctic,39110.2,46012.0,1,18064336.5066
2024-03-26,Novorossiysk,Black sea,146738.241,168471.0,1,67775898.967803
2024-03-26,Primorsk,Baltic,101090.002,116062.0,1,40490257.745379
2024-03-27,De Kastri,Pacific,93905.695,111131.0,1,51312513.29607
2024-03-27,Murmansk,Arctic,144581.206,170698.0,1,65944789.287454
2024-03-27,Nakhodka,Pacific,198810.75,233895.0,2,108635362.8795
2024-03-27,Novoportovskoye,Arctic,16149.15,18999.0,1,7365772.65735
2024-03-27,Novorossiysk,Black sea,288679.885,331435.0,2,131669493.667465
2024-03-27,Primorsk,Baltic,97724.458,112198.0,1,44573004.813922
2024-03-27,Ust Luga,Baltic,101090.002,116062.0,1,46108059.722218
2024-03-28,Nakhodka,Pacific,104010.25,122365.0,1,41829477.223279
2024-03-28,Novorossiysk,Black sea,86981.544,99864.0,2,34981095.743868
2024-03-28,Primorsk,Baltic,101090.002,116062.0,1,40655050.210534
2024-03-28,Ust Luga,Baltic,105548.651,121181.0,1,42448171.146135
2024-03-29,Murmansk,Arctic,143331.487377,164887.0,1,66448047.553515
2024-03-29,Nakhodka,Pacific,95995.6,112936.0,1,52845481.8044
2024-03-29,Novoportovskoye,Arctic,39513.1,46486.0,1,18318154.6207
2024-03-29,Novorossiysk,Black sea,86981.544,99864.0,2,40324382.853768
2024-03-29,Prigorodnoye,Pacific,95856.03,119970.0,1,52768648.65897
2024-03-29,Primorsk,Baltic,134598.243,154533.0,1,54130954.784378
2024-03-29,Prirazlomnoye Field,Arctic,66218.88,72768.0,1,30698874.11136
2024-03-30,Nakhodka,Pacific,200154.6,235476.0,2,110184907.1454
2024-03-30,Primorsk,Baltic,401677.328,461168.0,5,187349134.293776
2024-03-30,Ust Luga,Baltic,147894.058,169798.0,1,59478091.155144
2024-03-30,Varandey,Arctic,69143.151,81633.0,1,27807084.973839
2024-03-31,De Kastri,Pacific,93905.695,111131.0,1,51694991.191805
2024-03-31,Novoportovskoye,Arctic,64597.45,75997.0,1,30038201.8347
2024-03-31,Novorossiysk,Black sea,314662.109,382697.0,3,138103318.375876
2024-03-31,Primorsk,Baltic,210745.418,241958.0,2,91107233.463063
2024-03-31,Prirazlomnoye Field,Arctic,66050.53,72583.0,1,30713892.75318
2024-03-31,Ust Luga,Baltic,82672.707,94917.0,1,38443304.791242
2024-04-01,Kaliningrad,Baltic,18914.688,22734.0,1,8783943.277824
2024-04-01,Murmansk,Arctic,144959.815,171145.0,1,67319048.16637
2024-04-01,Nakhodka,Pacific,201627.65,237209.0,2,112198730.25725
2024-04-01,Novoportovskoye,Arctic,64211.55,75543.0,1,29819715.3969
2024-04-01,Novorossiysk,Black sea,86548.657,99367.0,1,40193023.213486
2024-04-02,Nakhodka,Pacific,100074.75,117735.0,1,40478891.868607
2024-04-02,Novorossiysk,Black sea,222562.333,259518.0,2,99237367.687215
2024-04-02,Primorsk,Baltic,101090.002,116062.0,1,40889547.662674
2024-04-02,Ust Luga,Baltic,99180.77,113870.0,1,46668519.5158
2024-04-03,De Kastri,Pacific,94712.67,112086.0,1,53694033.31305
2024-04-03,Nakhodka,Pacific,96762.3,113838.0,1,54855999.3045
2024-04-03,Novoportovskoye,Arctic,64597.45,75997.0,1,31872898.6096
2024-04-03,Novorossiysk,Black sea,86981.544,99864.0,1,35071930.454137
2024-04-03,Prirazlomnoye Field,Arctic,2952.04,3244.0,1,1456560.15232
2024-04-03,Yuri Korchagin,Caspian Sea,3166.085,3635.0,1,1562171.66768
2024-04-04,Murmansk,Arctic,143451.446775,165025.0,1,57473455.814596
2024-04-04,Nakhodka,Pacific,190932.1,224626.0,3,107923796.7287
2024-04-04,Novorossiysk,Black sea,86981.544,99864.0,1,42193703.215872
2024-04-04,Primorsk,Baltic,297758.318,341858.0,3,136228928.269797
2024-04-04,Ust Luga,Baltic,99121.542,113802.0,1,48082670.565696
2024-04-04,Varandey,Arctic,69143.151,81633.0,1,27702026.875431
2024-04-05,Murmansk,Arctic,161569.918445,177943.0,2,81679733.430848
2024-04-05,Nakhodka,Pacific,104010.25,122365.0,2,59761897.41425
2024-04-05,Primorsk,Baltic,205278.151,235681.0,2,103775905.900238
2024-04-05,Ust Luga,Baltic,101090.002,116062.0,1,51104837.431076
2024-04-06,De Kastri,Pacific,93905.695,111131.0,1,53956052.516015
2024-04-06,Nakhodka,Pacific,99057.3,116538.0,1,56916046.2621
2024-04-06,Novorossiysk,Black sea,150644.676,172956.0,2,76916761.250784
2024-04-07,Nakhodka,Pacific,99057.3,116538.0,1,56916046.2621
2024-04-07,Primorsk,Baltic,201831.604,231724.0,2,102937751.008872
2024-04-07,Prirazlomnoye Field,Arctic,66218.88,72768.0,1,33772820.73984
2024-04-07,Yuri Korchagin,Caspian Sea,12418.718,14258.0,1,6333769.716924
2024-04-08,Murmansk,Arctic,146974.828,173524.0,1,73977869.001036
2024-04-08,Nakhodka,Pacific,102053.55,120063.0,1,58229510.4519
2024-04-08,Prigorodnoye,Pacific,89012.595,111405.0,1,50788628.42991
2024-04-08,Primorsk,Baltic,97709.651,112181.0,1,49180882.605387
2024-04-08,Ust Luga,Baltic,200242.9,229900.0,2,90714136.961985
2024-04-08,Varandey,Arctic,30846.893,36419.0,1,15526382.581941
2024-04-09,Nakhodka,Pacific,103923.55,122263.0,1,59534580.16495
2024-04-09,Novoportovskoye,Arctic,39110.2,46012.0,1,19843889.7168
2024-04-09,Novorossiysk,Black sea,278750.485,320035.0,2,141433536.08124
2024-04-09,Primorsk,Baltic,294096.634,337654.0,3,139031905.443756
2024-04-09,Ust Luga,Baltic,100968.062,115922.0,1,51229579.169808
2024-04-10,De Kastri,Pacific,93905.695,111131.0,1,53830312.79041
2024-04-10,Nakhodka,Pacific,201205.2,236712.0,2,115338466.4376
2024-04-10,Novoportovskoye,Arctic,64597.45,75997.0,1,32385414.7779
2024-04-10,Ust Luga,Baltic,101090.002,116062.0,1,40471615.821923
2024-04-10,Yuri Korchagin,Caspian Sea,12418.718,14258.0,1,6226024.919556
2024-04-11,Nakhodka,Pacific,96610.15,113659.0,1,56069825.9758
2024-04-11,Novoportovskoye,Arctic,104110.55,122483.0,2,52987584.97525
2024-04-11,Primorsk,Baltic,101697.96,116760.0,1,51759685.2318
2024-04-11,Ust Luga,Baltic,101090.002,116062.0,1,40965770.139443
2024-04-12,Nakhodka,Pacific,185279.6,217976.0,2,92423323.635786
2024-04-12,Primorsk,Baltic,354530.098,407038.0,4,167047458.479203
2024-04-12,Prirazlomnoye Field,Arctic,66050.53,72583.0,1,34235905.16437
2024-04-12,St Petersburg,Baltic,2683.674,3249.0,1,1503560.562588
2024-04-12,Ust Luga,Baltic,101090.002,116062.0,1,41261898.969779
2024-04-12,Yuri Korchagin,Caspian Sea,6556.017,7527.0,1,3398173.735593
2024-04-13,De Kastri,Pacific,94712.67,112086.0,1,55198449.36333
2024-04-13,Nakhodka,Pacific,97642.9,114874.0,1,56906184.4771
2024-04-13,Novorossiysk,Black sea,227185.543,260833.0,2,102423536.437944
2024-04-13,Primorsk,Baltic,117267.956,134636.0,1,60933602.61716
2024-04-13,Yuri Korchagin,Caspian Sea,7361.692,8452.0,1,3825208.78012
2024-04-14,Nakhodka,Pacific,96494.55,113523.0,2,39386173.651815
2024-04-14,Novorossiysk,Black sea,219821.034,264882.0,2,113484807.01284
2024-04-14,Ust Luga,Baltic,98267.962,112822.0,1,50731818.06212
2024-04-14,Varandey,Arctic,69143.151,81633.0,1,28222155.055593
2024-04-15,Nakhodka,Pacific,104010.25,122365.0,1,42437920.257214
2024-04-15,Novorossiysk,Black sea,132767.845,164929.0,1,66534614.004075
2024-04-15,Primorsk,Baltic,101090.002,116062.0,1,50659738.15227
2024-04-15,Prirazlomnoye Field,Arctic,2952.04,3244.0,1,1479370.5654
2024-04-15,St Petersburg,Baltic,1707.342,2067.0,1,964878.72117
2024-04-15,Ust Luga,Baltic,101090.002,116062.0,1,41246410.268965
2024-04-16,De Kastri,Pacific,93905.695,111131.0,1,54645320.317315
2024-04-16,Murmansk,Arctic,152090.261973,174963.0,1,62166213.084353
2024-04-16,Nakhodka,Pacific,104010.25,122365.0,1,60525332.64925
2024-04-16,Novoportovskoye,Arctic,64597.45,75997.0,1,32714926.37035
2024-04-16,Primorsk,Baltic,345324.499,396469.0,3,150843382.243894
2024-04-16,Ust Luga,Baltic,195853.06,224860.0,2,99188411.26558
2024-04-16,Yuri Korchagin,Caspian Sea,6556.017,7527.0,1,3320248.917531
2024-04-17,Nakhodka,Pacific,192139.95,226047.0,2,111628891.73115
2024-04-17,Novoportovskoye,Arctic,64211.55,75543.0,1,31712479.25625
2024-04-17,Primorsk,Baltic,200850.858,230598.0,2,82089170.896785
2024-04-18,Nakhodka,Pacific,97433.8,114628.0,1,54604337.365
2024-04-18,Novorossiysk,Black sea,135664.235,168527.0,1,66044876.86811
2024-04-18,Primorsk,Baltic,101090.002,116062.0,1,49213241.313652
2024-04-18,Varandey,Arctic,69143.151,81633.0,1,28150800.229626
2024-04-19,Nakhodka,Pacific,103645.6,121936.0,1,42301046.041327
2024-04-19,Novoportovskoye,Arctic,64597.45,75997.0,1,31021762.6084
2024-04-19,Novorossiysk,Black sea,146738.241,168471.0,1,70468398.951912
2024-04-19,Primorsk,Baltic,198799.653,228243.0,2,88425051.43412
2024-04-19,Prirazlomnoye Field,Arctic,66041.43,72573.0,1,31715208.01176
2024-04-19,Ust Luga,Baltic,101090.002,116062.0,1,48546653.840464
2024-04-20,De Kastri,Pacific,90981.995,107671.0,2,37132628.490035
2024-04-20,Murmansk,Arctic,139817.678,165074.0,1,57064014.627437
2024-04-20,Nakhodka,Pacific,100074.75,117735.0,1,40843669.266465
2024-04-20,Novorossiysk,Black sea,86981.544,99864.0,1,35499917.965546
2024-04-20,Prigorodnoye,Pacific,95856.03,119970.0,1,54014297.76882
2024-04-20,St Petersburg,Baltic,2439.178,2953.0,1,1388192.300894
2024-04-20,Ust Luga,Baltic,101090.002,116062.0,1,47583165.031402
2024-04-20,Yuri Korchagin,Caspian Sea,6556.017,7527.0,1,3085923.757917
2024-04-21,Kaliningrad,Baltic,18914.688,22734.0,1,9022003.540992
2024-04-21,Nakhodka,Pacific,200772.55,236203.0,2,113134127.2897
2024-04-21,Primorsk,Baltic,238915.3,274300.0,2,113958775.4552
2024-04-21,Ust Luga,Baltic,99180.77,113870.0,1,40478807.765928
2024-04-21,Yuri Korchagin,Caspian Sea,7361.692,8452.0,1,3511409.296928
2024-04-22,Nakhodka,Pacific,101167.85,119021.0,1,56065097.94515
2024-04-22,Primorsk,Baltic,101697.96,116760.0,1,48577657.76136
2024-04-22,Prirazlomnoye Field,Arctic,2740.92,3012.0,1,1309244.29272
2024-04-22,Ust Luga,Baltic,137825.298,158238.0,1,65834458.794468
2024-04-23,De Kastri,Pacific,37098.035,43903.0,1,20946478.011875
2024-04-23,Nakhodka,Pacific,100557.55,118303.0,1,56777306.66875
2024-04-23,Novorossiysk,Black sea,144073.852,165412.0,1,69174898.93002
2024-04-23,Primorsk,Baltic,93886.832,107792.0,1,45078354.08232
2024-04-23,Ust Luga,Baltic,200309.967,229977.0,2,96175826.005545
2024-04-23,Varandey,Arctic,69143.151,81633.0,1,33198046.805385
2024-04-23,Yuri Korchagin,Caspian Sea,6556.017,7527.0,1,3147773.222295
2024-04-24,De Kastri,Pacific,93905.695,111131.0,1,38207526.711097
2024-04-24,Nakhodka,Pacific,99057.3,116538.0,1,55887633.3735
2024-04-24,Primorsk,Baltic,178995.726,205506.0,2,87458385.697956
2024-04-24,Prirazlomnoye Field,Arctic,66050.53,72583.0,1,32272685.26118
2024-04-25,Murmansk,Arctic,148893.952506,171286.0,1,71695118.222784
2024-04-25,Nakhodka,Pacific,102053.55,120063.0,1,57340317.87075
2024-04-25,Novoportovskoye,Arctic,39513.1,46486.0,1,19026268.8858
2024-04-25,Novorossiysk,Black sea,138477.677,158987.0,1,66679494.073686
2024-04-25,Primorsk,Baltic,100292.166,115146.0,1,40676576.086956
2024-04-25,Ust Luga,Baltic,99704.241,114471.0,2,40438125.0
2024-04-25,Yuri Korchagin,Caspian Sea,12418.718,14258.0,1,5979836.253924
2024-04-26,Nakhodka,Pacific,103923.55,122263.0,1,58536082.69655
2024-04-26,Novoportovskoye,Arctic,103707.65,122009.0,2,51179621.56735
2024-04-26,Novorossiysk,Black sea,144072.11,165410.0,1,71099442.21289
2024-04-26,Primorsk,Baltic,198868.462,228322.0,3,80702397.513209
2024-04-26,Ust Luga,Baltic,97742.749,112219.0,1,39664781.959403
2024-04-27,Murmansk,Arctic,137532.55,161803.0,1,55811798.459553
2024-04-27,Nakhodka,Pacific,206651.15,243119.0,2,116398533.40015
2024-04-27,Novoportovskoye,Arctic,64597.45,75997.0,1,32044598.6317
2024-04-27,Primorsk,Baltic,202787.962,232822.0,2,91417150.852448
2024-04-27,Prirazlomnoye Field,Arctic,2952.04,3244.0,1,1464406.67464
2024-04-28,De Kastri,Pacific,37098.035,43903.0,1,20895876.292135
2024-04-28,Nakhodka,Pacific,96191.1,113166.0,1,54180695.1771
2024-04-28,Novorossiysk,Black sea,124399.065,154533.0,1,50482126.190032
2024-04-28,Primorsk,Baltic,176866.131,203061.0,2,81013476.854992
2024-04-28,Ust Luga,Baltic,144073.852,165412.0,1,58466310.637849
2024-04-28,Varandey,Arctic,69143.151,81633.0,1,28058838.496563
2024-04-28,Yuri Korchagin,Caspian Sea,13917.709,15979.0,2,6951881.727791
2024-04-29,Nakhodka,Pacific,193018.85,227081.0,2,94604630.713605
2024-04-29,Novorossiysk,Black sea,147425.46,169260.0,1,71602776.81648
2024-04-29,Ust Luga,Baltic,101090.002,116062.0,1,49098200.891376
2024-04-30,Murmansk,Arctic,139544.944,164752.0,2,67130188.48536
2024-04-30,Nakhodka,Pacific,97642.9,114874.0,1,54773272.9695
2024-04-30,Prigorodnoye,Pacific,89017.389,111411.0,1,49934749.446495
2024-04-30,Ust Luga,Baltic,202180.004,232124.0,2,97261723.62426
2024-05-01,Nakhodka,Pacific,96610.15,113659.0,1,54193946.69325
2024-05-01,Novorossiysk,Black sea,98738.08,122656.0,1,44282745.28496
2024-05-01,Primorsk,Baltic,308779.081,354511.0,3,133818215.677259
2024-05-01,Ust Luga,Baltic,101090.002,116062.0,1,45337551.726974
2024-05-01,Yuri Korchagin,Caspian Sea,6556.017,7527.0,1,2940288.396279
2024-05-02,De Kastri,Pacific,93905.695,111131.0,1,50415526.09743
2024-05-02,Nakhodka,Pacific,96094.2,113052.0,1,39054110.073398
2024-05-02,Primorsk,Baltic,201769.763,231653.0,3,92457967.348305
2024-05-02,Varandey,Arctic,69143.151,81633.0,1,28100803.482162
2024-05-03,Nakhodka,Pacific,100074.75,117735.0,1,53200537.698
2024-05-03,Novoportovskoye,Arctic,128809.0,151540.0,2,58182252.446
2024-05-03,Novorossiysk,Black sea,289646.695,332545.0,3,130831674.25133
2024-05-03,Primorsk,Baltic,93293.681,107111.0,1,37753602.010424
2024-05-03,Prirazlomnoye Field,Arctic,66218.88,72768.0,1,29910670.78272
2024-05-03,Ust Luga,Baltic,199382.352,228912.0,3,85438184.768289
2024-05-04,Murmansk,Arctic,281232.162204,327702.0,2,120877451.088618
2024-05-04,Nakhodka,Pacific,103645.6,121936.0,1,55098830.1248
2024-05-04,Primorsk,Baltic,202787.962,232822.0,2,92075671.358138
2024-05-05,Nakhodka,Pacific,198601.65,233649.0,2,105578225.9532
2024-05-05,Primorsk,Baltic,98318.48,112880.0,1,39787011.557512
2024-05-05,Ust Luga,Baltic,99175.544,113864.0,1,40133843.763152
2024-05-05,Yuri Korchagin,Caspian Sea,15523.833,17823.0,2,7089750.054933
2024-05-06,De Kastri,Pacific,93905.695,111131.0,1,49665407.40577
2024-05-06,Nakhodka,Pacific,96731.7,113802.0,2,39028638.520383
2024-05-06,Primorsk,Baltic,101090.002,116062.0,1,46184382.673728
2024-05-06,Prirazlomnoye Field,Arctic,66050.53,72583.0,1,30176109.33792
2024-05-07,Murmansk,Arctic,155091.3,170430.0,1,69763168.566
2024-05-07,Nakhodka,Pacific,104010.25,122365.0,1,55151643.083
2024-05-07,Novoportovskoye,Arctic,64597.45,75997.0,1,29057224.959
2024-05-07,Novorossiysk,Black sea,86548.657,99367.0,1,38931316.89174
2024-05-07,Prirazlomnoye Field,Arctic,36577.45,40195.0,1,16453268.559
2024-05-07,Ust Luga,Baltic,98255.768,112808.0,1,39680381.878539
2024-05-07,Varandey,Arctic,35097.986,41438.0,1,15787776.06252
2024-05-08,De Kastri,Pacific,45491.42,53836.0,1,23863661.6465
2024-05-08,Kaliningrad,Baltic,18914.688,22734.0,1,8445294.703872
2024-05-08,Nakhodka,Pacific,104010.25,122365.0,1,54561176.89375
2024-05-08,Novoportovskoye,Arctic,39513.1,46486.0,1,17642362.0714
2024-05-08,Novorossiysk,Black sea,149212.752,171312.0,1,66622598.491488
2024-05-08,Primorsk,Baltic,202180.004,232124.0,2,86048463.959344
2024-05-08,Ust Luga,Baltic,97300.281,111711.0,1,43443991.664814
2024-05-09,De Kastri,Pacific,95145.31,112598.0,1,51054117.03821
2024-05-09,Nakhodka,Pacific,199770.4,235024.0,2,107194998.7064
2024-05-09,Novorossiysk,Black sea,231054.525,265275.0,2,103889046.07575
2024-05-09,Prigorodnoye,Pacific,95856.03,119970.0,1,51435482.99373
2024-05-09,Primorsk,Baltic,101090.002,116062.0,1,45453097.59926
2024-05-09,Ust Luga,Baltic,200242.9,229900.0,2,90035215.127
2024-05-10,Nakhodka,Pacific,104010.25,122365.0,1,55665557.72825
2024-05-10,Prirazlomnoye Field,Arctic,2952.04,3244.0,1,1330637.93408
2024-05-10,Ust Luga,Baltic,99316.646,114026.0,1,44767176.817792
2024-05-11,Nakhodka,Pacific,199614.85,234841.0,2,106832470.41605
2024-05-11,Primorsk,Baltic,98809.724,113444.0,1,44938168.42658
2024-05-12,Nakhodka,Pacific,95792.45,112697.0,1,51267448.69285
2024-05-12,Novorossiysk,Black sea,127984.535,158987.0,1,51623944.707301
2024-05-12,Primorsk,Baltic,246375.415,282865.0,2,104725765.048734
2024-05-12,Ust Luga,Baltic,101090.002,116062.0,1,46123324.31252
2024-05-12,Yuri Korchagin,Caspian Sea,12418.718,14258.0,1,5666164.27468
2024-05-13,Nakhodka,Pacific,103923.55,122263.0,1,54846069.2067
2024-05-13,Novoportovskoye,Arctic,64597.45,75997.0,1,29319361.4111
2024-05-13,Prirazlomnoye Field,Arctic,66041.43,72573.0,1,29974752.16554
2024-05-13,Ust Luga,Baltic,199248.218,228758.0,2,90434382.689404
2024-05-13,Varandey,Arctic,69143.151,81633.0,1,27848299.73619
2024-05-14,De Kastri,Pacific,45490.575,53835.0,1,24008651.7489
2024-05-14,Nakhodka,Pacific,104010.25,122365.0,1,54893697.663
2024-05-14,Novoportovskoye,Arctic,39110.2,46012.0,1,17067730.3902
2024-05-14,Primorsk,Baltic,98498.777,113087.0,1,39667983.713775
2024-05-15,Nakhodka,Pacific,198034.7,232982.0,2,103427978.8384
2024-05-15,Novoportovskoye,Arctic,64597.45,75997.0,1,27628781.54715
2024-05-15,Novorossiysk,Black sea,83486.304,99864.0,1,35707676.624928
2024-05-15,Primorsk,Baltic,101115.261,116091.0,1,43247704.936527
2024-05-15,Prirazlomnoye Field,Arctic,2740.92,3012.0,1,1172310.67044
2024-05-16,Murmansk,Arctic,137532.55,161803.0,1,55031070.191023
2024-05-16,Nakhodka,Pacific,102053.55,120063.0,1,53418706.1049
2024-05-16,Novoportovskoye,Arctic,64597.45,75997.0,1,27867404.52745
2024-05-16,Novorossiysk,Black sea,86981.544,99864.0,2,37523925.063144
2024-05-16,Primorsk,Baltic,101697.96,116760.0,1,40692531.150217
2024-05-16,Ust Luga,Baltic,57144.568,65608.0,1,24652223.779768
2024-05-17,De Kastri,Pacific,93905.695,111131.0,1,49617515.50132
2024-05-17,Murmansk,Arctic,145135.991,171353.0,2,59275135.561484
2024-05-17,Nakhodka,Pacific,96191.1,113166.0,1,50825068.6536
2024-05-17,Novoportovskoye,Arctic,32105.35,37771.0,1,13646796.38705
2024-05-17,Novorossiysk,Black sea,267586.83,332406.0,2,113741260.72029
2024-05-17,Primorsk,Baltic,196397.435,225485.0,2,83481282.913405
2024-05-17,Prirazlomnoye Field,Arctic,66050.53,72583.0,1,28075636.43339
2024-05-17,Varandey,Arctic,69143.151,81633.0,1,27722463.634468
2024-05-18,De Kastri,Pacific,34998.21,41418.0,1,18492214.20696
2024-05-18,Nakhodka,Pacific,100074.75,117735.0,1,52877096.106
2024-05-18,Novorossiysk,Black sea,141473.917,162427.0,1,56722979.247189
2024-05-18,Ust Luga,Baltic,101090.002,116062.0,2,43852034.147584
2024-05-18,Yuri Korchagin,Caspian Sea,6775.509,7779.0,1,2939161.600128
2024-05-19,Murmansk,Arctic,148149.85653,170430.0,1,63474954.180135
2024-05-19,Nakhodka,Pacific,103643.05,121933.0,1,54762500.1868
2024-05-19,Novorossiysk,Black sea,86981.544,99864.0,1,34874642.759771
2024-05-19,Primorsk,Baltic,197005.393,226183.0,2,81785442.482743
2024-05-19,Ust Luga,Baltic,200188.898,229838.0,2,85771133.536998
2024-05-20,Nakhodka,Pacific,193098.75,227175.0,2,77300412.725228
2024-05-20,Prigorodnoye,Pacific,89017.389,111411.0,1,47305531.844991
2024-05-20,Primorsk,Baltic,193811.436,222516.0,2,82822991.437368
2024-05-20,Ust Luga,Baltic,101090.002,116062.0,1,43199599.274676
2024-05-20,Yuri Korchagin,Caspian Sea,6208.488,7128.0,1,2653122.844944
2024-05-21,De Kastri,Pacific,34998.21,41418.0,1,18348441.56028
2024-05-21,Nakhodka,Pacific,101167.85,119021.0,1,53039066.3838
2024-05-21,Primorsk,Baltic,99219.965,113915.0,1,42475769.356605
2024-05-21,Prirazlomnoye Field,Arctic,2952.04,3244.0,1,1263759.46788
2024-05-21,Ust Luga,Baltic,101028.161,115991.0,2,43249852.639617
2024-05-21,Varandey,Arctic,69143.151,81633.0,1,29599975.513647
2024-05-22,Murmansk,Arctic,152958.663702,175962.0,1,64296786.121791
2024-05-22,Nakhodka,Pacific,201444.05,236993.0,2,105942246.1117
2024-05-22,Novorossiysk,Black sea,138477.677,158987.0,1,58209645.437658
2024-05-22,Primorsk,Baltic,101697.96,116760.0,1,42749144.27784
2024-05-23,Nakhodka,Pacific,96610.15,113659.0,1,50128688.1914
2024-05-23,Novoportovskoye,Arctic,64597.45,75997.0,1,27057546.2968
2024-05-23,Primorsk,Baltic,200242.9,229900.0,2,83874542.0656
2024-05-23,Ust Luga,Baltic,99219.965,113915.0,1,39744900.697799
2024-05-23,Yuri Korchagin,Caspian Sea,6556.017,7527.0,1,2746079.504688
2024-05-24,Nakhodka,Pacific,96762.3,113838.0,1,49722662.5272
2024-05-24,Novoportovskoye,Arctic,19756.55,23243.0,1,8236367.39915
2024-05-24,Novorossiysk,Black sea,224447.369,270629.0,2,90023812.369645
2024-05-24,Primorsk,Baltic,201099.964,230884.0,3,83837167.291852
2024-05-24,Ust Luga,Baltic,87996.259,101029.0,1,36685024.403287
2024-05-25,De Kastri,Pacific,93905.695,111131.0,1,48254756.05548
2024-05-25,Nakhodka,Pacific,207938.05,244633.0,2,106851878.1252
2024-05-25,Prirazlomnoye Field,Arctic,66551.94,73134.0,1,27932847.4971
2024-05-25,Ust Luga,Baltic,101090.002,116062.0,1,42428990.18943
2024-05-25,Yuri Korchagin,Caspian Sea,6058.676,6956.0,1,2542917.19734
2024-05-26,De Kastri,Pacific,46953.27,55566.0,1,24127595.13528
2024-05-26,Kaliningrad,Baltic,18914.688,22734.0,1,8023572.820224
2024-05-26,Novorossiysk,Black sea,149867.744,172064.0,1,63573597.269312
2024-05-26,Ust Luga,Baltic,101090.002,116062.0,2,42882176.668396
2024-05-26,Varandey,Arctic,69143.151,81633.0,1,27732693.325846
2024-05-27,Murmansk,Arctic,139544.944,164752.0,2,55954730.962472
2024-05-27,Nakhodka,Pacific,199614.85,234841.0,2,103560383.79485
2024-05-27,Novoportovskoye,Arctic,103707.65,122009.0,2,42855008.50185
2024-05-27,Primorsk,Baltic,351492.05,403550.0,3,143425231.228084
2024-05-27,Yuri Korchagin,Caspian Sea,6556.017,7527.0,1,2709136.348893
2024-05-28,Nakhodka,Pacific,103008.1,121186.0,1,54010546.0973
2024-05-28,Novoportovskoye,Arctic,64597.45,75997.0,1,27829098.2396
2024-05-28,Novorossiysk,Black sea,150644.676,172956.0,1,64898931.578208
2024-05-28,Ust Luga,Baltic,101090.002,116062.0,1,40389794.874663
2024-05-28,Yuri Korchagin,Caspian Sea,6556.017,7527.0,1,2824384.571736
2024-05-29,De Kastri,Pacific,46952.425,55565.0,1,25067148.4687
2024-05-29,Nakhodka,Pacific,104010.25,122365.0,1,55529408.311
2024-05-29,Primorsk,Baltic,304485.922,349582.0,4,128362095.278786
2024-05-29,Ust Luga,Baltic,246444.224,282944.0,3,101895528.193316
2024-05-30,Nakhodka,Pacific,200067.9,235374.0,2,105820313.8038
2024-05-30,Novoportovskoye,Arctic,64405.35,75771.0,2,27948315.2004
2024-05-30,Novorossiysk,Black sea,100131.535,124387.0,1,43451478.82404
2024-05-30,Prirazlomnoye Field,Arctic,66050.53,72583.0,1,28662231.19032
2024-05-30,Ust Luga,Baltic,143501.605,164755.0,1,57690247.040142
2024-05-30,Yuri Korchagin,Caspian Sea,7361.692,8452.0,1,3194562.073248
2024-05-31,Murmansk,Arctic,282119.706,332508.0,2,115853712.439087
2024-05-31,Novorossiysk,Black sea,97026.996,116061.0,1,40768221.017304
2024-05-31,Prigorodnoye,Pacific,95856.03,119970.0,1,49810627.4292
2024-05-31,Primorsk,Baltic,97349.928,111768.0,1,40903908.647472
2024-05-31,Varandey,Arctic,34571.152,40816.0,1,13850843.763522
2024-05-31,Yuri Korchagin,Caspian Sea,12418.718,14258.0,1,5218022.416932
2024-06-01,Murmansk,Arctic,144319.848504,166024.0,1,60827063.828375
2024-06-01,Nakhodka,Pacific,103645.6,121936.0,2,53858399.584
2024-06-01,Primorsk,Baltic,201416.137,231247.0,2,82786308.56804
2024-06-01,Prirazlomnoye Field,Arctic,2952.04,3244.0,1,1244208.10696
2024-06-02,De Kastri,Pacific,93905.695,111131.0,1,48797155.3498
2024-06-02,Nakhodka,Pacific,104010.25,122365.0,1,54047886.31
2024-06-02,Primorsk,Baltic,202787.962,232822.0,2,83508399.75149
2024-06-02,Ust Luga,Baltic,101090.002,116062.0,1,42749849.855778
2024-06-03,Nakhodka,Pacific,195867.2,230432.0,2,100617568.2416
2024-06-03,Novorossiysk,Black sea,143750.711,165041.0,1,57792098.34333
2024-06-03,Ust Luga,Baltic,99406.359,114129.0,1,39964338.50877
2024-06-03,Yuri Korchagin,Caspian Sea,6556.017,7527.0,1,2635715.51451
2024-06-04,Nakhodka,Pacific,190295.45,223877.0,2,93245912.2727
2024-06-04,Primorsk,Baltic,101090.002,116062.0,1,40363114.908558
2024-06-04,Ust Luga,Baltic,84568.874,97094.0,1,33766575.441846
2024-06-05,Murmansk,Arctic,148759.215501,171131.0,1,59172101.909048
2024-06-05,Nakhodka,Pacific,100647.65,118409.0,1,49380051.98595
2024-06-05,Novorossiysk,Black sea,279506.086,333400.0,2,111179415.334306
2024-06-05,Primorsk,Baltic,101090.002,116062.0,2,40210671.185542
2024-06-05,Varandey,Arctic,69143.151,81633.0,1,27503140.316421
2024-06-06,De Kastri,Pacific,95145.31,112598.0,1,47357816.89002
2024-06-06,Novoportovskoye,Arctic,104110.55,122483.0,2,42633478.4461
2024-06-06,Novorossiysk,Black sea,225459.221,258851.0,2,92326001.917942
2024-06-06,Primorsk,Baltic,101090.002,116062.0,1,41396557.999004
2024-06-06,Ust Luga,Baltic,101090.002,116062.0,1,41396557.999004
2024-06-06,Yuri Korchagin,Caspian Sea,3680.846,4226.0,1,1507313.798692
2024-06-07,Nakhodka,Pacific,200134.2,235452.0,2,100404926.5296
2024-06-07,Novorossiysk,Black sea,137818.33,158230.0,1,56946533.956
2024-06-07,Primorsk,Baltic,101090.002,116062.0,2,41770388.8264
2024-06-07,Prirazlomnoye Field,Arctic,66551.94,73134.0,1,27499261.608
2024-06-08,Nakhodka,Pacific,96610.15,113659.0,1,48468152.9332
2024-06-08,Novorossiysk,Black sea,219071.579,263951.0,2,89898213.15844
2024-06-08,Primorsk,Baltic,199822.207,229417.0,2,80871740.840542
2024-06-08,Ust Luga,Baltic,199730.752,229312.0,2,81961511.39072
2024-06-08,Yuri Korchagin,Caspian Sea,4034.472,4632.0,1,1655585.92992
2024-06-09,De Kastri,Pacific,90981.995,107671.0,1,45644575.10756
2024-06-09,Nakhodka,Pacific,193098.75,227175.0,2,87723115.328594
2024-06-09,Novoportovskoye,Arctic,64597.45,75997.0,1,26833457.74275
2024-06-10,Murmansk,Arctic,143818.906,169798.0,1,58134956.424726
2024-06-10,Nakhodka,Pacific,94104.35,110711.0,1,47973738.89955
2024-06-10,Novoportovskoye,Arctic,39110.2,46012.0,1,16830370.5864
2024-06-10,Primorsk,Baltic,202180.004,232124.0,2,87004525.481328
2024-06-10,Varandey,Arctic,69143.151,81633.0,1,27949274.419131
2024-06-10,Yuri Korchagin,Caspian Sea,12418.718,14258.0,1,5344171.754376
2024-06-11,Murmansk,Arctic,155572.69,170959.0,1,63038490.214352
2024-06-11,Nakhodka,Pacific,103927.8,122268.0,1,54127780.7238
2024-06-11,Novorossiysk,Black sea,136164.14,169148.0,1,59993103.09916
2024-06-11,Prigorodnoye,Pacific,95856.03,119970.0,1,49923833.40063
2024-06-11,Primorsk,Baltic,101090.002,116062.0,1,44539648.341188
2024-06-11,Ust Luga,Baltic,74192.651,85181.0,1,32688836.874694
2024-06-12,Kaliningrad,Baltic,18914.688,22734.0,1,8067511.640448
2024-06-12,Nakhodka,Pacific,194405.2,228712.0,2,102334314.0644
2024-06-12,Novoportovskoye,Arctic,128809.0,151540.0,2,54939743.489
2024-06-12,Novorossiysk,Black sea,136862.843,157133.0,1,55276900.9875
2024-06-12,Primorsk,Baltic,200309.967,229977.0,2,85436407.434807
2024-06-12,Prirazlomnoye Field,Arctic,66885.0,73500.0,1,28527857.085
2024-06-12,Ust Luga,Baltic,101090.002,116062.0,2,43117008.743042
2024-06-13,De Kastri,Pacific,93905.695,111131.0,1,49186863.98405
2024-06-13,Nakhodka,Pacific,104010.25,122365.0,1,54479528.8475
2024-06-13,Novorossiysk,Black sea,86115.77,98870.0,1,37100223.79986
2024-06-13,Primorsk,Baltic,198429.478,227818.0,2,82796117.355846
2024-06-13,Yuri Korchagin,Caspian Sea,7361.692,8452.0,1,3171549.424056
2024-06-14,Nakhodka,Pacific,100074.75,117735.0,1,52756405.9575
2024-06-14,Ust Luga,Baltic,202180.004,232124.0,2,85380539.015153
2024-06-14,Yuri Korchagin,Caspian Sea,1512.927,1737.0,1,662250.509856
2024-06-15,Arkhangelsk,Arctic,3834.292,4642.0,2,1957202.848524
2024-06-15,Nakhodka,Pacific,95792.45,112697.0,1,50498905.8665
2024-06-15,Novoportovskoye,Arctic,64597.45,75997.0,1,28513443.6249
2024-06-15,Novorossiysk,Black sea,134430.17,166994.0,1,59337745.89834
2024-06-15,Primorsk,Baltic,97207.955,111605.0,2,42907785.75291
2024-06-15,Prirazlomnoye Field,Arctic,66041.43,72573.0,1,29150819.28486
2024-06-15,Ust Luga,Baltic,101090.002,116062.0,1,41130614.619697
2024-06-15,Yuri Korchagin,Caspian Sea,12418.718,14258.0,1,5481646.962636
2024-06-16,Nakhodka,Pacific,207933.8,244628.0,2,109616461.346
2024-06-16,Primorsk,Baltic,200878.73,230630.0,2,89505937.48356
2024-06-16,Ust Luga,Baltic,85395.453,98043.0,1,34744953.982863
2024-06-16,Varandey,Arctic,69143.151,81633.0,1,28132359.690452
2024-06-17,De Kastri,Pacific,74196.07,87806.0,1,39018971.2523
2024-06-17,Murmansk,Arctic,145639.85,171341.0,1,59112839.724648
2024-06-17,Nakhodka,Pacific,201725.4,237324.0,2,106085370.606
2024-06-17,Novorossiysk,Black sea,235007.994,269814.0,3,104807455.116156
2024-06-17,Primorsk,Baltic,99830.536,114616.0,1,44521823.462064
2024-06-17,Ust Luga,Baltic,141969.516,162996.0,1,63314712.928584
2024-06-17,Yuri Korchagin,Caspian Sea,12834.185,14735.0,1,5723712.82119
2024-06-18,Murmansk,Arctic,146974.828,173524.0,2,67516561.6125
2024-06-18,Novorossiysk,Black sea,149072.521,171151.0,1,68480189.334375
2024-06-18,Primorsk,Baltic,99277.451,113981.0,1,45605579.053125
2024-06-18,Prirazlomnoye Field,Arctic,2740.92,3012.0,1,1259110.125
2024-06-18,Ust Luga,Baltic,112629.881,129311.0,1,51739351.584375
2024-06-19,Novorossiysk,Black sea,86981.544,99864.0,1,35182865.949107
2024-06-19,Ust Luga,Baltic,200309.967,229977.0,2,93050990.520345
2024-06-19,Yuri Korchagin,Caspian Sea,12858.573,14763.0,1,5973257.208555
2024-06-20,Varandey,Arctic,69143.151,81633.0,1,32278650.326538
2024-06-20,Yuri Korchagin,Caspian Sea,12418.718,14258.0,1,5797529.473684
2024-06-21,De Kastri,Pacific,93905.695,111131.0,1,50921114.35931
2024-06-21,Murmansk,Arctic,148755.1,175006.0,1,60512846.58943
2024-06-21,Nakhodka,Pacific,96610.15,113659.0,1,52387626.7187
2024-06-21,Novorossiysk,Black sea,83486.304,99864.0,1,40391842.683456
2024-06-21,Ust Luga,Baltic,202180.004,232124.0,3,97817516.455256
2024-06-22,Novoportovskoye,Arctic,103707.65,122009.0,2,50344774.98485
2024-06-22,Novorossiysk,Black sea,224806.842,258102.0,2,109132256.642058
2024-06-22,Primorsk,Baltic,101090.002,116062.0,1,49074040.380898
2024-06-22,Prirazlomnoye Field,Arctic,66050.53,72583.0,1,32064163.73797
2024-06-22,Ust Luga,Baltic,100133.644,114964.0,1,48609777.346156
2024-06-23,Murmansk,Arctic,143331.487377,164887.0,1,68100086.277022
2024-06-23,Novorossiysk,Black sea,146976.024,168744.0,1,59789127.180422
2024-06-23,Prigorodnoye,Pacific,89012.595,111405.0,1,48267791.73951
2024-06-23,Primorsk,Baltic,99180.77,113870.0,2,47123064.98471
2024-06-23,Yuri Korchagin,Caspian Sea,12834.185,14735.0,1,6097816.479755
2024-06-24,De Kastri,Pacific,93905.695,111131.0,1,50658366.2247
2024-06-24,Nakhodka,Pacific,207940.6,244636.0,2,112175636.076
2024-06-24,Novoportovskoye,Arctic,64597.45,75997.0,1,30777907.23465
2024-06-24,Novorossiysk,Black sea,132839.49,165018.0,1,63292304.88693
2024-06-24,Primorsk,Baltic,201161.805,230955.0,2,95844950.124885
2024-06-24,Ust Luga,Baltic,101090.002,116062.0,1,48165039.082914
2024-06-25,Nakhodka,Pacific,190295.45,223877.0,2,103492180.4825
2024-06-25,Novorossiysk,Black sea,86981.544,99864.0,1,41960679.659496
2024-06-25,Primorsk,Baltic,196597.765,225715.0,2,87291549.080692
2024-06-25,Prirazlomnoye Field,Arctic,2952.04,3244.0,1,1424090.66436
2024-06-25,Ust Luga,Baltic,101090.002,116062.0,1,48766726.774818
2024-06-25,Varandey,Arctic,69143.151,81633.0,1,28058838.496563
2024-06-26,Nakhodka,Pacific,99642.1,117226.0,1,53972638.0965
2024-06-26,Novoportovskoye,Arctic,64597.45,75997.0,1,30977771.74495
2024-06-26,Primorsk,Baltic,123351.02,141620.0,2,59153104.99202
2024-06-26,Prirazlomnoye Field,Arctic,66041.43,72573.0,1,31670233.79793
2024-06-26,Yuri Korchagin,Caspian Sea,12858.573,14763.0,1,6166341.540723
2024-06-27,Nakhodka,Pacific,104010.25,122365.0,1,56548500.7405
2024-06-27,Novoportovskoye,Arctic,64211.55,75543.0,1,31344803.92095
2024-06-27,Novorossiysk,Black sea,151741.265,174215.0,1,74072346.768485
2024-06-27,Ust Luga,Baltic,101090.002,116062.0,1,49346983.386298
2024-06-28,De Kastri,Pacific,93905.695,111131.0,1,51475909.20537
2024-06-28,Nakhodka,Pacific,193016.3,227078.0,2,93152900.272607
2024-06-28,Primorsk,Baltic,198868.462,228322.0,3,97762741.57689
2024-06-28,Ust Luga,Baltic,237335.306,272486.0,2,116672849.75307
2024-06-28,Yuri Korchagin,Caspian Sea,7564.635,8685.0,1,3718736.742825
2024-06-29,Nakhodka,Pacific,96762.3,113838.0,1,53041802.9418
2024-06-29,Novorossiysk,Black sea,181981.204,217876.0,2,81037456.262258
2024-06-29,Primorsk,Baltic,99790.47,114570.0,1,48705133.85478
2024-06-29,Prirazlomnoye Field,Arctic,2740.92,3012.0,1,1337771.78808
2024-06-29,Ust Luga,Baltic,99219.965,113915.0,1,48426685.19741
2024-06-29,Varandey,Arctic,69143.151,81633.0,1,28082428.365453
2024-06-30,Kaliningrad,Baltic,18914.688,22734.0,1,9276614.15616
2024-06-30,Murmansk,Arctic,280902.57,331071.0,3,126173257.283254
2024-06-30,Nakhodka,Pacific,201110.85,236601.0,3,110242130.2011
2024-06-30,Primorsk,Baltic,198318.861,227691.0,2,89068499.348519
2024-06-30,Yuri Korchagin,Caspian Sea,12835.056,14736.0,2,6294889.03992
2024-07-01,Nakhodka,Pacific,96144.35,113111.0,1,52072452.97045
2024-07-01,Primorsk,Baltic,202180.004,232124.0,2,97209156.82322
2024-07-01,Ust Luga,Baltic,101090.002,116062.0,1,48604578.41161
2024-07-02,Nakhodka,Pacific,204085.0,240100.0,2,112035726.11
2024-07-02,Yuri Korchagin,Caspian Sea,12858.573,14763.0,1,6345590.048343
2024-07-03,De Kastri,Pacific,95145.31,112598.0,1,38452803.575903
2024-07-03,Nakhodka,Pacific,188208.7,221422.0,2,102800721.1922
2024-07-03,Primorsk,Baltic,101090.002,116062.0,1,49912581.947488
2024-07-03,Ust Luga,Baltic,232364.509,266779.0,2,114728582.131696
2024-07-04,Novoportovskoye,Arctic,84354.0,99240.0,2,41677708.674
2024-07-04,Novorossiysk,Black sea,86981.544,99864.0,1,42975928.241064
2024-07-04,Primorsk,Baltic,98468.292,113052.0,1,39641019.323671
2024-07-04,Prirazlomnoye Field,Arctic,66050.53,72583.0,1,32634311.91293
2024-07-04,Yuri Korchagin,Caspian Sea,12418.718,14258.0,1,6135852.608158
2024-07-05,Nakhodka,Pacific,104010.25,122365.0,1,57195756.52625
2024-07-05,Novoportovskoye,Arctic,19555.1,23006.0,1,9635521.3087
2024-07-05,Novorossiysk,Black sea,150644.676,172956.0,1,74228205.718212
2024-07-05,Ust Luga,Baltic,97866.431,112361.0,1,48222411.611647
2024-07-05,Varandey,Arctic,69143.151,81633.0,1,34069388.794287
2024-07-06,De Kastri,Pacific,90981.995,107671.0,1,36545998.827083
2024-07-06,Nakhodka,Pacific,103923.55,122263.0,1,57148079.76275
2024-07-06,Novoportovskoye,Arctic,64597.45,75997.0,1,31878841.575
2024-07-06,Primorsk,Baltic,197493.153,226743.0,2,97462871.0055
2024-07-06,Prirazlomnoye Field,Arctic,2952.04,3244.0,1,1456831.74
2024-07-06,Ust Luga,Baltic,100029.124,114844.0,1,49364372.694
2024-07-07,Nakhodka,Pacific,298189.35,350811.0,4,163975814.51175
2024-07-07,Novorossiysk,Black sea,124399.065,154533.0,1,49969096.452328
2024-07-07,Ust Luga,Baltic,99402.004,114124.0,1,48718810.798476
2024-07-07,Yuri Korchagin,Caspian Sea,12418.718,14258.0,1,6086649.647442
2024-07-08,Nakhodka,Pacific,104010.25,122365.0,1,56254255.74325
2024-07-08,Novoportovskoye,Arctic,64597.45,75997.0,1,31322915.9203
2024-07-08,Prirazlomnoye Field,Arctic,66041.43,72573.0,1,32023093.15842
2024-07-08,Ust Luga,Baltic,101090.002,116062.0,1,49017935.429788
2024-07-09,Murmansk,Arctic,146840.734404,168924.0,1,71130826.471173
2024-07-09,Novoportovskoye,Arctic,64597.45,75997.0,1,31291521.5596
2024-07-09,Primorsk,Baltic,149235.398,171338.0,1,60000883.717564
2024-07-09,Ust Luga,Baltic,101011.612,115972.0,1,48930832.945696
2024-07-09,Yuri Korchagin,Caspian Sea,12834.185,14735.0,1,6216981.88748
2024-07-10,Nakhodka,Pacific,94104.35,110711.0,1,49866459.6911
2024-07-10,Primorsk,Baltic,202180.004,232124.0,2,97827625.455456
2024-07-11,De Kastri,Pacific,93905.695,111131.0,1,50125169.68849
2024-07-11,Murmansk,Arctic,136915.009,161647.0,1,65883365.415791
2024-07-11,Nakhodka,Pacific,302172.45,355497.0,3,161294214.7059
2024-07-11,Novorossiysk,Black sea,138477.677,158987.0,1,55465394.428534
2024-07-11,Ust Luga,Baltic,101090.002,116062.0,1,40490257.745379
2024-07-12,Murmansk,Arctic,144952.677792,166752.0,1,71274101.386393
2024-07-12,Novorossiysk,Black sea,98000.1,117225.0,1,48187237.1706
2024-07-12,Primorsk,Baltic,197936.492,227252.0,2,97326560.735352
2024-07-12,Ust Luga,Baltic,101090.002,116062.0,2,49706560.523412
2024-07-13,Nakhodka,Pacific,104010.25,122365.0,1,55430286.54275
2024-07-13,Novoportovskoye,Arctic,64597.45,75997.0,1,31761790.9956
2024-07-13,Primorsk,Baltic,101090.002,116062.0,2,40360123.767317
2024-07-13,Prirazlomnoye Field,Arctic,2740.92,3012.0,1,1347677.47296
2024-07-13,Yuri Korchagin,Caspian Sea,12418.718,14258.0,1,6106134.615984
2024-07-14,Nakhodka,Pacific,191483.75,225275.0,2,89364772.779262
2024-07-14,Ust Luga,Baltic,101090.002,116062.0,1,49809267.965444
2024-07-15,De Kastri,Pacific,74196.07,87806.0,1,39050949.75847
2024-07-15,Murmansk,Arctic,143855.7,169242.0,1,57344784.561969
2024-07-15,Nakhodka,Pacific,89088.5,104810.0,1,35513092.908025
2024-07-15,Novoportovskoye,Arctic,39513.1,46486.0,1,19163932.5262
2024-07-15,Novorossiysk,Black sea,277228.031,330821.0,2,134456149.491062
2024-07-15,Primorsk,Baltic,74851.127,85937.0,1,36302946.297254
2024-07-15,Varandey,Arctic,69143.151,81633.0,1,27562335.715795
2024-07-15,Yuri Korchagin,Caspian Sea,12858.573,14763.0,1,6236433.622146
2024-07-16,Nakhodka,Pacific,95995.6,112936.0,1,50196675.2136
2024-07-16,Primorsk,Baltic,181937.964,208884.0,3,89151239.801676
2024-07-17,Nakhodka,Pacific,100557.55,118303.0,1,52128430.5747
2024-07-17,Novoportovskoye,Arctic,103707.65,122009.0,2,49967279.13885
2024-07-17,Prirazlomnoye Field,Arctic,66885.0,73500.0,1,32225794.965
2024-07-17,Ust Luga,Baltic,346252.985,397535.0,5,166827804.449865
2024-07-18,De Kastri,Pacific,46953.27,55566.0,1,24672910.41306
2024-07-18,Nakhodka,Pacific,96762.3,113838.0,1,50846459.8794
2024-07-18,Primorsk,Baltic,77581.712,89072.0,1,30861097.100123
2024-07-18,Yuri Korchagin,Caspian Sea,12418.718,14258.0,2,6053591.020126
2024-07-19,De Kastri,Pacific,93905.695,111131.0,1,49526614.78856
2024-07-19,Nakhodka,Pacific,204085.0,240100.0,2,107636061.68
2024-07-19,Novoportovskoye,Arctic,32298.3,37998.0,1,15527440.0233
2024-07-19,Ust Luga,Baltic,72063.056,82736.0,1,34644386.235056
2024-07-19,Yuri Korchagin,Caspian Sea,12834.185,14735.0,1,6170047.272935
2024-07-20,Nakhodka,Pacific,188208.7,221422.0,2,99262774.0496
2024-07-20,Novorossiysk,Black sea,369944.559,436725.0,4,147700147.323033
2024-07-20,Primorsk,Baltic,244818.938,281078.0,2,105632839.021631
2024-07-21,Murmansk,Arctic,281224.630674,327105.0,3,124321403.5445
2024-07-21,Novoportovskoye,Arctic,64597.45,75997.0,1,31204573.3919
2024-07-21,Primorsk,Baltic,101090.002,116062.0,2,40360123.767317
2024-07-21,Prirazlomnoye Field,Arctic,66218.88,72768.0,2,31987824.61056
2024-07-21,Ust Luga,Baltic,202180.004,232124.0,2,97665477.092248
2024-07-22,Nakhodka,Pacific,207933.8,244628.0,2,107056796.268
2024-07-22,Primorsk,Baltic,101090.002,116062.0,1,47435472.53848
2024-07-22,Varandey,Arctic,69143.151,81633.0,1,32444732.17524
2024-07-22,Yuri Korchagin,Caspian Sea,12858.573,14763.0,1,6033756.79452
2024-07-23,De Kastri,Pacific,46952.425,55565.0,1,24126597.4911
2024-07-23,Nakhodka,Pacific,197733.8,232628.0,2,101605908.5976
2024-07-23,Novoportovskoye,Arctic,32299.15,37999.0,1,14910773.4009
2024-07-23,Novorossiysk,Black sea,143778.583,165073.0,1,57562087.837297
2024-07-23,Primorsk,Baltic,298521.314,342734.0,3,137811170.522844
2024-07-23,Ust Luga,Baltic,101090.002,116062.0,1,46667795.063292
2024-07-24,Novorossiysk,Black sea,124399.065,154533.0,1,49858545.353982
2024-07-25,Nakhodka,Pacific,95708.3,112598.0,1,48460079.2473
2024-07-25,Novoportovskoye,Arctic,58837.0,69220.0,2,27315430.272
2024-07-25,Novorossiysk,Black sea,86981.544,99864.0,1,40381703.691264
2024-07-25,Primorsk,Baltic,224015.103,257193.0,2,96597101.46094
2024-07-26,De Kastri,Pacific,93905.695,111131.0,1,48172212.949575
2024-07-26,Murmansk,Arctic,79237.697,93551.0,1,35991742.919825
2024-07-26,Nakhodka,Pacific,198244.65,233229.0,2,101696531.78025
2024-07-26,Novorossiysk,Black sea,86981.544,99864.0,1,39509191.8234
2024-07-27,Nakhodka,Pacific,94104.35,110711.0,1,48274119.98475
2024-07-27,Primorsk,Baltic,140937.381,161811.0,1,56424606.053327
2024-07-28,Nakhodka,Pacific,198114.6,233076.0,2,101629818.081
2024-07-28,Novoportovskoye,Arctic,64597.45,75997.0,1,29604946.73755
2024-07-28,Novorossiysk,Black sea,137818.33,158230.0,1,63162002.82067
2024-07-28,Prigorodnoye,Pacific,95856.03,119970.0,1,49172705.54955
2024-07-28,Primorsk,Baltic,244588.994,280814.0,3,106237060.356531
2024-07-28,Varandey,Arctic,69143.151,81633.0,1,27681620.225799
2024-07-29,Murmansk,Arctic,155724.684024,179144.0,2,71216946.84596
2024-07-29,Nakhodka,Pacific,100866.95,118667.0,2,50631275.08895
2024-07-29,Novorossiysk,Black sea,149235.398,171338.0,1,68249227.625748
2024-07-29,Ust Luga,Baltic,218661.066,251046.0,2,93488046.514468
2024-07-30,De Kastri,Pacific,90981.995,107671.0,1,44768873.405685
2024-07-30,Nakhodka,Pacific,89088.5,104810.0,1,35785412.448986
2024-07-30,Novorossiysk,Black sea,230732.255,264905.0,3,102946040.945605
2024-07-30,Primorsk,Baltic,99704.241,114471.0,2,44485140.911211
2024-07-30,Ust Luga,Baltic,101090.002,116062.0,1,45103427.282342
2024-07-30,Yuri Korchagin,Caspian Sea,6972.355,8005.0,1,3110862.602705
2024-07-31,Murmansk,Arctic,103008.1,121186.0,1,47528349.3724
2024-07-31,Nakhodka,Pacific,196701.9,231414.0,2,97254140.2056
2024-07-31,Novoportovskoye,Arctic,32299.15,37999.0,1,14902957.0066
2024-07-31,Primorsk,Baltic,97349.928,111768.0,1,44917646.178912
2024-07-31,Prirazlomnoye Field,Arctic,69178.2,76020.0,1,31919098.1928
2024-07-31,Ust Luga,Baltic,101090.002,116062.0,1,46643331.282808
2024-07-31,Yuri Korchagin,Caspian Sea,12858.573,14763.0,1,5932997.016492
2024-08-01,Nakhodka,Pacific,94104.35,110711.0,2,47182321.31605
2024-08-01,Novorossiysk,Black sea,98548.1,122420.0,1,45754207.5123
2024-08-01,Primorsk,Baltic,101090.002,116062.0,1,46934369.398566
2024-08-02,Nakhodka,Pacific,94873.6,111616.0,1,38070504.203367
2024-08-02,Novoportovskoye,Arctic,64211.55,75543.0,1,28573048.15365
2024-08-02,Novorossiysk,Black sea,86115.77,98870.0,1,38320053.68191
2024-08-02,Primorsk,Baltic,204388.86,234660.0,3,90949568.08938
2024-08-02,Ust Luga,Baltic,98159.087,112697.0,1,43679125.010521
2024-08-02,Varandey,Arctic,69143.151,81633.0,1,30767526.761433
2024-08-03,Nakhodka,Pacific,96762.3,113838.0,1,47467713.888
2024-08-03,Primorsk,Baltic,198924.206,228386.0,3,83303159.628693
2024-08-03,Ust Luga,Baltic,99152.898,113838.0,1,43264970.430708
2024-08-04,De Kastri,Pacific,93905.695,111131.0,1,46066377.7392
2024-08-04,Murmansk,Arctic,102929.509839,118409.0,1,44572903.72921
2024-08-04,Novoportovskoye,Arctic,66611.1,78366.0,2,28845470.5773
2024-08-04,Primorsk,Baltic,101090.002,116062.0,1,43776317.736086
2024-08-04,Yuri Korchagin,Caspian Sea,12418.718,14258.0,1,5377838.898874
2024-08-05,Nakhodka,Pacific,99057.3,116538.0,1,45028179.6891
2024-08-05,Novorossiysk,Black sea,107187.873,123063.0,2,45924215.435358
2024-08-05,Primorsk,Baltic,202180.004,232124.0,2,86623213.993784
2024-08-05,Ust Luga,Baltic,101090.002,116062.0,1,43311606.996892
2024-08-06,Murmansk,Arctic,145135.991,171353.0,2,62044329.928581
2024-08-06,Nakhodka,Pacific,204085.0,240100.0,2,94057470.29
2024-08-06,Novoportovskoye,Arctic,39513.1,46486.0,1,16891494.6321
2024-08-06,Novorossiysk,Black sea,130257.855,161811.0,1,51886257.443885
2024-08-07,Murmansk,Arctic,106116.55,124843.0,1,46262146.6718
2024-08-07,Nakhodka,Pacific,97659.05,114893.0,1,45264676.69785
2024-08-07,Primorsk,Baltic,101090.002,116062.0,2,44070792.911912
2024-08-07,Ust Luga,Baltic,86631.402,99462.0,1,37767479.490312
2024-08-08,Nakhodka,Pacific,103923.55,122263.0,1,49173402.22995
2024-08-08,Novorossiysk,Black sea,292823.232,336192.0,2,131812035.298944
2024-08-08,Primorsk,Baltic,284384.113,326503.0,3,128013233.394046
2024-08-08,Ust Luga,Baltic,101090.002,116062.0,1,45504855.680284
2024-08-08,Varandey,Arctic,69143.151,81633.0,1,27504336.290226
2024-08-08,Yuri Korchagin,Caspian Sea,6209.359,7129.0,1,2795093.278978
2024-08-09,De Kastri,Pacific,93905.695,111131.0,1,44486226.609435
2024-08-09,Nakhodka,Pacific,94104.35,110711.0,1,44580336.03855
2024-08-09,Novoportovskoye,Arctic,64597.45,75997.0,1,28914787.58175
2024-08-09,Yuri Korchagin,Caspian Sea,12834.185,14735.0,1,5744773.718775
2024-08-10,Nakhodka,Pacific,100074.75,117735.0,2,47408711.54175
2024-08-10,Novorossiysk,Black sea,137825.298,158238.0,1,61123452.28353
2024-08-10,Primorsk,Baltic,61716.447,70857.0,1,27370318.497795
2024-08-10,Prirazlomnoye Field,Arctic,62792.52,76020.0,1,33195893.6232
2024-08-11,Nakhodka,Pacific,198114.6,233076.0,2,93853423.8018
2024-08-11,Novorossiysk,Black sea,155108.551,178081.0,1,70657683.996887
2024-08-11,Primorsk,Baltic,114041.772,130932.0,1,51950246.691564
2024-08-11,Ust Luga,Baltic,202180.004,232124.0,2,92100472.482148
2024-08-11,Yuri Korchagin,Caspian Sea,12858.573,14763.0,1,5857555.768701
2024-08-12,Nakhodka,Pacific,103761.2,122072.0,1,50172068.0808
2024-08-12,Primorsk,Baltic,101090.002,116062.0,1,47418287.23814
2024-08-12,Ust Luga,Baltic,101090.002,116062.0,1,47418287.23814
2024-08-12,Varandey,Arctic,69143.151,81633.0,1,32432977.83957
2024-08-13,Nakhodka,Pacific,206063.8,242428.0,2,101660545.411
2024-08-13,Novoportovskoye,Arctic,14862.25,17485.0,1,6901954.58875
2024-08-13,Novorossiysk,Black sea,132839.49,165018.0,1,61689994.95855
2024-08-13,Ust Luga,Baltic,144863.849,166319.0,2,57619872.082987
2024-08-14,De Kastri,Pacific,74196.07,87806.0,1,35994739.4391
2024-08-14,Kaliningrad,Baltic,18914.688,22734.0,1,8641213.042176
2024-08-14,Nakhodka,Pacific,96144.35,113111.0,2,46642508.5155
2024-08-14,Novoportovskoye,Arctic,14862.25,17485.0,1,6789848.637
2024-08-15,Murmansk,Arctic,105343.475406,121186.0,1,48370563.602173
2024-08-15,Nakhodka,Pacific,96191.1,113166.0,2,46116706.6908
2024-08-15,Novorossiysk,Black sea,338479.16,403094.0,4,148265722.148306
2024-08-15,Primorsk,Baltic,100089.223,114913.0,1,45957968.52491
2024-08-15,Ust Luga,Baltic,69211.402,79462.0,1,31779799.45634
2024-08-15,Yuri Korchagin,Caspian Sea,12418.718,14258.0,1,5702302.74406
2024-08-16,Murmansk,Arctic,106286.634441,122271.0,2,48243290.799501
2024-08-16,Nakhodka,Pacific,100557.55,118303.0,1,48629329.50735
2024-08-16,Primorsk,Baltic,200338.71,230010.0,2,90933339.79158
2024-08-17,Murmansk,Arctic,140271.25,165025.0,1,55473440.058214
2024-08-17,Nakhodka,Pacific,284360.7,334542.0,3,129665113.442296
2024-08-17,Novoportovskoye,Arctic,32299.15,37999.0,1,14721952.57
2024-08-17,Primorsk,Baltic,97709.651,112181.0,1,38641492.592798
2024-08-17,Ust Luga,Baltic,262382.653,301243.0,3,109863651.69568
2024-08-17,Varandey,Arctic,69143.151,81633.0,1,27344223.726776
2024-08-17,Yuri Korchagin,Caspian Sea,12418.718,14258.0,1,5660451.6644
2024-08-18,Murmansk,Arctic,1785.476,2108.0,1,816364.2641
2024-08-18,Novoportovskoye,Arctic,39513.1,46486.0,1,18066377.1475
2024-08-18,Novorossiysk,Black sea,86981.544,99864.0,1,34398819.909674
2024-08-18,Primorsk,Baltic,101697.96,116760.0,1,46498849.761
2024-08-19,De Kastri,Pacific,94578.315,111927.0,1,44760984.561735
2024-08-19,Murmansk,Arctic,143818.906,169798.0,1,56634325.813273
2024-08-19,Nakhodka,Pacific,199801.85,235061.0,2,94560021.74765
2024-08-19,Primorsk,Baltic,98626.814,113234.0,1,44571035.275624
2024-08-19,Ust Luga,Baltic,99277.451,113981.0,1,44865068.546116
2024-08-19,Yuri Korchagin,Caspian Sea,12418.718,14258.0,1,5612217.363688
2024-08-20,Nakhodka,Pacific,188560.6,221836.0,2,80259261.106026
2024-08-20,Novoportovskoye,Arctic,64597.45,75997.0,1,28038329.38015
2024-08-20,Primorsk,Baltic,101697.96,116760.0,1,44141694.44412
2024-08-21,Novorossiysk,Black sea,143653.159,164929.0,1,62345327.352841
2024-08-21,Prigorodnoye,Pacific,87651.099,109701.0,1,40403299.990644
2024-08-21,Primorsk,Baltic,100133.644,114964.0,1,43457901.362356
2024-08-21,Ust Luga,Baltic,101090.002,116062.0,1,43872959.777998
2024-08-22,Nakhodka,Pacific,100074.75,117735.0,1,45406516.0185
2024-08-22,Novorossiysk,Black sea,96749.73,120186.0,2,37777368.657387
2024-08-22,Primorsk,Baltic,101697.96,116760.0,1,39709478.534195
2024-08-22,Ust Luga,Baltic,101090.002,116062.0,1,42725183.89529
2024-08-22,Varandey,Arctic,69143.151,81633.0,1,29223007.054395
2024-08-22,Yuri Korchagin,Caspian Sea,12834.185,14735.0,1,5424304.119325
2024-08-23,De Kastri,Pacific,93905.695,111131.0,1,43358700.92957
2024-08-23,Murmansk,Arctic,144865.5,170430.0,1,63200616.5505
2024-08-23,Nakhodka,Pacific,200633.15,236039.0,2,92637541.8169
2024-08-23,Novoportovskoye,Arctic,64597.45,75997.0,1,28181994.10895
2024-08-23,Primorsk,Baltic,101697.96,116760.0,1,39759467.986535
2024-08-24,Novorossiysk,Black sea,150644.676,172956.0,1,66331562.446968
2024-08-24,Ust Luga,Baltic,115737.609,132879.0,1,50961352.519662
2024-08-24,Yuri Korchagin,Caspian Sea,19414.59,22290.0,2,8548593.43962
2024-08-25,Nakhodka,Pacific,99057.3,116538.0,1,45737330.8998
2024-08-25,Novoportovskoye,Arctic,64211.55,75543.0,1,28372579.69455
2024-08-25,Novorossiysk,Black sea,95232.94,113915.0,1,42079722.10134
2024-08-25,Primorsk,Baltic,101697.96,116760.0,1,44936362.30356
2024-08-26,Nakhodka,Pacific,104010.25,122365.0,1,49207353.28525
2024-08-26,Novorossiysk,Black sea,149072.521,171151.0,1,65831766.926289
2024-08-26,Ust Luga,Baltic,82176.237,94347.0,1,32006448.710608
2024-08-27,De Kastri,Pacific,90981.995,107671.0,1,43673632.149875
2024-08-27,Nakhodka,Pacific,193451.5,227590.0,2,92861556.2875
2024-08-27,Novoportovskoye,Arctic,64597.45,75997.0,1,29082999.34155
2024-08-27,Novorossiysk,Black sea,143778.583,165073.0,1,64731849.859677
2024-08-27,Primorsk,Baltic,207897.248,238688.0,2,80980207.692248
2024-08-27,Ust Luga,Baltic,101090.002,116062.0,1,45512639.610438
2024-08-27,Varandey,Arctic,69143.151,81633.0,1,26932664.007541
2024-08-27,Yuri Korchagin,Caspian Sea,12418.718,14258.0,1,5591142.799242
2024-08-28,Ust Luga,Baltic,144072.981,165411.0,1,63900257.043987
2024-08-29,Nakhodka,Pacific,200620.4,236024.0,2,93720221.1008
2024-08-29,Novoportovskoye,Arctic,39513.1,46486.0,1,17813256.2289
2024-08-29,Primorsk,Baltic,202180.004,232124.0,2,91146587.223276
2024-08-29,Ust Luga,Baltic,200270.772,229932.0,2,90285869.162268
2024-08-30,Novorossiysk,Black sea,86981.544,99864.0,2,38563180.550856
2024-08-31,De Kastri,Pacific,93905.695,111131.0,1,44633282.927805
2024-08-31,Murmansk,Arctic,144457.5,169950.0,1,64602838.575
2024-08-31,Nakhodka,Pacific,205093.95,241287.0,2,97480949.34105
2024-08-31,Novorossiysk,Black sea,86981.544,99864.0,1,34110275.645978
2024-08-31,Prigorodnoye,Pacific,89012.595,111405.0,1,42307597.390905
2024-08-31,Yuri Korchagin,Caspian Sea,12834.185,14735.0,1,5739575.87385
2024-09-01,Nakhodka,Pacific,183549.85,215941.0,2,79833914.854318
2024-09-01,Novoportovskoye,Arctic,34312.8,40368.0,3,15322312.2144
2024-09-01,Primorsk,Baltic,200211.544,229864.0,2,89404064.550112
2024-09-01,Ust Luga,Baltic,101090.002,116062.0,1,45141538.213096
2024-09-01,Varandey,Arctic,69143.151,81633.0,1,27114854.843707
2024-09-02,Murmansk,Arctic,143268.356,169148.0,1,61887631.74132
2024-09-02,Nakhodka,Pacific,94104.35,110711.0,1,42860014.4162
2024-09-02,Novoportovskoye,Arctic,64597.45,75997.0,1,27904160.4765
2024-09-02,Novorossiysk,Black sea,149235.398,171338.0,1,58661021.292988
2024-09-02,Ust Luga,Baltic,101090.002,116062.0,1,43667848.16394
2024-09-02,Yuri Korchagin,Caspian Sea,12418.718,14258.0,1,5364513.61446
2024-09-03,Nakhodka,Pacific,104010.25,122365.0,1,48111605.3015
2024-09-03,Primorsk,Baltic,198926.819,228389.0,2,81285842.906534
2024-09-03,Ust Luga,Baltic,101090.002,116062.0,1,42720432.665196
2024-09-04,Nakhodka,Pacific,101167.85,119021.0,1,44497464.8083
2024-09-04,Primorsk,Baltic,101697.96,116760.0,1,41670840.80796
2024-09-04,Ust Luga,Baltic,211204.435,242485.0,2,86541228.445685
2024-09-05,De Kastri,Pacific,74196.07,87806.0,1,32210220.49661
2024-09-05,Murmansk,Arctic,106284.026628,122268.0,1,42818539.523596
2024-09-05,Nakhodka,Pacific,100074.75,117735.0,1,43444750.69425
2024-09-05,Novoportovskoye,Arctic,64597.45,75997.0,1,26024310.08405
2024-09-05,Novorossiysk,Black sea,238120.948,273388.0,2,95931548.199812
2024-09-05,Primorsk,Baltic,99180.77,113870.0,1,39956857.62913
2024-09-05,Yuri Korchagin,Caspian Sea,12858.573,14763.0,1,5180320.445937
2024-09-06,Nakhodka,Pacific,196262.45,230897.0,2,81404285.874515
2024-09-06,Primorsk,Baltic,197284.113,226503.0,2,78493824.607536
2024-09-06,Ust Luga,Baltic,101090.002,116062.0,1,40220881.275744
2024-09-07,Murmansk,Arctic,1784.629,2107.0,1,703529.305864
2024-09-07,Nakhodka,Pacific,94208.9,110834.0,1,41091378.5397
2024-09-07,Primorsk,Baltic,200188.898,229838.0,2,78917666.613968
2024-09-07,Ust Luga,Baltic,106298.582,122042.0,1,41625483.9076
2024-09-07,Varandey,Arctic,69143.151,81633.0,1,27257336.414616
2024-09-08,De Kastri,Pacific,95145.31,112598.0,1,41499815.29863
2024-09-08,Nakhodka,Pacific,95268.0,112080.0,1,41553329.364
2024-09-08,Novoportovskoye,Arctic,64146.95,75467.0,1,25184862.3334
2024-09-08,Novorossiysk,Black sea,135619.155,168471.0,1,53245707.68286
2024-09-08,Yuri Korchagin,Caspian Sea,12418.718,14258.0,1,4875737.711416
2024-09-09,Nakhodka,Pacific,190248.7,223822.0,2,81896548.1377
2024-09-09,Novorossiysk,Black sea,144072.981,165411.0,1,56817773.371008
2024-09-09,Ust Luga,Baltic,245069.786,281366.0,2,96581956.504967
2024-09-10,Nakhodka,Pacific,104010.25,122365.0,1,44705997.68575
2024-09-10,Primorsk,Baltic,205147.501,235531.0,2,78540925.905351
2024-09-10,Ust Luga,Baltic,86912.735,99785.0,1,33274627.507485
2024-09-10,Yuri Korchagin,Caspian Sea,12418.718,14258.0,1,4754518.605018
2024-09-11,Murmansk,Arctic,258588.998538,297478.0,2,97653290.818892
2024-09-11,Nakhodka,Pacific,103923.55,122263.0,1,44238280.68755
2024-09-11,Novoportovskoye,Arctic,60072.05,70673.0,2,22685548.88995
2024-09-12,De Kastri,Pacific,93905.695,111131.0,1,40436261.795475
2024-09-12,Nakhodka,Pacific,194661.9,229014.0,2,83822387.4495
2024-09-12,Novorossiysk,Black sea,132839.49,165018.0,1,54346495.11186
2024-09-12,Ust Luga,Baltic,101090.002,116062.0,1,41357335.078228
2024-09-12,Yuri Korchagin,Caspian Sea,12834.185,14735.0,1,5250644.76209
2024-09-13,Kaliningrad,Baltic,9457.344,11367.0,1,3827812.69728
2024-09-13,Nakhodka,Pacific,100074.75,117735.0,1,43284931.3185
2024-09-13,Novorossiysk,Black sea,230952.618,265158.0,3,93476917.37241
2024-09-13,Ust Luga,Baltic,202180.004,232124.0,2,81831345.71898
2024-09-14,Nakhodka,Pacific,96610.15,113659.0,1,41786401.7389
2024-09-14,Novoportovskoye,Arctic,64597.45,75997.0,1,26299882.80575
2024-09-14,Primorsk,Baltic,101697.96,116760.0,1,41404798.9446
2024-09-15,Nakhodka,Pacific,204322.15,240379.0,2,84346283.285569
2024-09-15,Novorossiysk,Black sea,86548.657,99367.0,1,35131744.300783
2024-09-15,Prigorodnoye,Pacific,89012.595,111405.0,1,38500261.66497
2024-09-15,Primorsk,Baltic,101090.002,116062.0,1,41034352.521838
2024-09-15,Ust Luga,Baltic,200406.648,230088.0,2,81348866.149512
2024-09-15,Yuri Korchagin,Caspian Sea,6209.359,7129.0,1,2520496.795921
2024-09-16,De Kastri,Pacific,90981.995,107671.0,1,39192950.860115
2024-09-16,Murmansk,Arctic,97853.83647,112570.0,1,40200998.075461
2024-09-16,Nakhodka,Pacific,94104.35,110711.0,1,40537989.57995
2024-09-16,Novoportovskoye,Arctic,64211.55,75543.0,1,26379838.45185
2024-09-16,Primorsk,Baltic,101697.96,116760.0,1,41780267.81292
2024-09-16,Ust Luga,Baltic,93886.832,107792.0,1,38571245.530064
2024-09-16,Varandey,Arctic,69143.151,81633.0,1,27019809.064549
2024-09-17,Novorossiysk,Black sea,134430.17,166994.0,1,55118386.15255
2024-09-17,Primorsk,Baltic,199861.402,229462.0,2,81946172.74103
2024-09-18,Novoportovskoye,Arctic,20543.65,24169.0,1,8510186.46885
2024-09-18,Primorsk,Baltic,101090.002,116062.0,1,41876432.238498
2024-09-18,Ust Luga,Baltic,118437.709,135979.0,1,49062702.515541
2024-09-18,Vladivostok,Pacific,6724.466,8141.0,3,3305868.525988
2024-09-18,Yuri Korchagin,Caspian Sea,12858.573,14763.0,1,5326651.006677
2024-09-19,Novorossiysk,Black sea,144606.904,166024.0,1,60254515.544912
2024-09-19,Primorsk,Baltic,196862.549,226019.0,2,82028293.192222
2024-09-19,Ust Luga,Baltic,166360.129,190999.0,3,69318605.831462
2024-09-20,Nakhodka,Pacific,101533.35,119451.0,1,44965262.4477
2024-09-20,Novoportovskoye,Arctic,32299.15,37999.0,1,13676784.37515
2024-09-20,Novorossiysk,Black sea,140794.537,161647.0,1,59618179.541817
2024-09-20,Varandey,Arctic,69143.151,81633.0,1,29278045.002591
2024-09-20,Yuri Korchagin,Caspian Sea,12418.718,14258.0,1,5258594.368638
2024-09-21,De Kastri,Pacific,71395.74,84492.0,1,31618460.20788
2024-09-21,Murmansk,Arctic,143871.0,169260.0,1,60445530.327
2024-09-21,Nakhodka,Pacific,89088.5,104810.0,1,34689351.992462
2024-09-21,Primorsk,Baltic,199944.147,229557.0,2,80963556.890208
2024-09-21,Ust Luga,Baltic,207300.613,238003.0,2,87094657.643981
2024-09-22,Nakhodka,Pacific,104010.25,122365.0,1,46062187.3355
2024-09-22,Novoportovskoye,Arctic,2013.65,2369.0,1,855382.4108
2024-09-22,Primorsk,Baltic,202787.962,232822.0,2,82541457.828157
2024-09-22,Ust Luga,Baltic,99439.457,114167.0,1,42241085.817944
2024-09-22,Yuri Korchagin,Caspian Sea,12418.718,14258.0,1,5275372.056656
2024-09-23,Nakhodka,Pacific,290370.2,341612.0,3,129137500.5268
2024-09-23,Novoportovskoye,Arctic,40834.85,48041.0,1,17084157.8642
2024-09-23,Primorsk,Baltic,299248.599,343569.0,3,122416275.552826
2024-09-23,Ust Luga,Baltic,184700.776,212056.0,2,72222938.409381
2024-09-24,Novorossiysk,Black sea,86981.544,99864.0,2,36258604.542576
2024-09-24,Primorsk,Baltic,4721.691,5421.0,1,1968255.780114
2024-09-25,De Kastri,Pacific,75595.39,89462.0,1,33546285.86179
2024-09-25,Murmansk,Arctic,1793.946,2118.0,1,747982.196808
2024-09-25,Nakhodka,Pacific,104010.25,122365.0,1,46155692.55025
2024-09-25,Yuri Korchagin,Caspian Sea,12834.185,14735.0,1,5351187.76738
2024-09-26,Nakhodka,Pacific,191787.2,225632.0,2,81493258.088
2024-09-26,Novorossiysk,Black sea,155725.219,178789.0,1,62360475.398988
2024-09-26,Primorsk,Baltic,410646.015,471465.0,4,164444017.99878
2024-09-26,Ust Luga,Baltic,97866.431,112361.0,1,39190808.026812
2024-09-26,Varandey,Arctic,69143.151,81633.0,1,26949564.827626
2024-09-27,Murmansk,Arctic,139521.228,164724.0,1,54783428.737884
2024-09-27,Nakhodka,Pacific,102053.55,120063.0,1,43458483.732
2024-09-27,Novoportovskoye,Arctic,64597.45,75997.0,1,25364382.53485
2024-09-27,Novorossiysk,Black sea,143750.711,165041.0,1,56444147.926283
2024-09-27,Ust Luga,Baltic,101090.002,116062.0,1,39693292.555306
2024-09-28,Nakhodka,Pacific,204085.0,240100.0,2,86907556.4
2024-09-28,Novoportovskoye,Arctic,41174.0,48440.0,1,16097675.258
2024-09-28,Novorossiysk,Black sea,148444.53,170430.0,1,58036912.56051
2024-09-28,Prigorodnoye,Pacific,69954.048,87552.0,1,29789231.80032
2024-09-28,Primorsk,Baltic,101697.96,116760.0,1,39627625.334133
2024-09-28,Prirazlomnoye Field,Arctic,66050.53,72583.0,1,25823577.56251
2024-09-28,Yuri Korchagin,Caspian Sea,12418.718,14258.0,2,4855308.920306
2024-09-29,De Kastri,Pacific,93905.695,111131.0,1,39988801.1588
2024-09-29,Nakhodka,Pacific,103923.55,122263.0,1,44254804.532
2024-09-29,Novoportovskoye,Arctic,41087.3,48338.0,2,15905181.4411
2024-09-29,Novorossiysk,Black sea,99902.11,124102.0,1,38672806.09577
2024-09-29,Primorsk,Baltic,101090.002,116062.0,1,39132647.404214
2024-09-29,Ust Luga,Baltic,248837.732,285692.0,2,96326827.921324
2024-09-29,Yuri Korchagin,Caspian Sea,12858.573,14763.0,1,4977643.618311
2024-09-30,Nakhodka,Pacific,204567.8,240668.0,2,88657843.4098
2024-09-30,Primorsk,Baltic,101697.96,116760.0,1,39646237.82028
2024-09-30,Ust Luga,Baltic,140203.999,160969.0,1,54657547.582157
2024-10-01,Kaliningrad,Baltic,9457.344,11367.0,1,3923322.414336
2024-10-01,Nakhodka,Pacific,202987.65,238809.0,3,83652582.359925
2024-10-01,Primorsk,Baltic,101697.96,116760.0,1,42188788.51824
2024-10-01,Yuri Korchagin,Caspian Sea,12418.718,14258.0,1,5151830.649992
2024-10-02,Novorossiysk,Black sea,86981.544,99864.0,1,35583453.798048
2024-10-02,Ust Luga,Baltic,101090.002,116062.0,1,39700275.298174
2024-10-02,Varandey,Arctic,69143.151,81633.0,1,27154041.69923
2024-10-03,Murmansk,Arctic,1339.107,1581.0,1,576677.055801
2024-10-03,Nakhodka,Pacific,104010.25,122365.0,1,46919855.857
2024-10-03,Novoportovskoye,Arctic,64597.45,75997.0,1,27818439.66035
2024-10-03,Novorossiysk,Black sea,232721.702,271202.0,2,100219971.914386
2024-10-03,Primorsk,Baltic,305906.523,351213.0,3,127830227.737571
2024-10-03,Prirazlomnoye Field,Arctic,2952.04,3244.0,1,1271275.36172
2024-10-04,De Kastri,Pacific,93905.695,111131.0,1,43880816.59377
2024-10-04,Murmansk,Arctic,100647.65,118409.0,1,44367195.13005
2024-10-04,Nakhodka,Pacific,295862.9,348074.0,3,138252591.0894
2024-10-04,Primorsk,Baltic,101090.002,116062.0,1,39851459.590723
2024-10-04,Ust Luga,Baltic,148712.798,170738.0,1,65555129.475966
2024-10-04,Yuri Korchagin,Caspian Sea,12418.718,14258.0,1,5474382.012606
2024-10-05,Makhachkala Port,Caspian Sea,1761.032,2132.0,1,835792.831328
2024-10-05,Murmansk,Arctic,103008.1,121186.0,1,45896392.0441
2024-10-05,Primorsk,Baltic,98486.583,113073.0,1,43881780.408063
2024-10-06,Murmansk,Arctic,144964.897,171151.0,1,62722251.914784
2024-10-06,Nakhodka,Pacific,190256.35,223831.0,2,82394576.038863
2024-10-06,Primorsk,Baltic,293539.194,337014.0,3,127006190.146368
2024-10-06,Ust Luga,Baltic,241078.864,276784.0,2,98781066.548958
2024-10-06,Yuri Korchagin,Caspian Sea,12834.185,14735.0,1,5552992.49232
2024-10-07,De Kastri,Pacific,90981.995,107671.0,1,42594494.70718
2024-10-07,Nakhodka,Pacific,104010.25,122365.0,1,48693854.681
2024-10-07,Novoportovskoye,Arctic,32298.3,37998.0,1,14730640.9623
2024-10-07,Primorsk,Baltic,101697.96,116760.0,1,46382507.29476
2024-10-07,Varandey,Arctic,69143.151,81633.0,1,31534877.451231
2024-10-08,Nakhodka,Pacific,96191.1,113166.0,1,46143928.7721
2024-10-08,Novorossiysk,Black sea,151741.265,174215.0,1,65749793.60703
2024-10-08,Prigorodnoye,Pacific,95856.03,119970.0,1,45983192.00733
2024-10-08,Primorsk,Baltic,97709.651,112181.0,1,38683716.041269
2024-10-08,Ust Luga,Baltic,101090.002,116062.0,1,43802500.046604
2024-10-09,Murmansk,Arctic,1672.825,1975.0,1,724769.832325
2024-10-09,Nakhodka,Pacific,94104.35,110711.0,1,44212764.44745
2024-10-09,Novoportovskoye,Arctic,13647.6,16056.0,1,5912972.8236
2024-10-09,Novorossiysk,Black sea,375092.045,443585.0,3,157501723.215148
2024-10-09,Primorsk,Baltic,198759.587,228197.0,2,82576597.295132
2024-10-09,Prirazlomnoye Field,Arctic,66218.88,72768.0,1,28690058.16768
2024-10-09,Ust Luga,Baltic,197379.052,226612.0,2,85516645.448572
2024-10-10,Nakhodka,Pacific,100074.75,117735.0,1,46813567.0035
2024-10-10,Novoportovskoye,Arctic,41174.0,48440.0,1,18133729.558
2024-10-11,De Kastri,Pacific,74196.07,87806.0,1,35391747.97821
2024-10-11,Nakhodka,Pacific,202543.95,238287.0,2,96614071.78185
2024-10-11,Novorossiysk,Black sea,143498.992,164752.0,1,64216946.911936
2024-10-11,Primorsk,Baltic,101028.161,115991.0,1,45210910.272788
2024-10-11,Ust Luga,Baltic,101090.002,116062.0,1,45238584.615016
2024-10-12,Murmansk,Arctic,110279.26,121186.0,1,48659510.40314
2024-10-12,Nakhodka,Pacific,95791.6,112696.0,1,45692880.5748
2024-10-12,Primorsk,Baltic,99790.47,114570.0,1,44031447.19233
2024-10-12,Ust Luga,Baltic,78633.88,90280.0,1,34696334.57732
2024-10-12,Varandey,Arctic,69143.151,81633.0,1,27484219.752439
2024-10-12,Yuri Korchagin,Caspian Sea,25277.291,29021.0,2,11153326.603549
2024-10-13,Nakhodka,Pacific,104010.25,122365.0,1,49613201.28075
2024-10-13,Primorsk,Baltic,194938.51,223810.0,2,82195940.247809
2024-10-13,Ust Luga,Baltic,101090.002,116062.0,1,45054297.54137
2024-10-14,Nakhodka,Pacific,200072.15,235379.0,2,95636088.2772
2024-10-14,Primorsk,Baltic,101697.96,116760.0,1,40509852.815232
2024-10-14,Ust Luga,Baltic,204905.363,235253.0,2,84970996.068687
2024-10-15,De Kastri,Pacific,95145.31,112598.0,1,43291782.06717
2024-10-15,Primorsk,Baltic,198799.653,228243.0,2,78920281.446552
2024-10-15,Ust Luga,Baltic,116351.664,133584.0,1,46189748.981376
2024-10-16,Nakhodka,Pacific,100074.75,117735.0,1,45380096.2845
2024-10-16,Primorsk,Baltic,101090.002,116062.0,1,40876247.75871
2024-10-16,Yuri Korchagin,Caspian Sea,12418.718,14258.0,1,5021570.71689
2024-10-17,Murmansk,Arctic,144964.897,171151.0,1,59497507.781019
2024-10-17,Nakhodka,Pacific,199716.0,234960.0,2,90262644.78
2024-10-17,Novoportovskoye,Arctic,64597.45,75997.0,1,26512537.61115
2024-10-17,Novorossiysk,Black sea,86981.544,99864.0,1,35699574.159288
2024-10-17,Primorsk,Baltic,98619.846,113226.0,1,40476247.534242
2024-10-17,Varandey,Arctic,69143.151,81633.0,1,27666334.957866
2024-10-18,Nakhodka,Pacific,199614.85,234841.0,2,91095035.2569
2024-10-18,Primorsk,Baltic,105447.615,121065.0,1,42212051.103495
2024-10-18,Ust Luga,Baltic,106324.712,122072.0,1,42563164.434856
2024-10-19,De Kastri,Pacific,93905.695,111131.0,1,42854239.53603
2024-10-19,Novoportovskoye,Arctic,41174.0,48440.0,1,16225355.832
2024-10-19,Novorossiysk,Black sea,136687.39,169798.0,1,53864126.40252
2024-10-19,Prigorodnoye,Pacific,89012.595,111405.0,1,40621253.77863
2024-10-19,Primorsk,Baltic,298300.951,342481.0,3,117550859.158668
2024-10-19,Ust Luga,Baltic,202180.004,232124.0,2,79672669.816272
2024-10-20,Murmansk,Arctic,113607.13,124843.0,1,45354124.83147
2024-10-20,Nakhodka,Pacific,204567.8,240668.0,2,93355333.8012
2024-10-20,Novorossiysk,Black sea,317742.542,364802.0,3,126848859.874698
2024-10-21,Murmansk,Arctic,1339.107,1581.0,1,541289.814219
2024-10-21,Nakhodka,Pacific,198663.7,233722.0,2,88912932.2535
2024-10-21,Novoportovskoye,Arctic,64597.45,75997.0,1,26111387.44665
2024-10-21,Primorsk,Baltic,99277.451,113981.0,1,40129633.410867
2024-10-21,Prirazlomnoye Field,Arctic,66551.94,73134.0,1,26901425.53098
2024-10-21,Ust Luga,Baltic,137825.298,158238.0,1,55711328.481666
2024-10-22,Kaliningrad,Baltic,9457.344,11367.0,1,3962854.112256
2024-10-22,Novorossiysk,Black sea,139491.521,160151.0,1,58450295.095504
2024-10-22,Primorsk,Baltic,293208.214,336634.0,3,119500820.369202
2024-10-22,Ust Luga,Baltic,149055.101,171131.0,1,62457664.641424
2024-10-22,Varandey,Arctic,69143.151,81633.0,1,28972639.704624
2024-10-23,Nakhodka,Pacific,104010.25,122365.0,1,48448182.4705
2024-10-23,Primorsk,Baltic,104041.821,119451.0,1,42988623.851706
2024-10-23,Ust Luga,Baltic,98260.994,112814.0,1,40600067.066884
2024-10-24,De Kastri,Pacific,93905.695,111131.0,1,43465189.9877
2024-10-24,Murmansk,Arctic,145461.35,171131.0,1,59648026.64235
2024-10-24,Novoportovskoye,Arctic,13648.45,16057.0,1,5596697.05545
2024-10-24,Novorossiysk,Black sea,142557.441,163671.0,1,58457246.813901
2024-10-24,Primorsk,Baltic,101697.96,116760.0,1,41702367.17556
2024-10-24,Yuri Korchagin,Caspian Sea,12858.573,14763.0,1,5272799.302953
2024-10-25,Murmansk,Arctic,105642.81,116091.0,1,44254090.03743
2024-10-25,Nakhodka,Pacific,200772.55,236203.0,2,91540637.9921
2024-10-25,Novorossiysk,Black sea,131197.29,162978.0,1,52694965.357968
2024-10-25,Primorsk,Baltic,98510.971,113101.0,1,41266541.284813
2024-10-25,Ust Luga,Baltic,100089.223,114913.0,1,41927675.782369
2024-10-26,Nakhodka,Pacific,183192.85,215521.0,2,78688232.184913
2024-10-26,Novoportovskoye,Arctic,64597.45,75997.0,1,27039200.621
2024-10-26,Primorsk,Baltic,101697.96,116760.0,1,42568732.0968
2024-10-26,Ust Luga,Baltic,144863.849,166319.0,1,58184094.386987
2024-10-27,Murmansk,Arctic,137575.669,162427.0,1,57374969.726767
2024-10-27,Nakhodka,Pacific,199637.8,234868.0,2,91023257.8076
2024-10-27,Novorossiysk,Black sea,138477.677,158987.0,1,55619109.147505
2024-10-27,Prigorodnoye,Pacific,74666.55,93450.0,1,34043616.1401
2024-10-27,Primorsk,Baltic,138477.677,158987.0,1,57751145.849111
2024-10-27,Ust Luga,Baltic,101090.002,116062.0,2,40602470.930816
2024-10-28,De Kastri,Pacific,93905.695,111131.0,1,41849448.59953
2024-10-28,Nakhodka,Pacific,205095.65,241289.0,2,91401696.8051
2024-10-28,Novoportovskoye,Arctic,10721.9,12614.0,1,4197463.0215
2024-10-28,Novorossiysk,Black sea,130252.22,161804.0,1,50991790.3467
2024-10-28,Primorsk,Baltic,202019.74,231940.0,2,79087697.9139
2024-10-28,Prirazlomnoye Field,Arctic,66041.43,72573.0,1,25854229.22355
2024-10-28,Varandey,Arctic,69143.151,81633.0,1,27068506.469235
2024-10-29,Nakhodka,Pacific,100074.75,117735.0,1,43798114.6365
2024-10-29,Prigorodnoye,Pacific,14350.839,17961.0,1,6280702.091706
2024-10-29,Primorsk,Baltic,197109.042,226302.0,2,76570949.54574
2024-10-29,Ust Luga,Baltic,202180.004,232124.0,2,78540866.15388
2024-10-29,Yuri Korchagin,Caspian Sea,25252.903,28993.0,2,9809995.22841
2024-10-30,Nakhodka,Pacific,194325.3,228618.0,2,85427928.1089
2024-10-30,Novoportovskoye,Arctic,32299.15,37999.0,1,12934420.71155
2024-10-30,Novorossiysk,Black sea,83070.812,99367.0,2,33266288.161084
2024-10-30,Primorsk,Baltic,101697.96,116760.0,1,40725659.96772
2024-10-31,Nakhodka,Pacific,100074.75,117735.0,1,44469716.28375
2024-10-31,Novorossiysk,Black sea,135619.155,168471.0,1,54026195.919885
2024-10-31,Primorsk,Baltic,101697.96,116760.0,1,40513111.23132
2024-10-31,Prirazlomnoye Field,Arctic,2740.92,3012.0,1,1091892.07764
2024-10-31,Ust Luga,Baltic,101090.002,116062.0,1,40270920.826734
2024-11-01,De Kastri,Pacific,90981.995,107671.0,1,41090380.36584
2024-11-01,Nakhodka,Pacific,97659.05,114893.0,1,44105952.0696
2024-11-01,Novorossiysk,Black sea,143750.711,165041.0,1,57946055.354811
2024-11-01,Primorsk,Baltic,343776.732,394692.0,3,138576744.445932
2024-11-01,Ust Luga,Baltic,101090.002,116062.0,1,40749480.896202
2024-11-01,Varandey,Arctic,69143.151,81633.0,1,27618042.779253
2024-11-02,Nakhodka,Pacific,104010.25,122365.0,1,46974357.228
2024-11-02,Yuri Korchagin,Caspian Sea,12418.718,14258.0,1,5026252.573576
2024-11-03,Nakhodka,Pacific,204481.1,240566.0,2,92350208.1552
2024-11-03,Novorossiysk,Black sea,149137.846,171226.0,1,59955800.297536
2024-11-03,Primorsk,Baltic,99704.241,114471.0,1,40082700.149856
2024-11-03,Prirazlomnoye Field,Arctic,66218.88,72768.0,1,26621049.26208
2024-11-03,Ust Luga,Baltic,101090.002,116062.0,1,40378663.0984
2024-11-04,Kaliningrad,Baltic,9457.344,11367.0,1,3896104.178304
2024-11-04,Primorsk,Baltic,101090.002,116062.0,1,40308304.092635
2024-11-04,Ust Luga,Baltic,106615.626,122406.0,2,43922012.980716
2024-11-05,Murmansk,Arctic,135345.518,159794.0,1,57750985.111974
2024-11-05,Nakhodka,Pacific,104010.25,122365.0,1,47565863.51975
2024-11-05,Novoportovskoye,Arctic,64597.45,75997.0,1,27563279.73285
2024-11-05,Primorsk,Baltic,199476.42,229020.0,2,85115192.07906
2024-11-05,Ust Luga,Baltic,101090.002,116062.0,1,43134396.223386
2024-11-06,De Kastri,Pacific,95145.31,112598.0,1,43624410.07093
2024-11-06,Murmansk,Arctic,140153.95,164887.0,1,60508384.5256
2024-11-06,Nakhodka,Pacific,192402.6,226356.0,2,88217169.3078
2024-11-06,Novorossiysk,Black sea,227776.081,261511.0,3,98337311.897968
2024-11-06,Ust Luga,Baltic,101090.002,116062.0,1,43643384.383456
2024-11-06,Varandey,Arctic,69143.151,81633.0,1,29851034.294928
2024-11-06,Yuri Korchagin,Caspian Sea,12418.718,14258.0,2,5361508.284704
2024-11-07,Murmansk,Arctic,40632.334353,46743.0,2,16463691.856998
2024-11-07,Nakhodka,Pacific,104010.25,122365.0,1,48255451.47725
2024-11-07,Prigorodnoye,Pacific,95856.03,119970.0,1,44472309.26247
2024-11-07,Primorsk,Baltic,199440.709,228979.0,2,82046428.287066
2024-11-07,Ust Luga,Baltic,87089.548,99988.0,1,35108966.962972
2024-11-08,Murmansk,Arctic,153924.68,169148.0,1,63262889.55532
2024-11-08,Nakhodka,Pacific,102053.55,120063.0,1,47329272.82995
2024-11-08,Novorossiysk,Black sea,143750.711,165041.0,1,59081398.470289
2024-11-08,Ust Luga,Baltic,101090.002,116062.0,1,41547889.731998
2024-11-09,De Kastri,Pacific,93905.695,111131.0,1,43550550.264455
2024-11-09,Nakhodka,Pacific,197312.2,232132.0,2,91507281.6818
2024-11-09,Novoportovskoye,Arctic,9530.2,11212.0,1,3953050.7184
2024-11-09,Novorossiysk,Black sea,143355.205,178081.0,1,59462592.19236
2024-11-09,Prirazlomnoye Field,Arctic,66041.43,72573.0,1,27393456.83256
2024-11-09,Ust Luga,Baltic,99219.965,113915.0,1,41155647.72228
2024-11-09,Yuri Korchagin,Caspian Sea,12858.573,14763.0,1,5333633.211816
2024-11-10,Nakhodka,Pacific,103446.7,121702.0,1,47975372.6123
2024-11-10,Novorossiysk,Black sea,145451.774,166994.0,1,59630572.883232
2024-11-10,Primorsk,Baltic,194919.348,223788.0,2,79910695.260864
2024-11-11,Murmansk,Arctic,1495.14612,1720.0,1,609400.626466
2024-11-11,Nakhodka,Pacific,104010.25,122365.0,1,47985128.8375
2024-11-11,Novoportovskoye,Arctic,64597.45,75997.0,1,26329016.2557
2024-11-11,Primorsk,Baltic,99440.328,114168.0,1,40530485.528208
2024-11-11,Ust Luga,Baltic,243389.627,279437.0,2,99202204.510422
2024-11-11,Varandey,Arctic,34571.999,40817.0,1,14091062.784414
2024-11-12,Nakhodka,Pacific,195296.0,229760.0,2,87695715.84
2024-11-12,Primorsk,Baltic,203477.794,233614.0,2,83542081.360374
2024-11-12,Prirazlomnoye Field,Arctic,2740.92,3012.0,1,1125342.26532
2024-11-12,Ust Luga,Baltic,99180.77,113870.0,1,40720747.91967
2024-11-12,Yuri Korchagin,Caspian Sea,19043.544,21864.0,2,7818726.903624
2024-11-13,Nakhodka,Pacific,103008.1,121186.0,1,46469426.1044
2024-11-13,Novorossiysk,Black sea,143750.711,165041.0,1,59319162.146283
2024-11-13,Prirazlomnoye Field,Arctic,66050.53,72583.0,1,27255949.35609
2024-11-13,Ust Luga,Baltic,102523.668,117708.0,1,42306699.171204
2024-11-14,De Kastri,Pacific,93905.695,111131.0,1,42568296.694755
2024-11-14,Nakhodka,Pacific,183962.1,216426.0,2,75936126.212029
2024-11-14,Novoportovskoye,Arctic,47318.65,55669.0,2,19972634.3412
2024-11-14,Primorsk,Baltic,97866.431,112361.0,1,41308246.127928
2024-11-15,Murmansk,Arctic,143247.95,168527.0,1,59715486.4206
2024-11-15,Nakhodka,Pacific,103468.8,121728.0,1,46632146.5344
2024-11-15,Primorsk,Baltic,198799.653,228243.0,2,82283355.484891
2024-11-15,Ust Luga,Baltic,242399.3,278300.0,2,101048511.3924
2024-11-16,Nakhodka,Pacific,104010.25,122365.0,1,46876171.552
2024-11-16,Novoportovskoye,Arctic,64597.45,75997.0,1,26487086.21585
2024-11-16,Prigorodnoye,Pacific,89012.595,111405.0,1,40116908.41536
2024-11-16,Ust Luga,Baltic,102547.185,117735.0,1,42047729.907105
2024-11-16,Varandey,Arctic,69143.151,81633.0,1,28350973.633983
2024-11-17,Nakhodka,Pacific,100074.75,117735.0,1,45102488.928
2024-11-17,Primorsk,Baltic,194976.834,223854.0,2,78735740.082714
2024-11-18,De Kastri,Pacific,93905.695,111131.0,1,42085433.611065
2024-11-18,Murmansk,Arctic,1193.423,1409.0,1,505915.87816
2024-11-18,Nakhodka,Pacific,100557.55,118303.0,1,45066575.51085
2024-11-18,Novorossiysk,Black sea,86981.544,99864.0,1,35839710.584435
2024-11-18,Primorsk,Baltic,99219.965,113915.0,1,42061327.5628
2024-11-18,Prirazlomnoye Field,Arctic,2952.04,3244.0,1,1251428.7968
2024-11-19,Murmansk,Arctic,143465.355111,165041.0,1,60447836.187824
2024-11-19,Nakhodka,Pacific,100647.65,118409.0,1,46499113.65235
2024-11-19,Ust Luga,Baltic,101090.002,116062.0,1,42593362.532682
2024-11-19,Yuri Korchagin,Caspian Sea,12858.573,14763.0,1,5417844.006393
2024-11-20,Nakhodka,Pacific,196684.9,231394.0,2,90884551.9618
2024-11-20,Novoportovskoye,Arctic,41174.0,48440.0,1,17521595.7
2024-11-20,Primorsk,Baltic,101697.96,116760.0,1,43277566.878
2024-11-20,Ust Luga,Baltic,101090.002,116062.0,1,43018850.3511
2024-11-21,Nakhodka,Pacific,103923.55,122263.0,2,48006548.61055
2024-11-21,Novoportovskoye,Arctic,64597.45,75997.0,1,28008937.5404
2024-11-21,Novorossiysk,Black sea,132858.005,165041.0,1,54877778.833365
2024-11-21,Primorsk,Baltic,203395.92,233520.0,2,86102361.210935
2024-11-21,Ust Luga,Baltic,209182.844,240164.0,2,90700007.695648
2024-11-21,Varandey,Arctic,69143.151,81633.0,1,29979917.128392
2024-11-22,De Kastri,Pacific,74196.07,87806.0,1,35279415.12823
2024-11-22,Murmansk,Arctic,294861.546,335448.0,2,130030108.585902
2024-11-22,Nakhodka,Pacific,186666.8,219608.0,2,88758010.0652
2024-11-22,Novorossiysk,Black sea,136687.39,169798.0,1,57077698.809066
2024-11-22,Primorsk,Baltic,101090.002,116062.0,1,44579376.711974
2024-11-23,Primorsk,Baltic,116859.457,134167.0,1,48797982.678849
2024-11-23,Ust Luga,Baltic,97843.785,112335.0,1,43060462.71579
2024-11-24,Nakhodka,Pacific,198826.9,233914.0,2,94540003.8541
2024-11-24,Novoportovskoye,Arctic,40800.0,48000.0,1,18138333.6
2024-11-24,Prirazlomnoye Field,Arctic,66218.88,72768.0,1,29438728.82496
2024-11-25,Nakhodka,Pacific,191982.7,225862.0,2,90815688.3907
2024-11-25,Primorsk,Baltic,101697.96,116760.0,1,43535777.99844
2024-11-25,Ust Luga,Baltic,99219.965,113915.0,1,42474975.596885
2024-11-26,Kaliningrad,Baltic,18914.688,22734.0,1,8125277.0976
2024-11-26,Novorossiysk,Black sea,95889.99,119118.0,2,39622980.421973
2024-11-26,Primorsk,Baltic,200880.472,230632.0,2,84639183.587628
2024-11-26,Prirazlomnoye Field,Arctic,57871.45,63595.0,1,24860128.13375
2024-11-26,Varandey,Arctic,69143.151,81633.0,1,28570841.632026
2024-11-27,De Kastri,Pacific,140636.73,166434.0,2,64712444.30547
2024-11-27,Murmansk,Arctic,150172.75,165025.0,1,62000284.873231
2024-11-27,Novoportovskoye,Arctic,39110.2,46012.0,1,16567471.822
2024-11-27,Prigorodnoye,Pacific,89017.389,111411.0,1,40960372.357071
2024-11-27,Primorsk,Baltic,101697.96,116760.0,1,41986994.917696
2024-11-27,Ust Luga,Baltic,114469.433,131423.0,1,48490396.51313
2024-11-28,Murmansk,Arctic,155359.6,182776.0,1,65967239.756
2024-11-28,Nakhodka,Pacific,104010.25,122365.0,1,47830673.61625
2024-11-28,Novoportovskoye,Arctic,32299.15,37999.0,1,13714542.0815
2024-11-28,Novorossiysk,Black sea,300976.663,345553.0,2,127797700.87643
2024-11-28,Primorsk,Baltic,99439.457,114167.0,1,42222987.83677
2024-11-29,Nakhodka,Pacific,200772.55,236203.0,2,92800887.28845
2024-11-29,Novorossiysk,Black sea,99271.795,123319.0,1,41881281.233575
2024-11-29,Primorsk,Baltic,199407.611,228941.0,2,83126825.445702
2024-11-29,Ust Luga,Baltic,101090.002,116062.0,1,42648355.49377
2024-11-30,Murmansk,Arctic,140654.132697,161807.0,1,59877308.213909
2024-11-30,Novoportovskoye,Arctic,41174.0,48440.0,1,17528018.844
2024-11-30,Novorossiysk,Black sea,182544.102,218616.0,2,76360614.710908
2024-11-30,Primorsk,Baltic,101650.926,116706.0,2,43273409.103756
2024-11-30,Ust Luga,Baltic,200309.967,229977.0,2,85273154.811702
2024-12-01,De Kastri,Pacific,45490.575,53835.0,1,21026608.085925
2024-12-01,Nakhodka,Pacific,102053.55,120063.0,1,47171089.82745
2024-12-01,Novoportovskoye,Arctic,32299.15,37999.0,1,13719548.44975
2024-12-01,Primorsk,Baltic,101090.002,116062.0,1,42939494.69953
2024-12-01,Varandey,Arctic,69143.151,81633.0,1,28462639.239933
2024-12-02,Nakhodka,Pacific,207938.05,244633.0,2,95411334.55225
2024-12-02,Prirazlomnoye Field,Arctic,11306.75,12425.0,1,4722976.46275
2024-12-03,Nakhodka,Pacific,95792.45,112697.0,1,43774467.4614
2024-12-03,Novorossiysk,Black sea,143966.719,165289.0,1,59545496.244458
2024-12-03,Primorsk,Baltic,97709.651,112181.0,1,40413296.191516
2024-12-03,Ust Luga,Baltic,199837.885,229435.0,2,86430085.100385
2024-12-04,Makhachkala Port,Caspian Sea,1069.67,1295.0,1,509854.99649
2024-12-04,Murmansk,Arctic,1373.44818,1580.0,1,588610.445814
2024-12-04,Nakhodka,Pacific,104010.25,122365.0,1,48798488.9925
2024-12-04,Novorossiysk,Black sea,86981.544,99864.0,1,37277158.422816
2024-12-04,Primorsk,Baltic,198799.653,228243.0,2,85198374.488292
2024-12-04,Prirazlomnoye Field,Arctic,66551.94,73134.0,1,28521765.61416
2024-12-04,Ust Luga,Baltic,99098.896,113776.0,1,42470219.265344
2024-12-04,Varandey,Arctic,69143.151,81633.0,1,29632265.365164
2024-12-05,De Kastri,Pacific,93905.695,111131.0,1,42921006.485175
2024-12-05,Nakhodka,Pacific,103468.8,121728.0,1,47291967.072
2024-12-05,Prigorodnoye,Pacific,95856.03,119970.0,2,43812436.35195
2024-12-05,Primorsk,Baltic,101090.002,116062.0,1,42664226.624084
2024-12-05,Yuri Korchagin,Caspian Sea,3184.376,3656.0,1,1343940.415792
2024-12-06,Murmansk,Arctic,144673.397217,170651.0,2,61234751.452862
2024-12-06,Nakhodka,Pacific,183549.85,215941.0,2,79517828.872273
2024-12-06,Novoportovskoye,Arctic,40800.0,48000.0,1,17269089.6
2024-12-06,Ust Luga,Baltic,207601.979,238349.0,2,87870028.835498
2024-12-07,Nakhodka,Pacific,100074.75,117735.0,1,45460556.3835
2024-12-07,Primorsk,Baltic,107556.306,123486.0,1,45450821.120562
2024-12-07,Ust Luga,Baltic,104041.821,119451.0,1,43965680.592717
2024-12-08,De Kastri,Pacific,93905.695,111131.0,1,42658164.44487
2024-12-08,Murmansk,Arctic,145615.2,171312.0,1,62305831.776
2024-12-08,Nakhodka,Pacific,196684.9,231394.0,2,89347262.7834
2024-12-08,Primorsk,Baltic,298133.719,342289.0,3,127565455.68572
2024-12-09,De Kastri,Pacific,46953.27,55566.0,1,21223535.38578
2024-12-09,Murmansk,Arctic,155091.3,170430.0,1,65704584.3363
2024-12-09,Nakhodka,Pacific,193161.65,227249.0,2,87311770.0631
2024-12-09,Novoportovskoye,Arctic,32299.15,37999.0,1,13683567.19665
2024-12-09,Novorossiysk,Black sea,268825.363,320971.0,2,112285122.446389
2024-12-09,Ust Luga,Baltic,143730.678,165018.0,1,59132853.075733
2024-12-10,Nakhodka,Pacific,99057.3,116538.0,1,45181520.3895
2024-12-10,Novoportovskoye,Arctic,8998.95,10587.0,1,3790906.67595
2024-12-10,Prirazlomnoye Field,Arctic,66050.53,72583.0,1,27824512.31833
2024-12-10,Ust Luga,Baltic,100071.803,114893.0,1,42156347.803583
2024-12-10,Yuri Korchagin,Caspian Sea,12834.185,14735.0,1,5406541.607285
2024-12-11,Nakhodka,Pacific,198799.7,233882.0,2,92013447.1465
2024-12-11,Novoportovskoye,Arctic,13806.55,16243.0,1,5876205.7455
2024-12-11,Ust Luga,Baltic,99175.544,113864.0,1,41039118.434501
2024-12-11,Varandey,Arctic,34571.152,40816.0,1,14305639.718449
2024-12-12,Nakhodka,Pacific,200667.15,236079.0,2,94377773.988
2024-12-12,Novoportovskoye,Arctic,64597.45,75997.0,1,27409473.2044
2024-12-12,Ust Luga,Baltic,109885.36,126160.0,1,45540218.738215
2024-12-13,De Kastri,Pacific,46952.425,55565.0,1,21948333.638075
2024-12-13,Murmansk,Arctic,3682.231956,4236.0,1,1594207.596422
2024-12-13,Nakhodka,Pacific,104010.25,122365.0,1,48620527.45475
2024-12-13,Primorsk,Baltic,98498.777,113087.0,1,40716443.446845
2024-12-13,Prirazlomnoye Field,Arctic,69170.92,76012.0,2,29947273.13032
2024-12-13,Ust Luga,Baltic,97349.928,111768.0,1,42147261.927888
2024-12-14,Murmansk,Arctic,5152.169217,5927.0,1,2181304.794417
2024-12-14,Nakhodka,Pacific,200118.9,235434.0,2,93547380.8751
2024-12-14,Novorossiysk,Black sea,148712.798,170738.0,1,62961429.566048
2024-12-14,Ust Luga,Baltic,98048.47,112570.0,1,41511369.03472
2024-12-15,Murmansk,Arctic,144581.206,170698.0,1,61524652.657622
2024-12-15,Nakhodka,Pacific,100647.65,118409.0,1,47048649.82135
2024-12-15,Prigorodnoye,Pacific,89012.595,111405.0,1,41609738.646105
2024-12-15,Ust Luga,Baltic,99121.542,113802.0,1,42179883.618054
2024-12-16,Murmansk,Arctic,3793.498644,4364.0,1,1598504.458609
2024-12-16,Nakhodka,Pacific,104010.25,122365.0,1,49280368.48075
2024-12-16,Novoportovskoye,Arctic,60056.75,70655.0,2,25306713.315
2024-12-16,Primorsk,Baltic,311129.039,357209.0,3,130369047.253461
2024-12-16,Prirazlomnoye Field,Arctic,2748.2,3020.0,1,1158036.516
2024-12-16,Ust Luga,Baltic,144202.76,165560.0,2,59726085.694527
2024-12-17,De Kastri,Pacific,74196.07,87806.0,1,35142300.79087
2024-12-17,Nakhodka,Pacific,104010.25,122365.0,1,49263518.82025
2024-12-18,Kaliningrad,Baltic,18914.688,22734.0,1,8121494.16
2024-12-18,Primorsk,Baltic,105421.485,121035.0,1,45265350.121875
2024-12-18,Ust Luga,Baltic,141969.516,162996.0,1,58808952.478791
2024-12-19,Nakhodka,Pacific,95792.45,112697.0,1,45235493.9088
2024-12-19,Novoportovskoye,Arctic,64597.45,75997.0,1,27741891.6821
2024-12-19,Ust Luga,Baltic,86598.304,99424.0,1,36220718.154631
2024-12-20,Nakhodka,Pacific,199701.55,234943.0,2,93555383.3378
2024-12-20,Novorossiysk,Black sea,83486.304,99864.0,1,35634960.054144
2024-12-20,Primorsk,Baltic,185025.659,212429.0,2,78124051.285538
2024-12-20,Ust Luga,Baltic,101090.002,116062.0,1,42302381.88894
2024-12-20,Varandey,Arctic,69143.151,81633.0,1,29512786.000236
2024-12-21,De Kastri,Pacific,90981.995,107671.0,1,42622881.08962
2024-12-21,Nakhodka,Pacific,206063.8,242428.0,2,96535944.7688
2024-12-21,Novoportovskoye,Arctic,40834.85,48041.0,1,17592674.25125
2024-12-21,Primorsk,Baltic,202026.708,231948.0,2,87038156.4741
2024-12-21,Prirazlomnoye Field,Arctic,66050.53,72583.0,1,28456219.58725
2024-12-22,Murmansk,Arctic,436257.031,502129.0,4,185104294.510331
2024-12-22,Nakhodka,Pacific,204026.35,240031.0,2,95581448.3426
2024-12-22,Primorsk,Baltic,98640.75,113250.0,1,41853368.86575
2024-12-22,Yuri Korchagin,Caspian Sea,6049.966,6946.0,1,2567006.623766
2024-12-23,Nakhodka,Pacific,96610.15,113659.0,1,45697760.2718
2024-12-23,Novoportovskoye,Arctic,41174.0,48440.0,1,17353811.65
2024-12-23,Prigorodnoye,Pacific,89017.389,111411.0,1,42106293.205668
2024-12-23,Primorsk,Baltic,97724.458,112198.0,1,41188415.93555
2024-12-24,Murmansk,Arctic,5152.169217,5927.0,1,2230523.466947
2024-12-24,Nakhodka,Pacific,100074.75,117735.0,1,47229777.88875
2024-12-24,Primorsk,Baltic,298910.651,343181.0,3,129407089.226779
2024-12-25,De Kastri,Pacific,93905.695,111131.0,1,44756862.822425
2024-12-25,Nakhodka,Pacific,89088.5,104810.0,1,37262270.740532
2024-12-25,Novorossiysk,Black sea,143779.454,165074.0,1,62024587.322698
2024-12-25,Primorsk,Baltic,143501.605,164755.0,1,60021166.11247
2024-12-25,Prirazlomnoye Field,Arctic,2952.04,3244.0,1,1273471.67948
2024-12-25,Varandey,Arctic,34571.999,40817.0,1,14460128.824477
2024-12-26,Murmansk,Arctic,151744.32,166752.0,1,63900291.8736
2024-12-26,Novoportovskoye,Arctic,64597.45,75997.0,1,27202309.18225
2024-12-26,Primorsk,Baltic,101697.96,116760.0,1,42536319.718928
2024-12-26,Ust Luga,Baltic,97228.859,111629.0,1,40667067.779242
2024-12-27,Nakhodka,Pacific,95791.6,112696.0,1,46704727.2456
2024-12-27,Novoportovskoye,Arctic,20543.65,24169.0,1,8538454.53125
2024-12-27,Novorossiysk,Black sea,83486.304,99864.0,1,34698995.1
2024-12-27,Primorsk,Baltic,92988.831,106761.0,1,38648482.884375
2024-12-27,Prirazlomnoye Field,Arctic,68783.26,75586.0,1,28588042.4375
2024-12-27,Ust Luga,Baltic,101090.002,116062.0,1,42015532.08125
2024-12-28,Nakhodka,Pacific,203998.3,239998.0,2,99462635.1378
2024-12-28,Novoportovskoye,Arctic,39513.1,46486.0,1,16899120.6604
2024-12-28,Primorsk,Baltic,215143.968,247008.0,2,90892309.709071
2024-12-29,Nakhodka,Pacific,207839.45,244517.0,2,101335449.2787
2024-12-29,Primorsk,Baltic,102766.677,117987.0,1,43532067.143877
2024-12-29,Ust Luga,Baltic,101028.161,115991.0,1,42795630.027761
2024-12-30,De Kastri,Pacific,93905.695,111131.0,1,45745783.69647
2024-12-30,Murmansk,Arctic,145637.3,171338.0,1,62136154.045
2024-12-30,Nakhodka,Pacific,97659.05,114893.0,1,47574215.5713
2024-12-30,Novoportovskoye,Arctic,32298.3,37998.0,1,13780069.695
2024-12-30,Novorossiysk,Black sea,149055.101,171131.0,1,63594358.84165
2024-12-30,Varandey,Arctic,69143.151,81633.0,1,28784220.188833
2024-12-30,Yuri Korchagin,Caspian Sea,12418.718,14258.0,1,5298446.0347
2024-12-31,Nakhodka,Pacific,104010.25,122365.0,1,50936419.68125
2024-12-31,Novorossiysk,Black sea,137776.555,171151.0,1,58216381.10281
2024-12-31,Primorsk,Baltic,200794.243,230533.0,3,84844001.025706
2024-12-31,Prirazlomnoye Field,Arctic,183.82,202.0,1,77671.67044
2024-12-31,Ust Luga,Baltic,106089.542,121802.0,1,44827287.255764
2025-01-01,De Kastri,Pacific,95145.31,112598.0,1,46595036.93975
2025-01-01,Nakhodka,Pacific,94104.35,110711.0,1,46085252.80375
2025-01-01,Prigorodnoye,Pacific,89012.595,111405.0,1,43591693.086375
2025-01-01,Primorsk,Baltic,101697.96,116760.0,1,42646531.0362
2025-01-01,Yuri Korchagin,Caspian Sea,12858.573,14763.0,1,5392178.294685
2025-01-02,Murmansk,Arctic,2300.960337,2647.0,1,1029829.313229
2025-01-02,Nakhodka,Pacific,98533.7,115922.0,1,48572285.9487
2025-01-02,Primorsk,Baltic,207414.714,238134.0,2,92831566.47141
2025-01-02,Yuri Korchagin,Caspian Sea,12834.185,14735.0,1,5744132.009525
2025-01-03,Nakhodka,Pacific,203067.55,238903.0,2,100316181.9702
2025-01-03,Novoportovskoye,Arctic,41118.75,48375.0,1,18796984.25625
2025-01-03,Primorsk,Baltic,97709.651,112181.0,1,41249108.609109
2025-01-03,Prirazlomnoye Field,Arctic,66551.94,73134.0,1,30423487.29966
2025-01-04,De Kastri,Pacific,93905.695,111131.0,1,46389788.95278
2025-01-04,Murmansk,Arctic,135647.897,160151.0,1,61297521.231639
2025-01-04,Nakhodka,Pacific,104010.25,122365.0,1,51381479.541
2025-01-04,Novoportovskoye,Arctic,39110.2,46012.0,1,17673390.9474
2025-01-04,Primorsk,Baltic,173351.646,199026.0,2,78335355.256002
2025-01-04,Ust Luga,Baltic,108428.177,124487.0,1,48997283.619999
2025-01-04,Varandey,Arctic,69143.151,81633.0,1,31244891.075937
2025-01-04,Yuri Korchagin,Caspian Sea,6209.359,7129.0,1,2805928.610433
2025-01-05,Murmansk,Arctic,2008.01601,2310.0,1,914777.797564
2025-01-05,Nakhodka,Pacific,104010.25,122365.0,1,51381479.541
2025-01-05,Novorossiysk,Black sea,144072.11,165410.0,1,65633922.64793
2025-01-05,Ust Luga,Baltic,99180.77,113870.0,1,45183089.12351
2025-01-06,Nakhodka,Pacific,102053.55,120063.0,1,49800805.70385
2025-01-06,Novoportovskoye,Arctic,41174.0,48440.0,1,18526323.648
2025-01-06,Novorossiysk,Black sea,134430.17,166994.0,1,60487123.85184
2025-01-06,Primorsk,Baltic,202787.962,232822.0,2,87895493.532739
2025-01-07,Murmansk,Arctic,154654.5,169950.0,1,70556785.299
2025-01-07,Nakhodka,Pacific,94104.35,110711.0,1,39367780.989713
2025-01-07,Novorossiysk,Black sea,222600.699,268335.0,2,101555336.099178
2025-01-07,Yuri Korchagin,Caspian Sea,12858.573,14763.0,1,5866363.891206
2025-01-08,De Kastri,Pacific,74196.07,87806.0,1,38361742.46424
2025-01-08,Nakhodka,Pacific,199261.25,234425.0,2,103024442.61
2025-01-08,Novoportovskoye,Arctic,64597.45,75997.0,1,29452755.14535
2025-01-08,Novorossiysk,Black sea,239851.744,286904.0,2,109358723.714592
2025-01-08,Primorsk,Baltic,99180.77,113870.0,1,45220777.81611
2025-01-09,Murmansk,Arctic,144947.957,171131.0,1,68207435.385705
2025-01-09,Primorsk,Baltic,195689.312,224672.0,2,92084541.10128
2025-01-09,Prirazlomnoye Field,Arctic,66551.94,73134.0,1,31317013.6461
2025-01-09,Varandey,Arctic,69143.151,81633.0,1,29172478.957028
2025-01-10,Novoportovskoye,Arctic,40800.0,48000.0,1,19092972.0
2025-01-10,Primorsk,Baltic,199600.973,229163.0,2,93406269.329945
2025-01-10,Ust Luga,Baltic,99011.796,113676.0,1,46334055.11514
2025-01-11,De Kastri,Pacific,93905.695,111131.0,1,48407916.244025
2025-01-11,Murmansk,Arctic,5152.169217,5927.0,1,2375613.704267
2025-01-11,Prigorodnoye,Pacific,89017.389,111411.0,1,45888018.942555
2025-01-11,Primorsk,Baltic,101090.002,116062.0,1,46611589.02218
2025-01-12,Nakhodka,Pacific,203082.85,238921.0,2,104688193.76075
2025-01-12,Novoportovskoye,Arctic,39513.1,46486.0,1,18914407.2997
2025-01-12,Novorossiysk,Black sea,149235.398,171338.0,1,62970647.954361
2025-01-12,Primorsk,Baltic,101697.96,116760.0,1,48681491.37852
2025-01-12,Ust Luga,Baltic,107282.812,123172.0,1,51354887.427844
2025-01-12,Yuri Korchagin,Caspian Sea,12418.718,14258.0,1,5944678.863266
2025-01-13,Nakhodka,Pacific,208726.85,245561.0,2,108716214.7299
2025-01-13,Primorsk,Baltic,101090.002,116062.0,1,50460489.758328
2025-01-13,Yuri Korchagin,Caspian Sea,6972.355,8005.0,1,3480348.61122
2025-01-14,Novorossiysk,Black sea,86981.544,99864.0,1,42621391.46772
2025-01-14,Primorsk,Baltic,299833.04,344240.0,5,146919688.7652
2025-01-14,Prirazlomnoye Field,Arctic,66050.53,72583.0,1,32365089.95265
2025-01-14,Varandey,Arctic,69143.151,81633.0,1,29343328.028519
2025-01-15,Nakhodka,Pacific,200764.05,236193.0,2,107417399.60415
2025-01-15,Novoportovskoye,Arctic,64597.45,75997.0,1,32466872.16235
2025-01-15,Novorossiysk,Black sea,140794.537,161647.0,1,59432054.453356
2025-01-15,Primorsk,Baltic,101090.002,116062.0,1,42672014.352047
2025-01-16,Nakhodka,Pacific,101167.85,119021.0,1,55190198.37835
2025-01-16,Primorsk,Baltic,99790.47,114570.0,1,49117468.07682
2025-01-16,Ust Luga,Baltic,203706.867,233877.0,3,92969491.333481
2025-01-17,Novoportovskoye,Arctic,41118.75,48375.0,1,20476479.6
2025-01-17,Novorossiysk,Black sea,132858.005,165041.0,1,56092785.006797
2025-01-17,Primorsk,Baltic,198632.421,228051.0,2,98915767.539264
2025-01-17,Prirazlomnoye Field,Arctic,2952.04,3244.0,1,1470068.68736
2025-01-17,Ust Luga,Baltic,99316.646,114026.0,1,49458100.641664
2025-01-18,De Kastri,Pacific,90981.995,107671.0,1,49296865.332845
2025-01-18,Novorossiysk,Black sea,146362.84,168040.0,1,71644902.90568
2025-01-18,Primorsk,Baltic,97209.697,111607.0,1,47584341.100894
2025-01-19,Murmansk,Arctic,148159.418511,170441.0,1,74185643.239735
2025-01-19,Nakhodka,Pacific,104010.25,122365.0,1,56355977.76775
2025-01-19,Primorsk,Baltic,309900.058,355798.0,3,147234628.979328
2025-01-19,Yuri Korchagin,Caspian Sea,12418.718,14258.0,2,6218238.38337
2025-01-20,De Kastri,Pacific,93905.695,111131.0,1,50126014.839745
2025-01-20,Nakhodka,Pacific,103468.8,121728.0,1,55230714.2208
2025-01-20,Novorossiysk,Black sea,147327.908,169148.0,1,72313251.739456
2025-01-20,Ust Luga,Baltic,102547.185,117735.0,1,50333439.90792
2025-01-20,Varandey,Arctic,69143.151,81633.0,1,33937671.091632
2025-01-21,Kaliningrad,Baltic,2179.84,2620.0,1,915087.884271
2025-01-21,Nakhodka,Pacific,101533.35,119451.0,1,53890754.64615
2025-01-21,Prigorodnoye,Pacific,89012.595,111405.0,1,37367122.005281
2025-01-21,Primorsk,Baltic,199709.848,229288.0,2,89787317.30926
2025-01-21,Ust Luga,Baltic,104041.821,119451.0,1,49953391.433088
2025-01-22,Nakhodka,Pacific,197551.05,232413.0,2,103003512.5721
2025-01-22,Yuri Korchagin,Caspian Sea,12418.718,14258.0,1,5719390.900028
2025-01-23,Murmansk,Arctic,135138.95,158987.0,1,61410382.2148
2025-01-23,Nakhodka,Pacific,196070.35,230671.0,2,102218531.9876
2025-01-23,Novorossiysk,Black sea,232435.423,270768.0,2,105624234.661352
2025-01-23,Primorsk,Baltic,199857.047,229457.0,2,87105368.545492
2025-01-23,Prirazlomnoye Field,Arctic,66218.88,72768.0,1,30091448.32512
2025-01-24,Kaliningrad,Baltic,2179.84,2620.0,1,905038.69532
2025-01-24,Murmansk,Arctic,3833.48511,4410.0,1,1722706.872672
2025-01-24,Nakhodka,Pacific,100647.65,118409.0,1,52047013.41565
2025-01-24,Novoportovskoye,Arctic,32299.15,37999.0,1,14514721.2236
2025-01-24,Primorsk,Baltic,100089.223,114913.0,1,44978495.388632
2025-01-25,De Kastri,Pacific,95145.31,112598.0,1,49201637.85251
2025-01-25,Murmansk,Arctic,107582.02,118222.0,1,48735730.8802
2025-01-25,Nakhodka,Pacific,104010.25,122365.0,1,53785884.49025
2025-01-25,Primorsk,Baltic,101090.002,116062.0,1,41971137.110971
2025-01-25,Varandey,Arctic,69143.151,81633.0,1,28707257.033248
2025-01-26,Nakhodka,Pacific,190866.65,224549.0,2,98701152.91465
2025-01-26,Novorossiysk,Black sea,237247.319,288352.0,2,101344631.71106
2025-01-27,Nakhodka,Pacific,199942.95,235227.0,2,101944512.0306
2025-01-27,Primorsk,Baltic,385056.906,442086.0,4,160196898.481995
2025-01-27,Ust Luga,Baltic,148905.289,170959.0,1,61482839.506173
2025-01-28,De Kastri,Pacific,93905.695,111131.0,1,48249685.14795
2025-01-28,Murmansk,Arctic,96289.7,113282.0,1,43105528.5505
2025-01-28,Prirazlomnoye Field,Arctic,66050.53,72583.0,1,29568510.51245
2025-01-29,Nakhodka,Pacific,204386.75,240455.0,2,105126120.47575
2025-01-29,Novorossiysk,Black sea,136862.843,157133.0,1,57238922.578918
2025-01-29,Primorsk,Baltic,223231.203,256293.0,2,96195139.506366
2025-01-29,Ust Luga,Baltic,105708.915,121365.0,2,46684862.38494
2025-01-29,Yuri Korchagin,Caspian Sea,6972.355,8005.0,1,3079242.97278
2025-01-30,Murmansk,Arctic,106675.66,117226.0,1,48076799.80012
2025-01-30,Nakhodka,Pacific,95399.75,112235.0,1,39871337.28147
2025-01-30,Novoportovskoye,Arctic,20543.65,24169.0,1,9258653.2693
2025-01-30,Primorsk,Baltic,102523.668,117708.0,1,46205571.741576
2025-01-31,De Kastri,Pacific,90981.995,107671.0,1,46568952.17676
2025-01-31,Murmansk,Arctic,141875.888,167504.0,2,59449189.85534
2025-01-31,Nakhodka,Pacific,200652.7,236062.0,2,102703683.1896
2025-01-31,Novoportovskoye,Arctic,32299.15,37999.0,1,14325803.49525
2025-01-31,Novorossiysk,Black sea,132839.49,165018.0,2,58918963.19715
2025-01-31,Prigorodnoye,Pacific,89017.389,111411.0,1,37239692.686131
2025-01-31,Primorsk,Baltic,111534.163,128053.0,1,49469304.986205
2025-01-31,Prirazlomnoye Field,Arctic,2952.04,3244.0,1,1309333.0614
2025-01-31,Ust Luga,Baltic,104041.821,119451.0,1,43525040.265396
2025-01-31,Yuri Korchagin,Caspian Sea,12858.573,14763.0,1,5703227.175555
2025-02-01,Nakhodka,Pacific,95972.65,112909.0,1,49123408.9572
2025-02-01,Primorsk,Baltic,342412.746,393126.0,3,149179785.963943
2025-02-01,Yuri Korchagin,Caspian Sea,12418.718,14258.0,1,5558680.27039
2025-02-02,Nakhodka,Pacific,90598.95,106587.0,1,46372891.3596
2025-02-02,Novoportovskoye,Arctic,41118.75,48375.0,1,18047595.0375
2025-02-02,Primorsk,Baltic,58283.836,66916.0,1,24382563.51474
2025-02-03,Kaliningrad,Baltic,2179.84,2620.0,1,922480.554545
2025-02-03,Nakhodka,Pacific,96112.05,113073.0,2,49073082.7131
2025-02-03,Novoportovskoye,Arctic,41174.0,48440.0,1,18402719.3
2025-02-03,Novorossiysk,Black sea,359400.021,429579.0,3,157367984.878127
2025-02-04,De Kastri,Pacific,74196.07,87806.0,1,37139362.21099
2025-02-04,Novoportovskoye,Arctic,64597.45,75997.0,1,29110776.24505
2025-02-04,Primorsk,Baltic,97659.133,112123.0,1,41084172.819251
2025-02-04,Ust Luga,Baltic,108801.836,124916.0,1,45771791.085589
2025-02-04,Varandey,Arctic,69143.151,81633.0,1,29087798.321449
2025-02-05,Primorsk,Baltic,206702.236,237316.0,2,87903926.618021
2025-02-05,Prirazlomnoye Field,Arctic,66041.43,72573.0,1,28643555.06103
2025-02-05,Ust Luga,Baltic,101121.358,116098.0,1,43858456.513118
2025-02-06,Nakhodka,Pacific,94104.35,110711.0,1,47017262.28615
2025-02-07,Novoportovskoye,Arctic,39513.1,46486.0,1,17231860.4755
2025-02-07,Novorossiysk,Black sea,277621.287,331605.0,4,118732190.122179
2025-02-07,Prigorodnoye,Pacific,90956.562,113838.0,1,38109599.406715
2025-02-07,Primorsk,Baltic,101697.96,116760.0,1,42610103.447842
2025-02-07,Prirazlomnoye Field,Arctic,2740.92,3012.0,1,1195328.9166
2025-02-08,De Kastri,Pacific,81073.525,95945.0,1,40491280.252475
2025-02-08,Kaliningrad,Baltic,5837.312,7016.0,1,2445756.711121
2025-02-08,Primorsk,Baltic,116103.429,133299.0,1,51018400.978038
2025-02-08,Ust Luga,Baltic,76313.536,87616.0,1,31974364.711255
2025-02-09,Nakhodka,Pacific,103468.8,121728.0,1,51676354.0032
2025-02-09,Primorsk,Baltic,198799.653,228243.0,2,87270463.271511
2025-02-09,Ust Luga,Baltic,106199.288,121928.0,1,44496100.489796
2025-02-10,Kaliningrad,Baltic,6537.856,7858.0,1,2754405.12302
2025-02-10,Murmansk,Arctic,143465.355111,165041.0,1,64786371.991736
2025-02-10,Nakhodka,Pacific,303142.3,356638.0,3,153323009.3517
2025-02-10,Ust Luga,Baltic,108004.0,124000.0,1,48772662.328
2025-02-10,Yuri Korchagin,Caspian Sea,12858.573,14763.0,1,5806700.112486
2025-02-11,Nakhodka,Pacific,95995.6,112936.0,1,48533743.4348
2025-02-11,Novorossiysk,Black sea,140794.537,161647.0,1,59293893.923825
2025-02-11,Ust Luga,Baltic,102302.434,117454.0,1,47417382.763868
2025-02-11,Varandey,Arctic,69143.151,81633.0,1,32047988.774802
2025-02-12,De Kastri,Pacific,74196.07,87806.0,1,38102798.17994
2025-02-12,Murmansk,Arctic,150187.31,165041.0,1,67154903.98071
2025-02-12,Nakhodka,Pacific,94929.7,111682.0,1,48750387.9974
2025-02-12,Novoportovskoye,Arctic,52842.8,62168.0,2,23628182.4348
2025-02-12,Novorossiysk,Black sea,149072.521,171151.0,1,66656436.112461
2025-02-12,Primorsk,Baltic,218563.514,250934.0,2,97728708.213474
2025-02-13,Nakhodka,Pacific,94104.35,110711.0,1,46835546.7863
2025-02-13,Novorossiysk,Black sea,83070.812,99367.0,1,34762025.358832
2025-02-13,Primorsk,Baltic,101090.002,116062.0,1,44779838.18594
2025-02-13,Ust Luga,Baltic,107556.306,123486.0,1,47644216.86882
2025-02-13,Yuri Korchagin,Caspian Sea,12418.718,14258.0,1,5501119.51246
2025-02-14,Murmansk,Arctic,235012.103003,273880.0,2,101814293.38399
2025-02-14,Nakhodka,Pacific,103829.2,122152.0,1,51500113.8336
2025-02-14,Primorsk,Baltic,97709.651,112181.0,1,40544433.056425
2025-02-14,Prirazlomnoye Field,Arctic,66551.94,73134.0,1,28832296.9662
2025-02-14,Ust Luga,Baltic,101089.131,116061.0,1,41946741.827597
2025-02-15,De Kastri,Pacific,93905.695,111131.0,1,38965988.779804
2025-02-15,Murmansk,Arctic,3192.844703,3754.0,2,1399296.119537
2025-02-15,Nakhodka,Pacific,192183.3,226098.0,2,95324454.2664
2025-02-15,Ust Luga,Baltic,99152.898,113838.0,1,43454749.07748
2025-02-16,Nakhodka,Pacific,196847.25,231585.0,2,97637810.778
2025-02-16,Novoportovskoye,Arctic,40836.55,48043.0,1,17795915.1052
2025-02-16,Primorsk,Baltic,195584.792,224552.0,2,85232722.996928
2025-02-16,Prirazlomnoye Field,Arctic,66551.94,73134.0,1,29002270.62096
2025-02-16,Ust Luga,Baltic,149137.846,171226.0,1,64991887.081264
2025-02-17,Prigorodnoye,Pacific,97239.898,121702.0,1,48288458.187718
2025-02-17,Primorsk,Baltic,106526.784,122304.0,1,44224188.908124
2025-02-18,Murmansk,Arctic,1793.946,2118.0,1,794310.852258
2025-02-18,Nakhodka,Pacific,195029.95,229447.0,3,97835214.1779
2025-02-18,Novoportovskoye,Arctic,41174.0,48440.0,1,18230735.502
2025-02-18,Primorsk,Baltic,203824.452,234012.0,2,87611130.58207
2025-02-18,Ust Luga,Baltic,92837.277,106587.0,1,38636961.307802
2025-02-18,Varandey,Arctic,69143.151,81633.0,1,28775954.403386
2025-02-19,De Kastri,Pacific,90981.995,107671.0,1,46139517.16036
2025-02-19,Novorossiysk,Black sea,143216.832,171312.0,1,62863882.671744
2025-02-19,Primorsk,Baltic,101697.96,116760.0,1,42377328.299622
2025-02-20,Murmansk,Arctic,142742.369,168527.0,1,63434851.525969
2025-02-20,Nakhodka,Pacific,194609.2,228952.0,2,98660831.5148
2025-02-20,Novoportovskoye,Arctic,64597.45,75997.0,1,28707171.37745
2025-02-20,Novorossiysk,Black sea,98983.605,122961.0,1,43988413.045605
2025-02-20,Primorsk,Baltic,107932.578,123918.0,1,44936519.990507
2025-02-20,Ust Luga,Baltic,103038.429,118299.0,1,42898895.869503
2025-02-20,Yuri Korchagin,Caspian Sea,25277.291,29021.0,2,11233253.397691
2025-02-21,Nakhodka,Pacific,100557.55,118303.0,2,51074285.77805
2025-02-21,Novoportovskoye,Arctic,39513.1,46486.0,1,16900227.0272
2025-02-21,Primorsk,Baltic,200211.544,229864.0,2,85632879.907328
2025-02-21,Ust Luga,Baltic,134598.243,154533.0,2,55920664.326222
2025-02-22,De Kastri,Pacific,69740.385,82533.0,1,35421908.685735
2025-02-22,Nakhodka,Pacific,199261.25,234425.0,2,101206980.74875
2025-02-22,Ust Luga,Baltic,105552.135,121185.0,1,45380873.81763
2025-02-23,Nakhodka,Pacific,199768.7,235022.0,2,92248269.072691
2025-02-23,Novoportovskoye,Arctic,40800.0,48000.0,1,17461012.8
2025-02-23,Primorsk,Baltic,206852.919,237489.0,2,88526016.332754
2025-02-24,Nakhodka,Pacific,193161.65,227249.0,2,98099461.8923
2025-02-24,Novorossiysk,Black sea,140203.999,160969.0,1,58982420.33931
2025-02-24,Primorsk,Baltic,76955.463,88353.0,1,31969135.253699
2025-02-24,Ust Luga,Baltic,101090.002,116062.0,1,42527552.94138
2025-02-25,Murmansk,Arctic,237768.516,280158.0,2,98119220.192172
2025-02-25,Nakhodka,Pacific,203626.0,239560.0,2,93044233.669294
2025-02-25,Novoportovskoye,Arctic,64597.45,75997.0,1,26657235.89915
2025-02-25,Novorossiysk,Black sea,282575.499,331304.0,2,116609583.445833
2025-02-25,Primorsk,Baltic,106925.702,122762.0,1,44124708.667234
2025-02-25,Ust Luga,Baltic,151696.844,174164.0,1,62600281.522948
2025-02-25,Varandey,Arctic,69143.151,81633.0,1,28533096.693717
2025-02-26,De Kastri,Pacific,74196.07,87806.0,1,36073016.29295
2025-02-26,Novorossiysk,Black sea,111242.145,138189.0,1,46120101.077525
2025-02-26,Primorsk,Baltic,140937.381,161811.0,1,58431507.746651
2025-02-26,St Petersburg,Baltic,1630.524,1974.0,1,793028.174736
2025-02-26,Ust Luga,Baltic,99055.346,113726.0,1,41067551.95874
2025-02-27,Murmansk,Arctic,1785.476,2108.0,1,764040.88992
2025-02-27,Novorossiysk,Black sea,243597.811,284476.0,2,101090094.243706
2025-02-27,Primorsk,Baltic,100321.78,115180.0,1,42929696.0976
2025-02-27,Ust Luga,Baltic,187654.337,215447.0,2,80301043.88904
2025-02-28,Nakhodka,Pacific,200613.6,236016.0,3,91563972.83757
2025-02-28,Novoportovskoye,Arctic,40836.55,48043.0,1,17359780.7512
2025-02-28,Prigorodnoye,Pacific,89012.595,111405.0,1,37173305.408577
2025-02-28,Primorsk,Baltic,241759.986,277566.0,2,101710422.687282
2025-02-28,Ust Luga,Baltic,48334.403,55493.0,1,20547148.052912
2025-03-01,Murmansk,Arctic,92440.9,108754.0,1,39685802.779
2025-03-01,Nakhodka,Pacific,191719.2,225552.0,2,94438577.2896
2025-03-01,Novoportovskoye,Arctic,41174.0,48440.0,1,17676409.94
2025-03-01,Novorossiysk,Black sea,76790.56,95392.0,1,32966955.3136
2025-03-02,Murmansk,Arctic,1784.629,2107.0,1,758867.081896
2025-03-02,Nakhodka,Pacific,204657.9,240774.0,2,100812025.6452
2025-03-02,Novorossiysk,Black sea,227558.414,265274.0,2,96763299.034736
2025-03-02,Primorsk,Baltic,98640.75,113250.0,1,41944414.278
2025-03-02,Prirazlomnoye Field,Arctic,66218.88,72768.0,1,28157857.02912
2025-03-02,Ust Luga,Baltic,96934.461,111291.0,1,41218859.244264
2025-03-02,Yuri Korchagin,Caspian Sea,6209.359,7129.0,1,2640368.471416
2025-03-03,De Kastri,Pacific,95145.31,112598.0,1,39529408.587632
2025-03-03,Nakhodka,Pacific,95421.0,112260.0,1,46139584.077
2025-03-03,Primorsk,Baltic,106235.87,121970.0,1,43903248.10794
2025-03-03,Yuri Korchagin,Caspian Sea,12418.718,14258.0,1,5132184.238116
2025-03-04,Nakhodka,Pacific,200945.1,236406.0,2,93517639.1439
2025-03-04,Novoportovskoye,Arctic,39513.1,46486.0,1,15828552.729
2025-03-04,Novorossiysk,Black sea,135619.155,168471.0,1,54327677.30145
2025-03-04,Ust Luga,Baltic,101090.002,116062.0,2,40495643.90118
2025-03-05,Murmansk,Arctic,104047.174,122842.0,1,39907189.540526
2025-03-05,Nakhodka,Pacific,202920.5,238730.0,2,92979593.5435
2025-03-05,Primorsk,Baltic,97724.458,112198.0,1,37482118.141442
2025-03-05,Ust Luga,Baltic,194766.923,223613.0,2,74702658.549727
2025-03-05,Varandey,Arctic,69143.151,81633.0,1,26519786.422899
2025-03-06,Nakhodka,Pacific,90598.95,106587.0,1,40561421.71185
2025-03-06,Primorsk,Baltic,205407.059,235829.0,2,79846859.009775
2025-03-06,Prirazlomnoye Field,Arctic,66050.53,72583.0,1,25675492.27425
2025-03-06,St Petersburg,Baltic,2886.044,3494.0,1,1386013.972868
2025-03-07,Murmansk,Arctic,150834.607,178081.0,1,57743258.424775
2025-03-07,Nakhodka,Pacific,104010.25,122365.0,1,46283313.127
2025-03-07,Novorossiysk,Black sea,230480.536,264616.0,2,88233711.1942
2025-03-07,Primorsk,Baltic,101028.161,115991.0,1,38676105.734825
2025-03-07,Ust Luga,Baltic,209161.069,240139.0,2,80072086.239925
2025-03-08,De Kastri,Pacific,93905.695,111131.0,1,41786907.40666
2025-03-08,Murmansk,Arctic,150047.17,164887.0,1,56619249.26931
2025-03-08,Nakhodka,Pacific,202526.1,238266.0,2,90121684.1868
2025-03-08,Novoportovskoye,Arctic,105684.75,124335.0,2,39879400.61925
2025-03-08,Prigorodnoye,Pacific,97239.898,121702.0,1,43270587.731224
2025-03-08,Primorsk,Baltic,200173.22,229820.0,2,75533963.35446
2025-03-09,Nakhodka,Pacific,95995.6,112936.0,1,42716890.0528
2025-03-09,Novorossiysk,Black sea,83486.304,99864.0,1,31571013.748032
2025-03-09,Primorsk,Baltic,100161.516,114996.0,1,37876878.567528
2025-03-09,Yuri Korchagin,Caspian Sea,12418.718,14258.0,1,4696237.561444
2025-03-10,Nakhodka,Pacific,100551.6,118296.0,1,45062501.1948
2025-03-10,Novoportovskoye,Arctic,64597.45,75997.0,1,24397487.90325
2025-03-10,Novorossiysk,Black sea,86981.544,99864.0,1,32851624.44564
2025-03-10,Primorsk,Baltic,107804.541,123771.0,1,40716158.067585
2025-03-10,Prirazlomnoye Field,Arctic,2952.04,3244.0,1,1114941.2274
2025-03-11,De Kastri,Pacific,93905.695,111131.0,1,41476455.17899
2025-03-11,Nakhodka,Pacific,205178.1,241386.0,2,90623473.5642
2025-03-11,Primorsk,Baltic,198925.948,228388.0,2,74603397.204388
2025-03-11,Ust Luga,Baltic,207179.544,237864.0,2,77698751.565864
2025-03-12,Nakhodka,Pacific,195471.1,229966.0,2,82492043.993192
2025-03-12,Novoportovskoye,Arctic,82292.75,96815.0,2,31733401.084
2025-03-12,Novorossiysk,Black sea,372724.035,440793.0,3,143728351.48056
2025-03-12,Primorsk,Baltic,106262.871,122001.0,1,40976663.263536
2025-03-12,Prirazlomnoye Field,Arctic,66041.43,72573.0,1,25466632.07088
2025-03-12,Yuri Korchagin,Caspian Sea,6209.359,7129.0,1,2394428.180144
2025-03-13,Murmansk,Arctic,118194.44,129884.0,1,44650668.18212
2025-03-13,Nakhodka,Pacific,95792.45,112697.0,1,43457011.2821
2025-03-13,Primorsk,Baltic,199137.601,228631.0,2,75228808.942573
2025-03-13,St Petersburg,Baltic,502.208,608.0,1,238691.92928
2025-03-13,Varandey,Arctic,69143.151,81633.0,1,26120415.582723
2025-03-14,De Kastri,Pacific,93905.695,111131.0,1,42182719.911085
2025-03-14,Novorossiysk,Black sea,86981.544,99864.0,1,33207639.905232
2025-03-14,Primorsk,Baltic,97709.651,112181.0,1,37303395.139478
2025-03-14,Prirazlomnoye Field,Arctic,2740.92,3012.0,1,1046422.95576
2025-03-14,Ust Luga,Baltic,101090.002,116062.0,1,38593938.783556
2025-03-15,Murmansk,Arctic,5152.169217,5927.0,1,1956093.173603
2025-03-15,Nakhodka,Pacific,192734.95,226747.0,2,86577117.74485
2025-03-15,Novorossiysk,Black sea,138056.695,171499.0,1,52415157.05048
2025-03-15,Primorsk,Baltic,101697.96,116760.0,1,38611054.28544
2025-03-16,Murmansk,Arctic,296535.218,337424.0,2,112396336.748976
2025-03-16,Nakhodka,Pacific,196456.25,231125.0,2,83272321.592711
2025-03-16,Novorossiysk,Black sea,148704.088,170728.0,1,56363607.882816
2025-03-16,Primorsk,Baltic,299873.106,344286.0,3,113661503.113392
2025-03-16,Yuri Korchagin,Caspian Sea,12418.718,14258.0,1,4707091.520976
2025-03-17,De Kastri,Pacific,67172.43,79494.0,1,26786576.490715
2025-03-17,Nakhodka,Pacific,99615.75,117195.0,1,39724108.641818
2025-03-17,Novoportovskoye,Arctic,39513.1,46486.0,1,15010829.1245
2025-03-17,Novorossiysk,Black sea,86981.544,99864.0,1,33043853.65788
2025-03-17,Ust Luga,Baltic,99219.965,113915.0,2,37693168.603675
2025-03-18,Nakhodka,Pacific,100647.65,118409.0,2,45906097.69855
2025-03-18,Prigorodnoye,Pacific,88921.509,111291.0,1,35410813.017195
2025-03-18,Primorsk,Baltic,166968.958,191698.0,2,63087718.059678
2025-03-18,Ust Luga,Baltic,134598.243,154533.0,1,50856734.733363
2025-03-19,Nakhodka,Pacific,100074.75,117735.0,1,45014022.849
2025-03-19,Novoportovskoye,Arctic,64597.45,75997.0,1,24068493.0904
2025-03-19,Prirazlomnoye Field,Arctic,66714.83,73313.0,1,24857411.93936
2025-03-19,Ust Luga,Baltic,96977.14,111340.0,1,36132906.54688
2025-03-20,De Kastri,Pacific,67172.43,79494.0,1,26959664.310741
2025-03-20,Nakhodka,Pacific,196816.65,231549.0,2,89052055.0923
2025-03-20,Novorossiysk,Black sea,135842.945,168749.0,2,53028195.38198
2025-03-20,Primorsk,Baltic,102107.33,117230.0,1,39859025.76812
2025-03-20,Ust Luga,Baltic,101090.002,116062.0,1,39461897.540728
2025-03-20,Yuri Korchagin,Caspian Sea,9438.156,10836.0,1,3684316.328784
2025-03-21,Murmansk,Arctic,254047.43,279173.0,2,97102262.74203
2025-03-21,Nakhodka,Pacific,82656.55,97243.0,1,38697564.98315
2025-03-21,Novorossiysk,Black sea,149235.398,171338.0,1,57040903.058958
2025-03-21,Primorsk,Baltic,101090.002,116062.0,1,38638721.654442
2025-03-21,Varandey,Arctic,69143.151,81633.0,1,26427964.318371
2025-03-22,Nakhodka,Pacific,90598.95,106587.0,1,42415982.21835
2025-03-22,Novoportovskoye,Arctic,16149.15,18999.0,1,6350653.2375
2025-03-22,Novorossiysk,Black sea,399441.932,482696.0,4,157080539.759
2025-03-22,St Petersburg,Baltic,2649.808,3208.0,1,1240192.288048
2025-03-22,Ust Luga,Baltic,84698.653,97243.0,1,33307745.29225
2025-03-23,Nakhodka,Pacific,198429.1,233446.0,2,92899147.0343
2025-03-23,Novorossiysk,Black sea,130323.865,161893.0,1,50619483.376245
2025-03-23,Primorsk,Baltic,198788.33,228230.0,2,77211971.62029
2025-03-23,Ust Luga,Baltic,101090.002,116062.0,1,39264670.946826
2025-03-23,Yuri Korchagin,Caspian Sea,6443.658,7398.0,1,2502800.534754
2025-03-24,Nakhodka,Pacific,100074.75,117735.0,1,40198411.742022
2025-03-24,Novoportovskoye,Arctic,20711.1,24366.0,1,7976859.4539
2025-03-24,Novorossiysk,Black sea,99861.036,119451.0,1,38461378.154364
2025-03-24,Ust Luga,Baltic,101090.002,116062.0,1,38934713.180298
2025-03-24,Yuri Korchagin,Caspian Sea,12418.718,14258.0,1,4783056.818982
2025-03-25,De Kastri,Pacific,80606.24,95392.0,1,32375234.461291
2025-03-25,Novoportovskoye,Arctic,41118.75,48375.0,1,15781581.84375
2025-03-25,Prirazlomnoye Field,Arctic,66218.88,72768.0,1,25415137.2384
2025-03-25,Ust Luga,Baltic,195139.711,224041.0,2,74895596.780355
2025-03-26,Novorossiysk,Black sea,144072.981,165411.0,1,56206903.931568
2025-03-26,Primorsk,Baltic,203787.87,233970.0,2,79503354.14736
2025-03-27,Novorossiysk,Black sea,142557.441,163671.0,1,55735825.265211
2025-03-27,Primorsk,Baltic,219692.33,252230.0,2,85893329.95243
2025-03-27,St Petersburg,Baltic,2649.808,3208.0,1,1235528.625968
2025-03-28,Nakhodka,Pacific,204567.8,240668.0,3,97865235.52
2025-03-28,Novoportovskoye,Arctic,39513.1,46486.0,1,15679785.9075
2025-03-28,Prigorodnoye,Pacific,89017.389,111411.0,1,35846265.266922
2025-03-28,Primorsk,Baltic,297076.325,341075.0,3,117887312.668125
2025-03-28,Ust Luga,Baltic,192438.74,220940.0,2,76364503.0005
2025-03-29,De Kastri,Pacific,93905.695,111131.0,2,41272650.65681
2025-03-29,Nakhodka,Pacific,104010.25,122365.0,1,49758503.6
2025-03-29,Novorossiysk,Black sea,151700.328,174168.0,1,61030558.95768
2025-03-29,Varandey,Arctic,69143.151,81633.0,1,27816981.07881
2025-03-29,Yuri Korchagin,Caspian Sea,12418.718,14258.0,1,4996174.43858
2025-03-30,Nakhodka,Pacific,95792.45,112697.0,1,45827108.08
2025-03-30,Primorsk,Baltic,116590.318,133858.0,1,46518370.97882
2025-03-30,Ust Luga,Baltic,100291.295,115145.0,1,40015223.79205
2025-03-30,Yuri Korchagin,Caspian Sea,12418.718,14258.0,1,4954944.29482
2025-03-31,Murmansk,Arctic,278705.756,317225.0,2,115383904.278244
2025-03-31,Nakhodka,Pacific,103468.8,121728.0,1,49236870.1056
2025-03-31,Novoportovskoye,Arctic,32299.15,37999.0,1,13371815.80085
2025-03-31,Primorsk,Baltic,101090.002,116062.0,1,41851159.737998
2025-04-01,De Kastri,Pacific,93905.695,111131.0,1,37846276.458545
2025-04-01,Nakhodka,Pacific,94104.35,110711.0,1,45467928.26775
2025-04-01,Novorossiysk,Black sea,86981.544,99864.0,1,36972723.018816
2025-04-01,Prirazlomnoye Field,Arctic,2287.74,2514.0,1,972435.91536
2025-04-01,Ust Luga,Baltic,246602.746,283126.0,2,102717984.859935
2025-04-02,Murmansk,Arctic,144678.17,158987.0,1,60399808.37709
2025-04-02,Nakhodka,Pacific,99693.95,117287.0,1,47934645.6511
2025-04-02,Primorsk,Baltic,101697.96,116760.0,1,40929838.329933
2025-04-02,Ust Luga,Baltic,97209.697,111607.0,1,40582812.674469
2025-04-03,Nakhodka,Pacific,197952.25,232885.0,2,90757147.58
2025-04-03,Novorossiysk,Black sea,140794.537,161647.0,1,52371907.106038
2025-04-03,Primorsk,Baltic,101090.002,116062.0,1,37602852.403948
2025-04-03,Ust Luga,Baltic,102107.33,117230.0,1,37981271.96942
2025-04-04,De Kastri,Pacific,95145.31,112598.0,1,41659944.85536
2025-04-04,Nakhodka,Pacific,94104.35,110711.0,1,41204154.2736
2025-04-04,Novoportovskoye,Arctic,35228.25,41445.0,2,12367476.04275
2025-04-04,Novorossiysk,Black sea,86981.544,99864.0,1,30536349.707448
2025-04-04,Prigorodnoye,Pacific,71719.039,89761.0,1,31402611.540384
2025-04-04,Primorsk,Baltic,195497.692,224452.0,2,68632788.237364
2025-04-05,Nakhodka,Pacific,100074.75,117735.0,2,43818329.736
2025-04-05,Primorsk,Baltic,98318.48,112880.0,1,34762170.01816
2025-04-05,Varandey,Arctic,69143.151,81633.0,1,24446736.469617
2025-04-06,De Kastri,Pacific,80606.24,95392.0,1,35293925.82144
2025-04-06,Murmansk,Arctic,100258.34,110174.0,10,34917874.39686
2025-04-06,Nakhodka,Pacific,194428.15,228739.0,3,85131532.0464
2025-04-06,Novoportovskoye,Arctic,54642.25,64285.0,2,19030748.18775
2025-04-06,Novorossiysk,Black sea,144073.852,165412.0,1,50177897.100708
2025-04-06,Primorsk,Baltic,99830.536,114616.0,1,34768879.247544
2025-04-07,Murmansk,Arctic,3347.562621,3851.0,1,1134706.563827
2025-04-07,Nakhodka,Pacific,104010.25,122365.0,1,41908642.012
2025-04-08,Nakhodka,Pacific,99912.4,117544.0,1,41007645.8064
2025-04-08,Novorossiysk,Black sea,127984.535,158987.0,1,43196572.34599
2025-04-08,Primorsk,Baltic,101090.002,116062.0,1,34119290.935028
2025-04-08,Ust Luga,Baltic,5159.804,5924.0,1,1741506.087256
2025-04-08,Yuri Korchagin,Caspian Sea,6209.359,7129.0,1,2095745.593526
2025-04-09,Arkhangelsk,Arctic,4895.702,5927.0,3,2272261.752068
2025-04-09,Nakhodka,Pacific,201295.3,236818.0,2,77497281.4329
2025-04-09,Novorossiysk,Black sea,246936.585,288085.0,2,85487964.10749
2025-04-09,Ust Luga,Baltic,102790.194,118014.0,1,35585348.421636
2025-04-10,De Kastri,Pacific,95145.31,112598.0,1,38741457.61642
2025-04-10,Nakhodka,Pacific,104010.25,122365.0,1,42351101.6155
2025-04-10,Primorsk,Baltic,101090.002,116062.0,1,33330283.469418
2025-04-10,Ust Luga,Baltic,102148.267,117277.0,1,33679202.964303
2025-04-11,Murmansk,Arctic,150187.31,165041.0,1,49016331.99008
2025-04-11,Nakhodka,Pacific,104010.25,122365.0,2,40860842.7535
2025-04-11,Primorsk,Baltic,196387.854,225474.0,2,64094711.134272
2025-04-11,Ust Luga,Baltic,97659.133,112123.0,1,31872815.918944
2025-04-12,Nakhodka,Pacific,196524.25,231205.0,2,77205337.7095
2025-04-12,Novoportovskoye,Arctic,39110.2,46012.0,1,12880396.8272
2025-04-12,Primorsk,Baltic,107556.306,123486.0,1,35422163.592816
2025-04-12,Ust Luga,Baltic,108801.836,124916.0,1,35832361.460896
2025-04-13,De Kastri,Pacific,45672.25,54050.0,1,17501762.735766
2025-04-13,Novoportovskoye,Arctic,32298.3,37998.0,1,10763763.7563
2025-04-13,Novorossiysk,Black sea,181705.407,208617.0,2,60555325.642227
2025-04-13,Primorsk,Baltic,101697.96,116760.0,1,33891963.84756
2025-04-13,Varandey,Arctic,69143.151,81633.0,1,23042715.645411
2025-04-13,Yuri Korchagin,Caspian Sea,12858.573,14763.0,1,4285260.896553
2025-04-14,Nakhodka,Pacific,100074.75,117735.0,1,38244494.040226
2025-04-14,Novorossiysk,Black sea,284556.153,333578.0,2,94081947.197931
2025-04-14,Prigorodnoye,Pacific,97239.898,121702.0,1,38406648.033264
2025-04-14,Primorsk,Baltic,303877.964,348884.0,3,100470259.603428
2025-04-14,Ust Luga,Baltic,255738.665,293615.0,2,84554107.592955
2025-04-15,Nakhodka,Pacific,101533.35,119451.0,1,40504496.2488
2025-04-15,Novoportovskoye,Arctic,64597.45,75997.0,1,21350103.1995
2025-04-15,Novorossiysk,Black sea,111242.145,138189.0,1,36766641.34395
2025-04-15,Prirazlomnoye Field,Arctic,66551.94,73134.0,1,21996081.6894
2025-04-16,Nakhodka,Pacific,203084.55,238923.0,2,78560651.13927
2025-04-16,Primorsk,Baltic,207250.095,237945.0,2,70264414.20804
2025-04-16,Ust Luga,Baltic,105612.234,121254.0,1,35805926.917488
2025-04-17,De Kastri,Pacific,67172.43,79494.0,1,27273350.0286
2025-04-17,Murmansk,Arctic,144678.17,158987.0,1,50309229.41044
2025-04-17,Nakhodka,Pacific,95421.0,112260.0,1,38742834.42
2025-04-17,Novorossiysk,Black sea,83486.304,99864.0,1,29030859.462528
2025-04-17,Prirazlomnoye Field,Arctic,66218.88,72768.0,1,23026423.58016
2025-04-17,Ust Luga,Baltic,99087.573,113763.0,1,34455919.934436
2025-04-18,Murmansk,Arctic,93890.797,110851.0,1,32613719.464326
2025-04-18,Nakhodka,Pacific,179440.95,211107.0,2,74493474.8649
2025-04-18,Novoportovskoye,Arctic,81974.0,96440.0,2,28474324.692
2025-04-18,Primorsk,Baltic,196799.837,225947.0,2,68359997.780646
2025-04-19,Nakhodka,Pacific,199912.35,235191.0,2,82992012.8037
2025-04-19,Novoportovskoye,Arctic,40834.85,48041.0,2,14392651.231
2025-04-19,Primorsk,Baltic,97431.802,111862.0,1,34340812.93292
2025-04-19,Ust Luga,Baltic,142817.87,163970.0,1,50337586.4602
2025-04-20,Nakhodka,Pacific,100074.75,117735.0,1,41545231.8645
2025-04-20,Novorossiysk,Black sea,139184.929,159799.0,1,49366249.802649
2025-04-20,Primorsk,Baltic,98292.35,112850.0,1,34862428.99035
2025-04-20,Ust Luga,Baltic,101121.358,116098.0,1,35865824.376798
2025-04-20,Varandey,Arctic,69143.151,81633.0,1,24523761.939831
2025-04-21,De Kastri,Pacific,95145.31,112598.0,1,38916144.40558
2025-04-21,Kaliningrad,Baltic,9457.344,11367.0,1,3332096.554176
2025-04-21,Nakhodka,Pacific,101167.85,119021.0,1,41379471.6713
2025-04-21,Primorsk,Baltic,244685.675,280925.0,2,86209859.187075
2025-04-21,Yuri Korchagin,Caspian Sea,12858.573,14763.0,1,4530448.166517
2025-04-22,Nakhodka,Pacific,200005.85,235301.0,2,80600357.4915
2025-04-22,Ust Luga,Baltic,107932.578,123918.0,1,37226054.084778
2025-04-23,Nakhodka,Pacific,99912.4,117544.0,1,41544375.2192
2025-04-23,Novorossiysk,Black sea,98659.704,118014.0,2,33741914.747112
2025-04-23,Primorsk,Baltic,106078.219,121789.0,2,36279069.132657
2025-04-23,Ust Luga,Baltic,98419.516,112996.0,1,33659769.730548
2025-04-24,Murmansk,Arctic,151081.84,166024.0,1,51141353.92184
2025-04-24,Nakhodka,Pacific,185472.55,218203.0,2,72739318.274889
2025-04-24,Novoportovskoye,Arctic,19555.1,23006.0,1,6619420.9051
2025-04-24,Prigorodnoye,Pacific,90956.562,113838.0,1,34762949.458815
2025-04-24,Primorsk,Baltic,205486.32,235920.0,3,69557324.80632
2025-04-24,Prirazlomnoye Field,Arctic,66050.53,72583.0,1,22358170.45553
2025-04-24,Yuri Korchagin,Caspian Sea,6209.359,7129.0,1,2101874.230859
2025-04-25,Nakhodka,Pacific,200591.5,235990.0,2,79105666.654568
2025-04-25,Primorsk,Baltic,101697.96,116760.0,1,34669953.24156
2025-04-25,Yuri Korchagin,Caspian Sea,6209.359,7129.0,1,2116838.786049
2025-04-26,De Kastri,Pacific,93905.695,111131.0,1,35950130.354388
2025-04-26,Kaliningrad,Baltic,9457.344,11367.0,1,3141455.413824
2025-04-26,Nakhodka,Pacific,104010.25,122365.0,1,42135280.34675
2025-04-26,Novoportovskoye,Arctic,32299.15,37999.0,1,10728840.95465
2025-04-26,Novorossiysk,Black sea,282191.035,336751.0,2,93735678.286985
2025-04-26,Primorsk,Baltic,196879.098,226038.0,2,65397526.861758
2025-04-26,Prirazlomnoye Field,Arctic,2952.04,3244.0,1,980582.07884
2025-04-26,Ust Luga,Baltic,102547.185,117735.0,1,34063200.988635
2025-04-26,Varandey,Arctic,69143.151,81633.0,1,22967349.610821
2025-04-27,Nakhodka,Pacific,99057.3,116538.0,1,40128805.6311
2025-04-27,Novoportovskoye,Arctic,64597.45,75997.0,1,21079504.48145
2025-04-27,Novorossiysk,Black sea,83486.304,99864.0,1,27243334.207584
2025-04-27,Primorsk,Baltic,243442.758,279498.0,2,79440484.233318
2025-04-28,Nakhodka,Pacific,195819.6,230376.0,2,77176328.138641
2025-04-28,Novoportovskoye,Arctic,40800.0,48000.0,1,13079582.4
2025-04-28,Primorsk,Baltic,101697.96,116760.0,1,32602128.62088
2025-04-29,De Kastri,Pacific,93905.695,111131.0,1,38048146.06593
2025-04-29,Murmansk,Arctic,150047.17,164887.0,1,47915463.07912
2025-04-29,Nakhodka,Pacific,96904.25,114005.0,1,39263082.5895
2025-04-29,Novorossiysk,Black sea,136687.39,169798.0,1,43649204.37304
2025-04-29,Primorsk,Baltic,114046.998,130938.0,1,36419312.153328
2025-04-29,Ust Luga,Baltic,148817.318,170858.0,1,47522727.060848
2025-04-30,De Kastri,Pacific,93905.695,111131.0,2,35708673.486395
2025-04-30,Murmansk,Arctic,143465.355111,165041.0,1,44743257.625243
2025-04-30,Nakhodka,Pacific,198889.8,233988.0,2,75630034.2378
2025-04-30,Novorossiysk,Black sea,83486.304,99864.0,1,26037291.06
2025-04-30,Ust Luga,Baltic,106526.784,122304.0,1,33223040.76
2025-05-01,Murmansk,Arctic,98329.077,116091.0,1,29959591.483899
2025-05-01,Novoportovskoye,Arctic,10355.55,12183.0,1,3155201.46285
2025-05-01,Primorsk,Baltic,96248.984,110504.0,1,29325814.188008
2025-05-01,Prirazlomnoye Field,Arctic,66041.43,72573.0,1,20121965.18241
2025-05-01,Ust Luga,Baltic,99402.004,114124.0,1,30286498.392748
2025-05-02,Nakhodka,Pacific,104010.25,122365.0,1,39290183.96825
2025-05-02,Novoportovskoye,Arctic,19756.55,23243.0,1,5978648.1348
2025-05-02,Primorsk,Baltic,200770.726,230506.0,2,60756434.019216
2025-05-02,Ust Luga,Baltic,95462.471,109601.0,1,28888471.124136
2025-05-03,Murmansk,Arctic,294850.92,324012.0,2,86347386.77292
2025-05-03,Nakhodka,Pacific,191381.75,225155.0,2,72295030.20775
2025-05-03,Primorsk,Baltic,170365.858,195598.0,2,49891811.881158
2025-05-03,Varandey,Arctic,69143.151,81633.0,1,20248640.913501
2025-05-03,Yuri Korchagin,Caspian Sea,12858.573,14763.0,1,3765645.961623
2025-05-04,Nakhodka,Pacific,203067.55,238903.0,2,76709376.21515
2025-05-04,Prirazlomnoye Field,Arctic,2740.92,3012.0,1,828300.54216
2025-05-04,Ust Luga,Baltic,101089.131,116061.0,1,30548933.209938
2025-05-05,De Kastri,Pacific,95145.31,112598.0,1,35941426.28843
2025-05-05,Nakhodka,Pacific,99057.3,116538.0,1,37419192.2469
2025-05-05,Novoportovskoye,Arctic,40834.85,48041.0,1,12559778.98875
2025-05-05,Novorossiysk,Black sea,141969.516,162996.0,1,43666273.8837
2025-05-05,Prigorodnoye,Pacific,95272.76,119240.0,1,35989570.90828
2025-05-05,Primorsk,Baltic,296416.107,340317.0,4,91170184.110525
2025-05-05,Ust Luga,Baltic,197541.929,226799.0,2,60758958.812175
2025-05-06,Nakhodka,Pacific,185483.6,218216.0,2,70178276.5108
2025-05-06,Novorossiysk,Black sea,241543.713,282223.0,2,75421299.753111
2025-05-07,Nakhodka,Pacific,96762.3,113838.0,1,36639528.7065
2025-05-07,Novoportovskoye,Arctic,39110.2,46012.0,1,11686518.862
2025-05-07,Prirazlomnoye Field,Arctic,66551.94,73134.0,1,19886385.1914
2025-05-07,Varandey,Arctic,69143.151,81633.0,1,20660664.95031
2025-05-08,Nakhodka,Pacific,99912.4,117544.0,1,37165314.6396
2025-05-08,Novorossiysk,Black sea,111242.145,138189.0,1,34493185.626585
2025-05-08,Primorsk,Baltic,304946.681,350111.0,3,94555732.217713
2025-05-08,Ust Luga,Baltic,139180.574,159794.0,1,43156138.121902
2025-05-08,Yuri Korchagin,Caspian Sea,12858.573,14763.0,1,3987096.305829
2025-05-09,De Kastri,Pacific,50500.58,59764.0,1,19513979.61838
2025-05-09,Nakhodka,Pacific,94597.35,111291.0,2,36553456.61085
2025-05-09,Novoportovskoye,Arctic,16149.15,18999.0,1,5111012.1852
2025-05-09,Ust Luga,Baltic,100165.0,115000.0,1,31701020.52
2025-05-10,Arkhangelsk,Arctic,2544.906,3081.0,1,1074095.391642
2025-05-10,Murmansk,Arctic,96368.272,113776.0,2,30288933.362688
2025-05-10,Nakhodka,Pacific,205543.6,241816.0,2,79424308.0196
2025-05-10,Novoportovskoye,Arctic,64597.45,75997.0,1,20303236.9248
2025-05-10,Novorossiysk,Black sea,149072.521,171151.0,1,46854089.640384
2025-05-10,Primorsk,Baltic,172066.05,197550.0,2,54081047.7792
2025-05-11,Murmansk,Arctic,15349.88,16868.0,1,4862013.09048
2025-05-11,Nakhodka,Pacific,99615.75,117195.0,1,38491997.557922
2025-05-11,Novoportovskoye,Arctic,20543.65,24169.0,1,6507118.9629
2025-05-11,Novorossiysk,Black sea,102127.432,122162.0,2,32348455.576272
2025-05-11,Primorsk,Baltic,65782.275,75525.0,1,20836272.47715
2025-05-11,Prirazlomnoye Field,Arctic,66041.43,72573.0,1,20918358.78678
2025-05-12,De Kastri,Pacific,93905.695,111131.0,1,37780327.02379
2025-05-12,Nakhodka,Pacific,200945.1,236406.0,2,80844634.5222
2025-05-12,Primorsk,Baltic,106394.392,122152.0,1,35389860.216568
2025-05-12,Ust Luga,Baltic,98978.698,113638.0,1,32923185.337042
2025-05-12,Varandey,Arctic,69143.151,81633.0,1,22999017.173979
2025-05-13,Nakhodka,Pacific,100074.75,117735.0,1,39156552.258428
2025-05-13,Novoportovskoye,Arctic,41421.35,48731.0,1,14259672.52965
2025-05-13,Novorossiysk,Black sea,429078.128,512432.0,3,147714007.267152
2025-05-13,Prigorodnoye,Pacific,89017.389,111411.0,1,35631791.451531
2025-05-13,Ust Luga,Baltic,100071.803,114893.0,1,34450618.828977
2025-05-14,Murmansk,Arctic,101309.869,119209.0,3,33669220.553591
2025-05-14,Nakhodka,Pacific,103008.1,121186.0,1,41609091.914
2025-05-14,Novorossiysk,Black sea,144073.852,165412.0,1,47881359.899828
2025-05-14,Primorsk,Baltic,202787.962,232822.0,2,67394348.503118
2025-05-14,Prirazlomnoye Field,Arctic,2740.92,3012.0,1,910914.61188
2025-05-14,Ust Luga,Baltic,98900.308,113548.0,1,32868429.460412
2025-05-15,Nakhodka,Pacific,293487.15,345279.0,3,115051863.6663
2025-05-15,Novoportovskoye,Arctic,39513.1,46486.0,1,12825241.0242
2025-05-15,Ust Luga,Baltic,100326.135,115185.0,1,32564057.55057
2025-05-15,Yuri Korchagin,Caspian Sea,12418.718,14258.0,1,4030892.325876
2025-05-16,Primorsk,Baltic,197706.548,226988.0,2,65588949.592452
2025-05-16,Yuri Korchagin,Caspian Sea,6209.359,7129.0,1,2059948.638891
2025-05-17,De Kastri,Pacific,95145.31,112598.0,1,36955088.517917
2025-05-17,Nakhodka,Pacific,208020.5,244730.0,2,81080774.3465
2025-05-17,Primorsk,Baltic,198376.347,227757.0,2,65760965.525112
2025-05-17,Ust Luga,Baltic,159956.537,183647.0,2,53024952.189352
2025-05-17,Varandey,Arctic,69143.151,81633.0,1,22920677.983896
2025-05-18,Murmansk,Arctic,93700.459632,107792.0,1,31213216.011233
2025-05-18,Nakhodka,Pacific,96904.25,114005.0,1,37770660.23525
2025-05-18,Novoportovskoye,Arctic,20559.8,24188.0,1,6848818.8966
2025-05-18,Yuri Korchagin,Caspian Sea,6429.722,7382.0,1,2141849.703474
2025-05-19,Nakhodka,Pacific,194672.1,229026.0,2,75632521.685558
2025-05-19,Primorsk,Baltic,98854.145,113495.0,1,33226163.238385
2025-05-19,Ust Luga,Baltic,71767.787,82397.0,1,24122086.191931
2025-05-20,De Kastri,Pacific,93905.695,111131.0,1,36927005.973325
2025-05-20,Murmansk,Arctic,144678.17,158987.0,1,47985987.35658
2025-05-20,Nakhodka,Pacific,104347.7,122762.0,1,41033167.8095
2025-05-20,Novoportovskoye,Arctic,19555.1,23006.0,1,6485918.2374
2025-05-20,Primorsk,Baltic,302150.771,346901.0,3,100215554.820654
2025-05-20,Ust Luga,Baltic,100161.516,114996.0,1,33220970.657784
2025-05-21,Nakhodka,Pacific,90598.95,106587.0,1,35827264.17855
2025-05-21,Yuri Korchagin,Caspian Sea,6209.359,7129.0,1,2038172.416878
2025-05-22,Nakhodka,Pacific,96784.4,113864.0,1,37575962.5936
2025-05-22,Novoportovskoye,Arctic,64597.45,75997.0,1,20951859.92025
2025-05-22,Novorossiysk,Black sea,149055.101,171131.0,1,48345276.733845
2025-05-22,Prigorodnoye,Pacific,89012.595,111405.0,1,34221529.985737
2025-05-22,Primorsk,Baltic,204488.154,234774.0,2,66324710.30913
2025-05-22,Prirazlomnoye Field,Arctic,66551.94,73134.0,1,21585788.9793
2025-05-22,Varandey,Arctic,69143.151,81633.0,1,22426235.311095
2025-05-22,Yuri Korchagin,Caspian Sea,12418.718,14258.0,1,4027949.08971
2025-05-23,Murmansk,Arctic,149898.84,164724.0,1,49348946.6106
2025-05-23,Nakhodka,Pacific,104010.25,122365.0,1,39842998.447
2025-05-23,Primorsk,Baltic,202787.962,232822.0,2,66760838.90983
2025-05-23,Prirazlomnoye Field,Arctic,66041.43,72573.0,1,21741829.37745
2025-05-23,Ust Luga,Baltic,216366.852,248412.0,2,71231213.18118
2025-05-24,Nakhodka,Pacific,101167.85,119021.0,1,38754165.9638
2025-05-24,Novoportovskoye,Arctic,64597.45,75997.0,1,20819112.1605
2025-05-24,Novorossiysk,Black sea,243010.792,283732.0,4,78319948.15368
2025-05-25,De Kastri,Pacific,95145.31,112598.0,1,36447123.61108
2025-05-25,Murmansk,Arctic,1631.322,1926.0,1,525261.21417
2025-05-25,Nakhodka,Pacific,200005.85,235301.0,2,76615840.9478
2025-05-25,Primorsk,Baltic,200438.004,230124.0,2,64538030.71794
2025-05-25,Ust Luga,Baltic,229457.982,263442.0,2,73882028.33427
2025-05-26,Murmansk,Arctic,138813.136,163888.0,2,44744748.631968
2025-05-26,Nakhodka,Pacific,95451.6,112296.0,1,36464893.816162
2025-05-26,Novoportovskoye,Arctic,20543.65,24169.0,1,6621999.0537
2025-05-26,Novorossiysk,Black sea,279725.8,333202.0,2,90166254.9204
2025-05-26,Primorsk,Baltic,98112.053,112643.0,1,31625242.939914
2025-05-26,Yuri Korchagin,Caspian Sea,5519.527,6337.0,1,1779153.294126
2025-05-27,Nakhodka,Pacific,94104.35,110711.0,1,36029354.334809
2025-05-27,Prirazlomnoye Field,Arctic,2740.92,3012.0,1,877617.91572
2025-05-27,Ust Luga,Baltic,112266.674,128894.0,1,35946778.614734
2025-05-27,Varandey,Arctic,69143.151,81633.0,1,22139014.661841
2025-05-27,Yuri Korchagin,Caspian Sea,6428.851,7381.0,1,2058460.230541
2025-05-28,Nakhodka,Pacific,202526.1,238266.0,2,77562433.1475
2025-05-28,Novoportovskoye,Arctic,20711.1,24366.0,1,6892157.0136
2025-05-29,Nakhodka,Pacific,95399.75,112235.0,1,36768151.91376
2025-05-29,Prigorodnoye,Pacific,90000.159,112641.0,1,35560592.823603
2025-05-29,Primorsk,Baltic,149625.606,171786.0,1,49124480.459496
2025-05-29,Ust Luga,Baltic,210012.036,241116.0,2,68950311.611376
2025-05-30,De Kastri,Pacific,90981.995,107671.0,1,34456428.200415
2025-05-30,Nakhodka,Pacific,82656.55,97243.0,2,31303440.64635
2025-05-30,Novoportovskoye,Arctic,39513.1,46486.0,1,12835119.2992
2025-05-30,Novorossiysk,Black sea,128635.78,159796.0,2,41785017.68896
2025-05-30,Primorsk,Baltic,103865.879,119249.0,1,33738961.207328
2025-05-30,Ust Luga,Baltic,104097.565,119515.0,1,33814220.23408
2025-05-31,Nakhodka,Pacific,199982.9,235274.0,2,75736923.9393
2025-05-31,Novorossiysk,Black sea,140794.537,161647.0,1,45540696.965335
2025-05-31,Primorsk,Baltic,101090.002,116062.0,1,32698066.59691
2025-05-31,Prirazlomnoye Field,Arctic,66218.88,72768.0,1,21418827.8304
2025-05-31,Yuri Korchagin,Caspian Sea,12418.718,14258.0,1,4016896.43069
2025-06-01,Nakhodka,Pacific,95421.0,112260.0,1,36137554.857
2025-06-01,Novoportovskoye,Arctic,41118.75,48375.0,1,13602082.5
2025-06-01,Primorsk,Baltic,207179.544,237864.0,2,68534993.1552
2025-06-01,Varandey,Arctic,69143.151,81633.0,1,22872554.3508
2025-06-02,Murmansk,Arctic,96447.89,113870.0,2,32438125.94792
2025-06-02,Nakhodka,Pacific,99615.75,117195.0,1,37771602.77475
2025-06-02,Primorsk,Baltic,202180.004,232124.0,2,67998796.385312
2025-06-02,Ust Luga,Baltic,106438.813,122203.0,1,35798353.098664
2025-06-03,De Kastri,Pacific,93905.695,111131.0,1,36169938.260235
2025-06-03,Nakhodka,Pacific,199704.95,234947.0,2,76920954.70635
2025-06-03,Novorossiysk,Black sea,146517.007,168217.0,1,50109402.462028
2025-06-03,Prirazlomnoye Field,Arctic,2959.32,3252.0,1,1012099.27728
2025-06-03,Ust Luga,Baltic,106787.213,122603.0,1,36521653.994852
2025-06-04,Nakhodka,Pacific,104010.25,122365.0,1,40492646.4685
2025-06-04,Novoportovskoye,Arctic,39110.2,46012.0,1,13307519.3214
2025-06-04,Primorsk,Baltic,217258.756,249436.0,2,73923812.540292
2025-06-04,Yuri Korchagin,Caspian Sea,12418.718,14258.0,1,4225555.730526
2025-06-05,Murmansk,Arctic,140189.65,164929.0,1,48031637.69335
2025-06-05,Nakhodka,Pacific,194609.2,228952.0,2,74900605.0684
2025-06-05,Ust Luga,Baltic,101028.161,115991.0,1,34614167.493659
2025-06-06,Murmansk,Arctic,1495.14612,1720.0,1,526790.813044
2025-06-06,Nakhodka,Pacific,96904.25,114005.0,1,37569293.20375
2025-06-06,Novoportovskoye,Arctic,32299.15,37999.0,1,11380088.7161
2025-06-06,Novorossiysk,Black sea,105174.86,130652.0,1,37056679.12324
2025-06-06,Primorsk,Baltic,201990.126,231906.0,3,71167989.054084
2025-06-06,Ust Luga,Baltic,193878.503,222593.0,2,68309988.476002
2025-06-06,Varandey,Arctic,69143.151,81633.0,1,24361482.964434
2025-06-06,Yuri Korchagin,Caspian Sea,12858.573,14763.0,1,4530512.459382
2025-06-07,Murmansk,Arctic,109369.26,120186.0,1,38586131.14356
2025-06-07,Nakhodka,Pacific,104010.25,122365.0,1,39630048.046698
2025-06-07,Novorossiysk,Black sea,235679.514,275289.0,2,83149146.616284
2025-06-07,Primorsk,Baltic,99440.328,114168.0,1,35083144.360368
2025-06-07,Ust Luga,Baltic,97339.476,111756.0,1,34341951.169656
2025-06-08,De Kastri,Pacific,95145.31,112598.0,1,36887360.96045
2025-06-08,Murmansk,Arctic,181387.826965,211158.0,3,63910186.952848
2025-06-08,Nakhodka,Pacific,104010.25,122365.0,1,40324253.87375
2025-06-08,Novoportovskoye,Arctic,32299.15,37999.0,1,11380282.511
2025-06-08,Novorossiysk,Black sea,144073.852,165412.0,1,50762981.01368
2025-06-08,Primorsk,Baltic,101090.002,116062.0,1,35618051.30468
2025-06-08,Prirazlomnoye Field,Arctic,66551.94,73134.0,1,23448910.5396
2025-06-08,Ust Luga,Baltic,79763.567,91577.0,1,28103895.19678
2025-06-09,Nakhodka,Pacific,197096.3,231878.0,2,77746803.5943
2025-06-09,Prigorodnoye,Pacific,90956.562,113838.0,1,34659361.353504
2025-06-09,Primorsk,Baltic,302975.608,347848.0,3,106932514.063128
2025-06-09,Ust Luga,Baltic,143730.678,165018.0,1,50728449.223998
2025-06-10,Nakhodka,Pacific,104010.25,122365.0,1,39567633.061586
2025-06-10,Novoportovskoye,Arctic,40800.0,48000.0,1,14143320.0
2025-06-10,Primorsk,Baltic,97510.192,111952.0,1,33801908.0568
2025-06-10,Yuri Korchagin,Caspian Sea,12418.718,14258.0,1,4304948.5947
2025-06-11,De Kastri,Pacific,93905.695,111131.0,1,35711154.59064
2025-06-11,Nakhodka,Pacific,201608.1,237186.0,2,78375046.559534
2025-06-11,Varandey,Arctic,69143.151,81633.0,1,25678383.41838
2025-06-12,Novoportovskoye,Arctic,41421.35,48731.0,1,15075134.6471
2025-06-12,Primorsk,Baltic,207168.221,237851.0,3,75398045.360066
2025-06-12,Prirazlomnoye Field,Arctic,66050.53,72583.0,1,24038826.19138
2025-06-12,Ust Luga,Baltic,153930.088,176728.0,2,56022239.807248
2025-06-13,Nakhodka,Pacific,198551.5,233590.0,2,86412988.1755
2025-06-13,Novorossiysk,Black sea,285708.904,328024.0,3,107905891.772668
2025-06-13,Yuri Korchagin,Caspian Sea,6209.359,7129.0,1,2443612.512783
2025-06-14,Murmansk,Arctic,97079.752,114616.0,1,38708124.1162
2025-06-14,Nakhodka,Pacific,200245.55,235583.0,2,87150267.53435
2025-06-14,Primorsk,Baltic,198799.653,228243.0,2,75082202.692087
2025-06-14,Ust Luga,Baltic,97659.133,112123.0,1,36883680.167387
2025-06-15,Murmansk,Arctic,1441.594,1702.0,2,574705.86404
2025-06-15,Nakhodka,Pacific,101167.85,119021.0,1,44029968.17345
2025-06-15,Novoportovskoye,Arctic,19756.55,23243.0,1,7876146.223
2025-06-15,Novorossiysk,Black sea,134430.17,166994.0,1,53591931.5722
2025-06-15,Primorsk,Baltic,198024.463,227353.0,2,76870467.873527
2025-06-15,Prirazlomnoye Field,Arctic,2952.04,3244.0,1,1176860.2664
2025-06-15,Ust Luga,Baltic,107804.541,123771.0,1,40715374.88292
2025-06-16,Nakhodka,Pacific,95451.6,112296.0,1,35856830.527194
2025-06-16,Novoportovskoye,Arctic,41118.75,48375.0,1,16022455.48125
2025-06-16,Primorsk,Baltic,69620.772,79932.0,1,26153361.732819
2025-06-16,Ust Luga,Baltic,103788.36,119160.0,1,40442483.72268
2025-06-16,Varandey,Arctic,69143.151,81633.0,1,25973941.217572
2025-06-17,De Kastri,Pacific,95145.31,112598.0,1,40558733.03742
2025-06-17,Murmansk,Arctic,138202.788477,158987.0,1,56917436.406368
2025-06-17,Nakhodka,Pacific,95972.65,112909.0,1,40911413.1873
2025-06-17,Prirazlomnoye Field,Arctic,66041.43,72573.0,1,27198502.5312
2025-06-17,Ust Luga,Baltic,102107.33,117230.0,1,38376980.726442
2025-06-17,Yuri Korchagin,Caspian Sea,12858.573,14763.0,1,5295674.70432
2025-06-18,Murmansk,Arctic,135138.95,158987.0,1,55415212.97595
2025-06-18,Novorossiysk,Black sea,19082.536,22826.0,1,7209554.034245
2025-06-18,Primorsk,Baltic,99121.542,113802.0,1,40645878.634062
2025-06-18,Ust Luga,Baltic,148704.088,170728.0,1,56181744.268637
2025-06-19,Prigorodnoye,Pacific,71717.441,89759.0,1,32219705.826219
2025-06-19,Ust Luga,Baltic,203944.65,234150.0,2,81936447.171024
2025-06-19,Yuri Korchagin,Caspian Sea,12834.185,14735.0,1,5466695.43238
2025-06-20,Primorsk,Baltic,203746.062,233922.0,2,80674961.48284
2025-06-20,Ust Luga,Baltic,83225.792,95552.0,1,34550105.613504
2025-06-21,De Kastri,Pacific,87323.99,103342.0,1,38797262.84109
2025-06-21,Murmansk,Arctic,101274.81,111291.0,1,42109357.07433
2025-06-21,Nakhodka,Pacific,90598.95,106587.0,1,40252298.09445
2025-06-21,Novoportovskoye,Arctic,39110.2,46012.0,1,16261747.3886
2025-06-21,Novorossiysk,Black sea,86548.657,99367.0,2,32678984.689158
2025-06-21,Primorsk,Baltic,101090.002,116062.0,2,42032515.201586
2025-06-21,Prirazlomnoye Field,Arctic,2740.92,3012.0,1,1139655.34956
2025-06-21,Varandey,Arctic,69143.151,81633.0,1,28749238.183743
2025-06-21,Yuri Korchagin,Caspian Sea,6209.359,7129.0,1,2581808.006687
2025-06-22,Murmansk,Arctic,97331.311,114913.0,2,40583068.771938
2025-06-22,Nakhodka,Pacific,200914.5,236370.0,2,89264504.1195
2025-06-22,Novoportovskoye,Arctic,32299.15,37999.0,1,13467388.9857
2025-06-22,Novorossiysk,Black sea,147425.46,169260.0,1,61470224.95068
2025-06-22,Primorsk,Baltic,110867.848,127288.0,1,41861408.748513
2025-06-22,Ust Luga,Baltic,97209.697,111607.0,1,40532360.841726
2025-06-23,Nakhodka,Pacific,104010.25,122365.0,1,47310414.34575
2025-06-23,Novoportovskoye,Arctic,64597.45,75997.0,1,25408760.983
2025-06-23,Novorossiysk,Black sea,135619.155,168471.0,1,53344438.4277
2025-06-23,Primorsk,Baltic,98419.516,112996.0,1,38712332.42344
2025-06-24,Murmansk,Arctic,150047.17,164887.0,1,53700981.85998
2025-06-24,Nakhodka,Pacific,104010.25,122365.0,1,41182234.426
2025-06-24,Ust Luga,Baltic,97217.536,111616.0,1,34793572.829184
2025-06-25,De Kastri,Pacific,93905.695,111131.0,1,37210225.549445
2025-06-25,Nakhodka,Pacific,204322.15,240379.0,2,80962856.25965
2025-06-25,Novoportovskoye,Arctic,10272.25,12085.0,1,3644892.19525
2025-06-25,Novorossiysk,Black sea,239411.77,274870.0,2,84950238.93733
2025-06-25,Primorsk,Baltic,203747.804,233924.0,2,72295629.545516
2025-06-25,Ust Luga,Baltic,99087.573,113763.0,1,35159144.440017
2025-06-25,Yuri Korchagin,Caspian Sea,12858.573,14763.0,1,4562594.599017
2025-06-26,Nakhodka,Pacific,95421.0,112260.0,1,37461616.653
2025-06-26,Primorsk,Baltic,205120.5,235500.0,2,71948887.062
2025-06-26,Varandey,Arctic,69143.151,81633.0,1,24252928.217364
2025-06-27,Murmansk,Arctic,148149.85653,170430.0,1,52552457.857604
2025-06-27,Nakhodka,Pacific,104010.25,122365.0,1,40853770.0565
2025-06-27,Novoportovskoye,Arctic,20711.1,24366.0,1,7346744.9475
2025-06-27,Primorsk,Baltic,101697.96,116760.0,1,36074808.861
2025-06-28,Nakhodka,Pacific,200480.15,235859.0,2,74474780.082618
2025-06-28,Novorossiysk,Black sea,102629.032,122762.0,1,36391844.231072
2025-06-28,Ust Luga,Baltic,218742.94,251140.0,2,77565371.55224
2025-06-28,Yuri Korchagin,Caspian Sea,12418.718,14258.0,1,4403627.727928
2025-06-29,Nakhodka,Pacific,96784.4,113864.0,1,38015557.3384
2025-06-29,Novoportovskoye,Arctic,39513.1,46486.0,1,14028810.0502
2025-06-29,Primorsk,Baltic,311956.489,358159.0,3,110757655.767538
2025-06-29,Yuri Korchagin,Caspian Sea,6972.355,8005.0,1,2475478.86391
2025-06-30,De Kastri,Pacific,93905.695,111131.0,1,36660313.799525
2025-06-30,Nakhodka,Pacific,200225.15,235559.0,2,76243196.951217
2025-06-30,Primorsk,Baltic,101090.002,116062.0,1,34952272.551508
2025-06-30,Prirazlomnoye Field,Arctic,66551.94,73134.0,1,23010599.46276
2025-06-30,Varandey,Arctic,69143.151,81633.0,1,23906521.030854
2025-06-30,Yuri Korchagin,Caspian Sea,6209.359,7129.0,1,2146910.711686
2025-07-01,Nakhodka,Pacific,96934.85,114041.0,1,37298785.4527
2025-07-01,Novoportovskoye,Arctic,20559.8,24188.0,1,6951432.8584
2025-07-01,Novorossiysk,Black sea,104579.965,129913.0,1,35359322.80622
2025-07-01,Primorsk,Baltic,207310.194,238014.0,2,70093235.072952
2025-07-01,Ust Luga,Baltic,98878.533,113523.0,1,33431623.035564
2025-07-02,Murmansk,Arctic,3682.231956,4236.0,1,1329053.755503
2025-07-02,Nakhodka,Pacific,100074.75,117735.0,1,38785770.708
2025-07-02,Novorossiysk,Black sea,287312.42,336750.0,2,103701682.93754
2025-07-02,Ust Luga,Baltic,238462.38,273780.0,2,86069896.05006
2025-07-02,Yuri Korchagin,Caspian Sea,6209.359,7129.0,1,2241187.409383
2025-07-03,Murmansk,Arctic,147732.60645,169950.0,1,52281830.759623
2025-07-03,Nakhodka,Pacific,300263.35,353251.0,4,118174346.39615
2025-07-03,Novoportovskoye,Arctic,19555.1,23006.0,1,6920452.1145
2025-07-03,Primorsk,Baltic,195806.897,224807.0,2,69295081.813815
2025-07-04,De Kastri,Pacific,95145.31,112598.0,1,35155541.843254
2025-07-04,Murmansk,Arctic,95796.547,113101.0,2,34077322.478122
2025-07-04,Primorsk,Baltic,58660.979,67349.0,2,20867235.415754
2025-07-05,Nakhodka,Pacific,103468.8,121728.0,1,40678448.3136
2025-07-05,Primorsk,Baltic,101697.96,116760.0,1,36447836.97828
2025-07-05,Varandey,Arctic,69143.151,81633.0,1,24780421.316343
2025-07-06,Kaliningrad,Baltic,18778.284,22734.0,1,6938447.611411
2025-07-06,Nakhodka,Pacific,194609.2,228952.0,2,74049781.987888
2025-07-06,Novoportovskoye,Arctic,32299.15,37999.0,1,11268139.8622
2025-07-06,Novorossiysk,Black sea,238248.985,273535.0,2,83117446.89898
2025-07-06,Primorsk,Baltic,208189.033,239023.0,2,72630491.564644
2025-07-06,Ust Luga,Baltic,99704.241,114471.0,1,34783619.149188
2025-07-07,De Kastri,Pacific,95145.31,112598.0,1,37448147.41759
2025-07-07,Kaliningrad,Baltic,18914.688,22734.0,1,6729600.099456
2025-07-07,Nakhodka,Pacific,99912.4,117544.0,1,39324421.6036
2025-07-07,Novorossiysk,Black sea,105174.86,130652.0,1,37419847.91482
2025-07-07,Ust Luga,Baltic,279071.013,320403.0,3,99289838.502231
2025-07-07,Yuri Korchagin,Caspian Sea,12858.573,14763.0,1,4574913.111951
2025-07-08,Murmansk,Arctic,287237.839,326848.0,2,102405747.122441
2025-07-08,Nakhodka,Pacific,104010.25,122365.0,1,41795478.86
2025-07-08,Novoportovskoye,Arctic,64597.45,75997.0,1,23030218.27655
2025-07-08,Novorossiysk,Black sea,144606.904,166024.0,1,51555108.807176
2025-07-08,Primorsk,Baltic,202787.962,232822.0,2,72297761.424278
2025-07-08,Yuri Korchagin,Caspian Sea,12418.718,14258.0,1,4427508.922642
2025-07-09,Nakhodka,Pacific,104010.25,122365.0,1,42221296.8235
2025-07-09,Primorsk,Baltic,144073.852,165412.0,1,51811550.508536
2025-07-09,Ust Luga,Baltic,98854.145,113495.0,1,35549729.91661
2025-07-10,Nakhodka,Pacific,200914.5,236370.0,2,82003655.004
2025-07-10,Novorossiysk,Black sea,151741.265,174215.0,1,52620077.170375
2025-07-10,Primorsk,Baltic,100626.63,115530.0,1,34894799.61825
2025-07-10,Varandey,Arctic,69143.151,81633.0,1,23977116.188025
2025-07-10,Yuri Korchagin,Caspian Sea,12834.185,14735.0,1,4450574.503375
2025-07-11,Murmansk,Arctic,1495.14612,1720.0,1,545804.586252
2025-07-11,Nakhodka,Pacific,99057.3,116538.0,1,39832327.1322
2025-07-11,Primorsk,Baltic,98468.292,113052.0,3,35945948.462892
2025-07-11,Ust Luga,Baltic,208304.876,239156.0,2,76041903.288676
2025-07-12,De Kastri,Pacific,64172.68,75944.0,1,25804733.04552
2025-07-12,Nakhodka,Pacific,103008.1,121186.0,1,41420999.1234
2025-07-12,Novorossiysk,Black sea,86981.544,99864.0,1,31882910.990112
2025-07-12,Primorsk,Baltic,205407.059,235829.0,2,75291546.662332
2025-07-12,Ust Luga,Baltic,118611.909,136179.0,1,43476958.020132
2025-07-13,Murmansk,Arctic,98907.578,116774.0,3,36707173.792828
2025-07-13,Nakhodka,Pacific,96784.4,113864.0,1,38918362.2216
2025-07-13,Novorossiysk,Black sea,86981.544,99864.0,3,32281112.498544
2025-07-13,Olya,Caspian Sea,11777.108,14258.0,1,5499885.881784
2025-07-13,Ust Luga,Baltic,205083.047,235457.0,2,76111650.900922
2025-07-14,Nakhodka,Pacific,199431.25,234625.0,2,81555415.375
2025-07-14,Novoportovskoye,Arctic,41087.3,48338.0,1,14576582.5083
2025-07-14,Novorossiysk,Black sea,222163.99,267874.0,3,78817340.89629
2025-07-14,Primorsk,Baltic,247052.182,283642.0,2,87646949.660322
2025-07-15,Murmansk,Arctic,143451.446775,165025.0,1,50278727.93451
2025-07-15,Nakhodka,Pacific,200480.15,235859.0,2,77806424.403049
2025-07-15,Novoportovskoye,Arctic,10721.9,12614.0,1,3757950.8967
2025-07-15,Primorsk,Baltic,99152.898,113838.0,1,34752396.678714
2025-07-15,Varandey,Arctic,69143.151,81633.0,1,24234190.423443
2025-07-15,Yuri Korchagin,Caspian Sea,6443.658,7398.0,1,2258457.023394
2025-07-16,De Kastri,Pacific,93905.695,111131.0,1,38000911.501345
2025-07-16,Prigorodnoye,Pacific,89017.389,111411.0,2,34690933.310789
2025-07-16,Primorsk,Baltic,100396.686,115266.0,1,35222068.952694
2025-07-17,Nakhodka,Pacific,201242.6,236756.0,2,81284099.8086
2025-07-17,Primorsk,Baltic,196410.5,225500.0,3,72730022.508
2025-07-17,Ust Luga,Baltic,206523.681,237111.0,2,76474892.979576
2025-07-17,Yuri Korchagin,Caspian Sea,6209.359,7129.0,1,2299300.800264
2025-07-18,Nakhodka,Pacific,199982.9,235274.0,2,78085398.17989
2025-07-18,Ust Luga,Baltic,102766.677,117987.0,1,36285577.681899
2025-07-19,Murmansk,Arctic,99483.538,117454.0,3,35081178.455554
2025-07-19,Nakhodka,Pacific,101533.35,119451.0,1,41543588.5527
2025-07-19,Novoportovskoye,Arctic,41118.75,48375.0,1,14499828.16875
2025-07-19,Primorsk,Baltic,97632.132,112092.0,1,34428311.603556
2025-07-20,De Kastri,Pacific,93905.695,111131.0,1,38422641.97759
2025-07-20,Nakhodka,Pacific,97109.95,114247.0,1,36241817.503266
2025-07-20,Novoportovskoye,Arctic,8998.95,10587.0,1,3219149.38875
2025-07-20,Novorossiysk,Black sea,86981.544,99864.0,1,31115472.8274
2025-07-20,Primorsk,Baltic,101697.96,116760.0,1,36379902.741
2025-07-20,Ust Luga,Baltic,246406.771,282901.0,2,88145862.155975
2025-07-20,Varandey,Arctic,69143.151,81633.0,1,24734233.691475
2025-07-20,Yuri Korchagin,Caspian Sea,12834.185,14735.0,1,4591108.829125
2025-07-21,Nakhodka,Pacific,90598.95,106587.0,1,37015650.6057
2025-07-21,Novorossiysk,Black sea,144073.852,165412.0,1,52919910.651972
2025-07-21,Primorsk,Baltic,98475.26,113060.0,1,36171046.22586
2025-07-21,Prirazlomnoye Field,Arctic,66041.43,72573.0,1,24257743.69473
2025-07-22,Nakhodka,Pacific,104010.25,122365.0,1,38654455.787748
2025-07-22,Novoportovskoye,Arctic,14862.25,17485.0,1,5306150.2195
2025-07-22,Novorossiysk,Black sea,198223.689,238053.0,3,70770217.894158
2025-07-23,Nakhodka,Pacific,104010.25,122365.0,1,41754186.79075
2025-07-23,Primorsk,Baltic,185981.146,213526.0,2,65487867.110666
2025-07-23,Yuri Korchagin,Caspian Sea,12858.573,14763.0,1,4527773.583333
2025-07-24,Murmansk,Arctic,138202.788477,158987.0,1,49772905.053261
2025-07-24,Nakhodka,Pacific,195961.55,230543.0,2,79650335.65145
2025-07-24,Primorsk,Baltic,106394.392,122152.0,1,38317301.912448
2025-07-25,Nakhodka,Pacific,104010.25,122365.0,1,42661260.181
2025-07-25,Novoportovskoye,Arctic,65077.7,76562.0,2,23270223.6552
2025-07-25,Novorossiysk,Black sea,143660.127,164937.0,1,51369413.572152
2025-07-25,Primorsk,Baltic,145196.571,166701.0,1,51918809.071896
2025-07-25,Yuri Korchagin,Caspian Sea,12418.718,14258.0,1,4440635.507568
2025-07-26,Nakhodka,Pacific,208020.5,244730.0,2,81233290.056543
2025-07-26,Ust Luga,Baltic,101090.002,116062.0,1,36470644.381548
2025-07-26,Varandey,Arctic,69143.151,81633.0,1,24945051.158874
2025-07-27,De Kastri,Pacific,94040.895,111291.0,1,38572189.65678
2025-07-27,Nakhodka,Pacific,99325.9,116854.0,3,40739908.4476
2025-07-27,Novoportovskoye,Arctic,20543.65,24169.0,1,7312121.88815
2025-07-27,Novorossiysk,Black sea,86981.544,99864.0,2,30959427.937464
2025-07-27,Primorsk,Baltic,198846.687,228297.0,2,70775700.150597
2025-07-27,Prirazlomnoye Field,Arctic,2740.92,3012.0,1,975578.39652
2025-07-28,Nakhodka,Pacific,103468.8,121728.0,1,42353090.8416
2025-07-28,Novorossiysk,Black sea,139184.929,159799.0,1,51005430.711482
2025-07-28,Ust Luga,Baltic,97218.407,111617.0,1,35626462.992406
2025-07-29,Murmansk,Arctic,144319.848504,166024.0,1,54808348.866364
2025-07-29,Nakhodka,Pacific,204657.9,240774.0,2,81499045.179468
2025-07-29,Primorsk,Baltic,196826.838,225978.0,2,74748928.26726
2025-07-29,Yuri Korchagin,Caspian Sea,6972.355,8005.0,1,2647891.25835
2025-07-30,De Kastri,Pacific,90981.995,107671.0,1,39562519.723805
2025-07-30,Murmansk,Arctic,96368.272,113776.0,2,37381830.918432
2025-07-30,Nakhodka,Pacific,104010.25,122365.0,1,45227713.09975
2025-07-30,Novoportovskoye,Arctic,20711.1,24366.0,1,8033959.9566
2025-07-30,Novorossiysk,Black sea,146976.024,168744.0,2,55437337.668461
2025-07-30,Ust Luga,Baltic,149248.463,171353.0,1,57894374.288478
2025-07-30,Varandey,Arctic,69143.151,81633.0,1,26079846.937813
2025-07-30,Yuri Korchagin,Caspian Sea,12858.573,14763.0,1,4987917.618138
2025-07-31,Nakhodka,Pacific,297517.0,350020.0,3,125500201.502373
2025-07-31,Primorsk,Baltic,245664.679,282049.0,2,93317080.202691
2025-08-01,Novoportovskoye,Arctic,19756.55,23243.0,1,7167044.1304
2025-08-01,Novorossiysk,Black sea,266610.056,324837.0,2,96717596.795008
2025-08-01,Primorsk,Baltic,99348.002,114062.0,1,36040275.989536
2025-08-01,Yuri Korchagin,Caspian Sea,12418.718,14258.0,1,4505113.491424
2025-08-02,Murmansk,Arctic,143465.355111,165041.0,1,52453085.808908
2025-08-02,Nakhodka,Pacific,103520.65,121789.0,1,44638621.88325
2025-08-02,Prigorodnoye,Pacific,95856.03,119970.0,1,41333599.41615
2025-08-02,Primorsk,Baltic,198813.589,228259.0,2,72689230.342235
2025-08-02,Ust Luga,Baltic,135951.777,156087.0,2,49706008.947855
2025-08-03,Nakhodka,Pacific,196047.4,230644.0,2,84536619.117
2025-08-03,Novoportovskoye,Arctic,41118.75,48375.0,1,15189348.4875
2025-08-03,Novorossiysk,Black sea,149072.521,171151.0,1,55067687.402442
2025-08-03,Primorsk,Baltic,101090.002,116062.0,1,37342848.918804
2025-08-04,Nakhodka,Pacific,101167.85,119021.0,1,41856781.5876
2025-08-04,Novorossiysk,Black sea,147409.782,169242.0,1,52246006.804914
2025-08-04,Ust Luga,Baltic,102766.677,117987.0,1,36423285.029079
2025-08-04,Varandey,Arctic,69143.151,81633.0,1,24506199.579477
2025-08-04,Yuri Korchagin,Caspian Sea,12418.718,14258.0,1,4401528.964586
2025-08-05,Nakhodka,Pacific,90598.95,106587.0,1,37113588.07065
2025-08-05,Novoportovskoye,Arctic,39110.2,46012.0,1,13956083.768
2025-08-05,Primorsk,Baltic,251962.88,289280.0,2,89910434.0992
2025-08-05,Ust Luga,Baltic,120315.585,138135.0,1,42933413.3514
2025-08-06,Murmansk,Arctic,3682.231956,4236.0,1,1253571.682637
2025-08-06,Nakhodka,Pacific,294584.5,346570.0,3,113390304.085741
2025-08-06,Primorsk,Baltic,101697.96,116760.0,1,34621850.10648
2025-08-06,Prirazlomnoye Field,Arctic,66041.43,72573.0,1,22483012.34634
2025-08-06,Ust Luga,Baltic,101090.002,116062.0,1,34414878.100876
2025-08-06,Yuri Korchagin,Caspian Sea,12834.185,14735.0,1,4369244.27303
2025-08-07,Murmansk,Arctic,231891.655528,261010.0,2,77620398.179921
2025-08-07,Primorsk,Baltic,65352.872,75032.0,1,21875370.785944
2025-08-08,Nakhodka,Pacific,414736.25,487925.0,5,158885659.718789
2025-08-08,Novoportovskoye,Arctic,64597.45,75997.0,1,21919077.5391
2025-08-08,Novorossiysk,Black sea,275633.83,329224.0,5,93527519.92794
2025-08-08,Primorsk,Baltic,76131.497,87407.0,1,25832787.299046
2025-08-08,Prirazlomnoye Field,Arctic,2740.92,3012.0,1,930043.49256
2025-08-08,Ust Luga,Baltic,99152.898,113838.0,1,33644363.043564
2025-08-08,Varandey,Arctic,69143.151,81633.0,1,23461515.711018
2025-08-09,Primorsk,Baltic,98640.75,113250.0,2,33890101.11825
2025-08-09,Ust Luga,Baltic,108253.977,124287.0,1,37192927.131867
2025-08-10,Novoportovskoye,Arctic,64597.45,75997.0,1,22383726.99695
2025-08-10,Novorossiysk,Black sea,140000.185,160735.0,1,48511604.104535
2025-08-10,Prigorodnoye,Pacific,88921.509,111291.0,1,33191557.050287
2025-08-10,Primorsk,Baltic,100161.516,114996.0,1,34707067.070676
2025-08-10,Ust Luga,Baltic,240339.385,275935.0,2,83280240.635735
2025-08-11,Nakhodka,Pacific,96904.25,114005.0,1,38168064.5645
2025-08-11,Primorsk,Baltic,147327.908,169148.0,1,51150481.722704
2025-08-11,Yuri Korchagin,Caspian Sea,6443.658,7398.0,1,2237160.733704
2025-08-12,Nakhodka,Pacific,203067.55,238903.0,2,81095026.0925
2025-08-12,Primorsk,Baltic,195092.677,223987.0,2,67629071.574727
2025-08-13,Murmansk,Arctic,354464.31942,415911.0,3,119118797.934049
2025-08-13,Nakhodka,Pacific,100647.65,118409.0,1,39173071.8565
2025-08-13,Novorossiysk,Black sea,255079.499,302513.0,2,85720230.877447
2025-08-13,Ust Luga,Baltic,203272.238,233378.0,2,68310245.396614
2025-08-13,Varandey,Arctic,69143.151,81633.0,1,23235763.323003
2025-08-14,Nakhodka,Pacific,103468.8,121728.0,1,40433227.2576
2025-08-14,Novoportovskoye,Arctic,41174.0,48440.0,1,14121652.65
2025-08-14,Primorsk,Baltic,101090.002,116062.0,3,34671343.43595
2025-08-15,Nakhodka,Pacific,100647.65,118409.0,1,39699459.066
2025-08-15,Novoportovskoye,Arctic,41087.3,48338.0,1,13989403.904
2025-08-15,Novorossiysk,Black sea,86981.544,99864.0,1,29615476.10112
2025-08-15,Primorsk,Baltic,101090.002,116062.0,1,34419123.88096
2025-08-15,Prirazlomnoye Field,Arctic,44021.25,48375.0,1,14988355.2
2025-08-15,Ust Luga,Baltic,100071.803,114893.0,1,34072447.48544
2025-08-16,Nakhodka,Pacific,204322.15,240379.0,2,80592828.846
2025-08-17,Nakhodka,Pacific,96242.1,113226.0,1,37961733.924
2025-08-17,Novoportovskoye,Arctic,19756.55,23243.0,1,6732834.6745
2025-08-17,Novorossiysk,Black sea,236054.065,271015.0,2,80444864.81135
2025-08-17,Primorsk,Baltic,195219.843,224133.0,2,66528970.29597
2025-08-17,Ust Luga,Baltic,139183.187,159797.0,1,47432238.29773
2025-08-18,Murmansk,Arctic,96447.89,113870.0,1,33274714.94578
2025-08-18,Nakhodka,Pacific,193161.65,227249.0,2,75952899.23485
2025-08-18,Primorsk,Baltic,199253.444,228764.0,2,68742836.686888
2025-08-18,Varandey,Arctic,69143.151,81633.0,1,23854525.381302
2025-08-19,Nakhodka,Pacific,186571.6,219496.0,2,73351370.8264
2025-08-19,Novorossiysk,Black sea,142557.441,163671.0,1,48276507.164886
2025-08-19,Primorsk,Baltic,101090.002,116062.0,1,34233724.817292
2025-08-19,Yuri Korchagin,Caspian Sea,12858.573,14763.0,1,4354504.312158
2025-08-20,Nakhodka,Pacific,100074.75,117735.0,1,39536631.55725
2025-08-20,Novorossiysk,Black sea,132858.005,165041.0,1,45533892.62163
2025-08-20,Primorsk,Baltic,308062.248,353688.0,4,105580942.008048
2025-08-20,Ust Luga,Baltic,104041.821,119451.0,1,35657837.144046
2025-08-21,Nakhodka,Pacific,103520.65,121789.0,1,41636212.4713
2025-08-21,Novoportovskoye,Arctic,19555.1,23006.0,1,6761782.0331
2025-08-21,Prigorodnoye,Pacific,89012.595,111405.0,1,33251248.613171
2025-08-21,Primorsk,Baltic,195437.593,224383.0,2,67578606.345133
2025-08-22,Nakhodka,Pacific,100074.75,117735.0,1,37483425.973092
2025-08-22,Primorsk,Baltic,101697.96,116760.0,1,34636698.00864
2025-08-22,Yuri Korchagin,Caspian Sea,12418.718,14258.0,1,4229616.651312
2025-08-23,Murmansk,Arctic,148149.85653,170430.0,1,50247542.389711
2025-08-23,Nakhodka,Pacific,198394.25,233405.0,2,77602349.602179
2025-08-23,Novoportovskoye,Arctic,32299.15,37999.0,1,10954805.80805
2025-08-23,Primorsk,Baltic,84698.653,97243.0,1,28726988.042051
2025-08-23,Ust Luga,Baltic,134598.243,154533.0,1,45651282.283581
2025-08-23,Varandey,Arctic,69143.151,81633.0,1,23451075.095217
2025-08-24,Nakhodka,Pacific,199802.7,235062.0,2,77899222.702531
2025-08-24,Novorossiysk,Black sea,231588.448,265888.0,2,77353089.104928
2025-08-24,Yuri Korchagin,Caspian Sea,13944.71,16010.0,1,4657686.53181
2025-08-25,Novoportovskoye,Arctic,16149.15,18999.0,1,5522799.36105
2025-08-25,Primorsk,Baltic,202787.962,232822.0,2,69350846.760494
2025-08-26,De Kastri,Pacific,95145.31,112598.0,1,38933460.852
2025-08-26,Nakhodka,Pacific,303441.5,356990.0,3,124168261.8
2025-08-26,Novorossiysk,Black sea,236036.645,270995.0,2,80095258.89443
2025-08-26,Primorsk,Baltic,245851.944,282264.0,2,83425923.565296
2025-08-27,Nakhodka,Pacific,104010.25,122365.0,1,41973128.367
2025-08-27,Novorossiysk,Black sea,86981.544,99864.0,1,29534061.375936
2025-08-27,Primorsk,Baltic,100326.135,115185.0,1,34065137.18244
2025-08-27,Ust Luga,Baltic,97207.955,111605.0,1,33006377.87252
2025-08-27,Yuri Korchagin,Caspian Sea,12858.573,14763.0,1,4366051.310712
2025-08-28,Murmansk,Arctic,143465.355111,165041.0,1,48201633.475549
2025-08-28,Nakhodka,Pacific,194416.25,228725.0,2,78393297.99
2025-08-28,Novorossiysk,Black sea,100000.381,114811.0,1,33598228.008761
2025-08-28,Primorsk,Baltic,193067.602,221662.0,2,64867045.987562
2025-08-28,Varandey,Arctic,35211.484,41572.0,1,11830389.605804
2025-08-29,Nakhodka,Pacific,101167.85,119021.0,1,41258677.2584
2025-08-29,Primorsk,Baltic,99440.328,114168.0,1,33325039.361328
2025-08-29,Ust Luga,Baltic,101090.002,116062.0,1,33877888.010252
2025-08-30,De Kastri,Pacific,59798.115,70767.0,1,24387106.45176
2025-08-30,Murmansk,Arctic,138202.788477,158987.0,1,46228832.745556
2025-08-30,Nakhodka,Pacific,208020.5,244730.0,2,84835752.392
2025-08-30,Primorsk,Baltic,200473.715,230165.0,2,67058457.6675
2025-08-31,Nakhodka,Pacific,95766.95,112667.0,1,39056060.6168
2025-08-31,Novoportovskoye,Arctic,82008.85,96481.0,2,27575147.7771
2025-08-31,Novorossiysk,Black sea,220952.129,270629.0,2,74294269.567734
2025-08-31,Primorsk,Baltic,101090.002,116062.0,1,33991108.812492
2025-08-31,Ust Luga,Baltic,146976.024,168744.0,1,49420100.165904
2025-08-31,Yuri Korchagin,Caspian Sea,12418.718,14258.0,2,4175744.252628
2025-09-01,Nakhodka,Pacific,187470.05,220553.0,3,72098712.174028
2025-09-01,Novoportovskoye,Arctic,39513.1,46486.0,1,13021146.974
2025-09-01,Prigorodnoye,Pacific,44508.295,55705.0,1,17757652.48933
2025-09-01,Primorsk,Baltic,97724.458,112198.0,1,32204117.88932
2025-09-02,De Kastri,Pacific,94040.895,111291.0,1,38350723.349055
2025-09-02,Murmansk,Arctic,246125.735648,277803.0,2,82532358.431901
2025-09-02,Nakhodka,Pacific,96904.25,114005.0,1,39518425.28825
2025-09-02,Novorossiysk,Black sea,141624.6,162600.0,2,47490410.6196
2025-09-02,Primorsk,Baltic,196813.773,225963.0,3,65996775.244998
2025-09-02,Ust Luga,Baltic,203820.968,234008.0,2,68346469.915568
2025-09-03,Nakhodka,Pacific,103468.8,121728.0,2,42414654.7776
2025-09-03,Novoportovskoye,Arctic,39110.2,46012.0,1,13098162.4208
2025-09-03,Novorossiysk,Black sea,220571.0,259660.0,2,73870110.184
2025-09-03,Primorsk,Baltic,410665.177,471487.0,4,137533410.438008
2025-09-04,Primorsk,Baltic,101090.002,116062.0,1,33081602.064498
2025-09-04,Prirazlomnoye Field,Arctic,66041.43,72573.0,1,21611991.92607
2025-09-04,Yuri Korchagin,Caspian Sea,12418.718,14258.0,1,4064013.046782
2025-09-05,Nakhodka,Pacific,199982.9,235274.0,2,78894853.9132
2025-09-05,Novorossiysk,Black sea,363967.145,430679.0,3,115087139.18329
2025-09-05,Primorsk,Baltic,231377.666,265646.0,2,73162080.744532
2025-09-05,Ust Luga,Baltic,99087.573,113763.0,1,31331688.757746
2025-09-06,De Kastri,Pacific,90981.995,107671.0,1,35893124.88346
2025-09-06,Nakhodka,Pacific,104010.25,122365.0,1,41032875.707
2025-09-06,Novoportovskoye,Arctic,21532.2,25332.0,1,6771532.3848
2025-09-06,Primorsk,Baltic,101090.002,116062.0,1,31791188.188968
2025-09-06,Ust Luga,Baltic,101951.421,117051.0,1,32062090.681764
2025-09-06,Varandey,Arctic,69143.151,81633.0,1,21744414.699084
2025-09-07,Novorossiysk,Black sea,192762.464,224798.0,2,58846332.247456
2025-09-07,Primorsk,Baltic,194555.27,223370.0,2,59393638.27033
2025-09-07,Prirazlomnoye Field,Arctic,2740.92,3012.0,1,836745.31668
2025-09-07,Ust Luga,Baltic,143730.678,165018.0,1,43877957.649162
2025-09-08,Murmansk,Arctic,150085.39,164929.0,1,46699969.61084
2025-09-08,Nakhodka,Pacific,300379.8,353388.0,3,118411819.8186
2025-09-08,Novoportovskoye,Arctic,64597.45,75997.0,1,20099884.1522
2025-09-08,Novorossiysk,Black sea,83486.304,99864.0,1,25977264.407424
2025-09-08,Primorsk,Baltic,138477.677,158987.0,1,43088160.064612
2025-09-09,De Kastri,Pacific,95145.31,112598.0,1,37320842.99281
2025-09-09,Primorsk,Baltic,204955.01,235310.0,2,66495808.39941
2025-09-10,Nakhodka,Pacific,208357.95,245127.0,2,83263587.2631
2025-09-10,Primorsk,Baltic,196481.922,225582.0,2,64867917.102534
2025-09-10,Ust Luga,Baltic,199291.768,228808.0,2,65795579.329896
2025-09-10,Yuri Korchagin,Caspian Sea,6443.658,7398.0,1,2127354.357726
2025-09-11,Murmansk,Arctic,3833.48511,4410.0,1,1267239.006298
2025-09-11,Nakhodka,Pacific,101533.35,119451.0,1,40940581.98705
2025-09-11,Novoportovskoye,Arctic,20711.1,24366.0,1,6846489.0381
2025-09-11,Novorossiysk,Black sea,86981.544,99864.0,1,28753575.981624
2025-09-11,Ust Luga,Baltic,102049.844,117164.0,2,33734718.980924
2025-09-11,Varandey,Arctic,69143.151,81633.0,1,22856720.569221
2025-09-12,Nakhodka,Pacific,208020.5,244730.0,2,81519905.622
2025-09-12,Novorossiysk,Black sea,140794.537,161647.0,1,44841088.910982
2025-09-12,Primorsk,Baltic,199600.973,229163.0,2,63570115.486878
2025-09-12,Prirazlomnoye Field,Arctic,66551.94,73134.0,1,21195861.16284
2025-09-13,Murmansk,Arctic,143989.3,158230.0,1,46320205.8956
2025-09-13,Novoportovskoye,Arctic,41118.75,48375.0,1,13227572.925
2025-09-13,Novorossiysk,Black sea,144073.852,165412.0,1,46347405.597584
2025-09-13,Prigorodnoye,Pacific,90956.562,113838.0,2,33748362.60825
2025-09-13,Primorsk,Baltic,149235.398,171338.0,1,48007833.653416
2025-09-14,De Kastri,Pacific,93905.695,111131.0,1,36800139.37938
2025-09-14,Murmansk,Arctic,134661.989,158987.0,1,44137486.824585
2025-09-14,Nakhodka,Pacific,95159.2,111952.0,1,37291367.9328
2025-09-14,Novorossiysk,Black sea,132858.005,165041.0,1,43546204.008825
2025-09-14,Primorsk,Baltic,101089.131,116061.0,1,33133479.022215
2025-09-14,Ust Luga,Baltic,204793.004,235124.0,2,67123978.95606
2025-09-15,Nakhodka,Pacific,100311.9,118014.0,1,39150229.8915
2025-09-15,Varandey,Arctic,69143.151,81633.0,1,22704467.350719
2025-09-16,Murmansk,Arctic,96130.265,113495.0,1,32231516.55185
2025-09-16,Novoportovskoye,Arctic,39513.1,46486.0,1,13248347.299
2025-09-16,Primorsk,Baltic,181245.519,208089.0,2,60769810.06551
2025-09-16,Ust Luga,Baltic,140933.897,161807.0,1,47253726.32513
2025-09-17,De Kastri,Pacific,93905.695,111131.0,1,37723701.889705
2025-09-17,Novorossiysk,Black sea,399101.34,463160.0,3,134263677.2961
2025-09-17,Primorsk,Baltic,210614.768,241808.0,2,70853967.17672
2025-09-18,Murmansk,Arctic,61085.57,67127.0,1,20138263.11861
2025-09-18,Nakhodka,Pacific,104010.25,122365.0,1,41352603.2155
2025-09-18,Novoportovskoye,Arctic,8998.95,10587.0,1,2966710.84335
2025-09-18,Novorossiysk,Black sea,86981.544,99864.0,1,28675466.555112
2025-09-18,Primorsk,Baltic,100000.381,114811.0,1,32967425.605413
2025-09-18,Ust Luga,Baltic,97647.81,112110.0,1,32191846.46613
2025-09-19,Nakhodka,Pacific,104010.25,122365.0,1,41314015.41275
2025-09-19,Novorossiysk,Black sea,97510.192,111952.0,1,31439918.675984
2025-09-19,Primorsk,Baltic,202090.291,232021.0,2,65159366.256257
2025-09-19,Ust Luga,Baltic,106181.868,121908.0,1,34235901.153636
2025-09-20,Kaliningrad,Baltic,18914.688,22734.0,1,6031080.671616
2025-09-20,Nakhodka,Pacific,200373.05,235733.0,2,79590379.56355
2025-09-20,Novorossiysk,Black sea,147748.601,169631.0,1,47110675.669057
2025-09-20,Primorsk,Baltic,303414.592,348352.0,3,96745866.561344
2025-09-21,Novorossiysk,Black sea,135633.645,168489.0,1,44260920.471915
2025-09-21,Primorsk,Baltic,97979.661,112491.0,1,31973408.835147
2025-09-21,Ust Luga,Baltic,101710.154,116774.0,1,33190769.424358
2025-09-21,Varandey,Arctic,69143.151,81633.0,1,22563277.036377
2025-09-22,De Kastri,Pacific,95145.31,112598.0,1,35113764.609928
2025-09-22,Nakhodka,Pacific,296215.65,348489.0,3,116663941.3212
2025-09-22,Novorossiysk,Black sea,102119.072,122152.0,1,32982111.517344
2025-09-22,Primorsk,Baltic,98878.533,113523.0,1,31935491.952741
2025-09-22,Ust Luga,Baltic,96934.461,111291.0,1,31307601.410397
2025-09-23,Nakhodka,Pacific,103520.65,121789.0,1,40729889.18055
2025-09-23,Novorossiysk,Black sea,107187.873,123063.0,1,35101241.522802
2025-09-23,Primorsk,Baltic,116375.181,133611.0,1,38109846.022794
2025-09-23,Yuri Korchagin,Caspian Sea,12857.702,14762.0,3,4210563.104748
2025-09-24,Kolyma,Pacific,7645.456,9256.0,1,3308066.483904
2025-09-24,Murmansk,Arctic,185366.11,209779.0,2,62525842.5641
2025-09-24,Nakhodka,Pacific,95766.95,112667.0,1,38181516.8294
2025-09-24,Novorossiysk,Black sea,146362.84,168040.0,1,49369649.5604
2025-09-24,Primorsk,Baltic,200599.139,230309.0,2,67664095.57609
2025-09-25,De Kastri,Pacific,46049.965,54497.0,1,18772958.981725
2025-09-25,Nakhodka,Pacific,204085.0,240100.0,2,79466472.623295
2025-09-25,Novorossiysk,Black sea,91633.96,109610.0,1,31355491.70072
2025-09-25,Primorsk,Baltic,202787.962,232822.0,2,69390390.413084
2025-09-25,Prirazlomnoye Field,Arctic,66218.88,72768.0,1,22658908.79616
2025-09-25,Varandey,Arctic,68678.148,81084.0,1,23500426.038936
2025-09-26,Nakhodka,Pacific,104010.25,122365.0,1,38743872.366421
2025-09-26,Novoportovskoye,Arctic,129194.9,151994.0,2,45030494.8103
2025-09-26,Primorsk,Baltic,177519.381,203811.0,3,61873847.689407
2025-09-26,Ust Luga,Baltic,244820.68,281080.0,2,85331513.55196
2025-09-27,Kaliningrad,Baltic,18914.688,22734.0,1,6561202.632192
2025-09-27,Murmansk,Arctic,3682.231956,4236.0,1,1277307.349825
2025-09-27,Nakhodka,Pacific,203630.25,239565.0,2,83969784.411
2025-09-27,Novorossiysk,Black sea,150644.676,172956.0,1,52256227.789584
2025-09-27,Prigorodnoye,Pacific,88921.509,111291.0,1,36668029.137276
2025-09-27,Primorsk,Baltic,101697.96,116760.0,1,35277395.15664
2025-09-28,Murmansk,Arctic,148149.85653,170430.0,1,50708140.293662
2025-09-28,Novoportovskoye,Arctic,41174.0,48440.0,1,14092872.024
2025-09-28,Primorsk,Baltic,202787.962,232822.0,2,69409452.481512
2025-09-28,Ust Luga,Baltic,197074.202,226262.0,2,67453769.563752
2025-09-29,De Kastri,Pacific,93905.695,111131.0,1,38456166.310705
2025-09-29,Murmansk,Arctic,2747.765631,3161.0,1,926563.057367
2025-09-29,Nakhodka,Pacific,95386.15,112219.0,1,35376814.066736
2025-09-29,Novoportovskoye,Arctic,40834.85,48041.0,1,13769756.4291
2025-09-29,Primorsk,Baltic,250780.933,287923.0,2,84564835.293198
2025-09-29,Varandey,Arctic,23253.538,27454.0,1,7841232.534828
2025-09-30,Nakhodka,Pacific,286405.8,336948.0,3,113555890.0188
2025-09-30,Novorossiysk,Black sea,136048.22,169004.0,1,44798774.17092
2025-09-30,Primorsk,Baltic,101090.002,116062.0,1,33287522.398572
2025-09-30,Ust Luga,Baltic,141953.838,162978.0,1,46743411.499668
2025-10-01,Murmansk,Arctic,150834.607,178081.0,1,47736890.596395
2025-10-01,Nakhodka,Pacific,207018.35,243551.0,2,81188042.4663
2025-10-01,Novorossiysk,Black sea,99999.812,119617.0,1,31648440.50082
2025-10-01,Primorsk,Baltic,101697.96,116760.0,1,32185878.8706
2025-10-02,Nakhodka,Pacific,96242.1,113226.0,1,36971306.4729
2025-10-02,Novorossiysk,Black sea,224806.842,258102.0,2,68839451.929872
2025-10-02,Primorsk,Baltic,197007.135,226185.0,2,60326736.85116
2025-10-02,Ust Luga,Baltic,99704.241,114471.0,1,30531033.862056
2025-10-02,Varandey,Arctic,69143.151,81633.0,1,21172739.126616
2025-10-02,Yuri Korchagin,Caspian Sea,12835.056,14736.0,2,3930299.508096
2025-10-03,Murmansk,Arctic,101533.35,119451.0,1,31751306.1453
2025-10-03,Nakhodka,Pacific,104010.25,122365.0,1,39413332.10425
2025-10-03,Novoportovskoye,Arctic,8998.95,10587.0,1,2814133.6461
2025-10-03,Primorsk,Baltic,101779.834,116854.0,1,31828386.128812
2025-10-03,Prirazlomnoye Field,Arctic,66218.88,72768.0,1,20707835.71584
2025-10-04,Murmansk,Arctic,134661.989,158987.0,1,42080524.94261
2025-10-04,Nakhodka,Pacific,104010.25,122365.0,1,39413332.10425
2025-10-04,Novorossiysk,Black sea,147425.46,169260.0,1,46068981.9954
2025-10-04,Primorsk,Baltic,101697.96,116760.0,1,31779595.5204
2025-10-05,De Kastri,Pacific,93905.695,111131.0,1,35584342.346215
2025-10-05,Novorossiysk,Black sea,224423.685,261675.0,3,70969277.483865
2025-10-05,Primorsk,Baltic,213032.664,244584.0,2,67367106.304056
2025-10-05,Ust Luga,Baltic,143736.775,165025.0,1,45453736.621475
2025-10-06,Nakhodka,Pacific,301226.4,354384.0,3,114610176.993735
2025-10-06,Novoportovskoye,Arctic,64597.45,75997.0,1,20661817.36975
2025-10-06,Prigorodnoye,Pacific,73076.54,91460.0,1,27207063.448923
2025-10-06,Primorsk,Baltic,104682.006,120186.0,1,33483063.02913
2025-10-06,Ust Luga,Baltic,106089.542,121802.0,1,33933270.45641
2025-10-07,Nakhodka,Pacific,208020.5,244730.0,2,79188630.710656
2025-10-07,Novoportovskoye,Arctic,64597.45,75997.0,1,20608782.8633
2025-10-07,Ust Luga,Baltic,100161.516,114996.0,1,31954929.095544
2025-10-07,Varandey,Arctic,69143.151,81633.0,1,22059016.036134
2025-10-08,Nakhodka,Pacific,103520.65,121789.0,1,40330713.55415
2025-10-08,Novoportovskoye,Arctic,41174.0,48440.0,1,13369527.192
2025-10-08,Novorossiysk,Black sea,271978.834,324250.0,2,88313703.230472
2025-10-08,Primorsk,Baltic,399972.781,459211.0,5,129874361.772948
2025-10-08,Prirazlomnoye Field,Arctic,66551.94,73134.0,1,21609947.33352
2025-10-08,Ust Luga,Baltic,101124.842,116102.0,1,32836045.196136
2025-10-09,De Kastri,Pacific,95145.31,112598.0,1,37255478.16484
2025-10-09,Nakhodka,Pacific,100074.75,117735.0,1,37473741.167484
2025-10-09,Novorossiysk,Black sea,235227.569,274079.0,2,76510589.548078
2025-10-09,Primorsk,Baltic,101697.96,116760.0,1,33078481.86552
2025-10-09,Yuri Korchagin,Caspian Sea,12418.718,14258.0,1,4039337.054116
2025-10-10,Murmansk,Arctic,144319.848504,166024.0,1,44644046.256076
2025-10-10,Nakhodka,Pacific,196250.55,230883.0,2,75667343.31075
2025-10-10,Primorsk,Baltic,143730.678,165018.0,2,44461791.663198
2025-10-10,Ust Luga,Baltic,98318.48,112880.0,1,30413936.92168
2025-10-11,De Kastri,Pacific,46953.27,55566.0,1,18103537.54755
2025-10-11,Primorsk,Baltic,166152.831,190761.0,2,51848323.219212
2025-10-12,Nakhodka,Pacific,105071.9,123614.0,1,40512047.1235
2025-10-12,Novorossiysk,Black sea,236036.645,270995.0,2,73370810.915025
2025-10-12,Primorsk,Baltic,200917.925,230675.0,2,62454332.396625
2025-10-12,Varandey,Arctic,69143.151,81633.0,1,21492802.772595
2025-10-13,Murmansk,Arctic,150187.31,165041.0,1,46802420.85337
2025-10-13,Nakhodka,Pacific,202526.1,238266.0,2,77117943.985356
2025-10-13,Novoportovskoye,Arctic,29534.1,34746.0,2,9203622.9807
2025-10-13,Primorsk,Baltic,108922.034,125054.0,1,33943046.689318
2025-10-14,De Kastri,Pacific,69999.8,82840.0,1,26418624.518
2025-10-14,Nakhodka,Pacific,189263.55,222663.0,2,71429956.4055
2025-10-14,Novorossiysk,Black sea,151700.328,174168.0,1,45838529.61012
2025-10-14,Primorsk,Baltic,201099.964,230884.0,2,60765370.62206
2025-10-14,Prirazlomnoye Field,Arctic,66551.94,73134.0,1,20109666.9501
2025-10-15,Murmansk,Arctic,111786.22,122842.0,1,32948652.98634
2025-10-15,Primorsk,Baltic,99185.996,113876.0,1,29234774.763012
2025-10-15,Ust Luga,Baltic,203749.546,233926.0,2,60054567.434862
2025-10-16,De Kastri,Pacific,46952.425,55565.0,1,17375683.91975
2025-10-16,Murmansk,Arctic,142463.085648,163888.0,1,40916395.439705
2025-10-16,Nakhodka,Pacific,94104.35,110711.0,1,34825196.8045
2025-10-16,Primorsk,Baltic,304466.76,349560.0,3,87444984.73932
2025-10-16,Ust Luga,Baltic,98292.35,112850.0,1,28230250.96645
2025-10-17,Nakhodka,Pacific,300290.55,353283.0,4,108439421.96325
2025-10-17,Novorossiysk,Black sea,301583.75,346250.0,3,85742974.37875
2025-10-17,Varandey,Arctic,69143.151,81633.0,1,19658020.117659
2025-10-18,Primorsk,Baltic,302457.363,347253.0,3,87027569.342805
2025-10-18,Ust Luga,Baltic,211367.312,242672.0,2,60817773.51832
2025-10-19,Murmansk,Arctic,111616.96,122656.0,1,32314672.55744
2025-10-19,Nakhodka,Pacific,201663.35,237251.0,2,72823660.63525
2025-10-19,Novoportovskoye,Arctic,32299.15,37999.0,1,9351056.1131
2025-10-19,Novorossiysk,Black sea,266030.547,316911.0,2,77019567.784158
2025-10-20,Murmansk,Arctic,155091.3,170430.0,1,43743966.4389
2025-10-20,Novoportovskoye,Arctic,41174.0,48440.0,1,11613250.222
2025-10-20,Prigorodnoye,Pacific,90486.75,113250.0,1,32664630.909
2025-10-20,Primorsk,Baltic,208075.803,238893.0,2,58688404.463559
2025-10-20,Ust Luga,Baltic,140930.413,161803.0,1,39749845.777889
2025-10-21,De Kastri,Pacific,95145.31,112598.0,1,34809101.95412
2025-10-21,Kaliningrad,Baltic,9093.76,10930.0,1,2608099.46176
2025-10-21,Murmansk,Arctic,3682.231956,4236.0,1,1056067.807213
2025-10-21,Nakhodka,Pacific,309050.65,363589.0,3,113066798.4038
2025-10-21,Novorossiysk,Black sea,239374.317,274827.0,3,68652793.489917
2025-10-21,Primorsk,Baltic,202251.426,232206.0,2,58005911.228226
2025-10-21,Prirazlomnoye Field,Arctic,66885.0,73500.0,1,19182684.885
2025-10-21,Varandey,Arctic,69143.151,81633.0,1,19830324.849951
2025-10-22,Novoportovskoye,Arctic,41118.75,48375.0,1,11768638.55625
2025-10-22,Ust Luga,Baltic,146734.757,168467.0,1,41997101.535727
2025-10-23,Murmansk,Arctic,249212.334171,290919.0,2,72843020.791844
2025-10-23,Nakhodka,Pacific,100074.75,117735.0,1,39077588.679
2025-10-23,Novorossiysk,Black sea,140928.671,161801.0,1,41192464.032603
2025-10-23,Primorsk,Baltic,202787.962,232822.0,2,59273501.776866
2025-10-23,Ust Luga,Baltic,101028.161,115991.0,1,29529824.263173
2025-10-23,Yuri Korchagin,Caspian Sea,6972.355,8005.0,1,2037970.560015
2025-10-24,De Kastri,Pacific,77093.575,91235.0,1,30319129.895275
2025-10-24,Nakhodka,Pacific,304435.15,358159.0,3,119727342.48655
2025-10-24,Primorsk,Baltic,101090.002,116062.0,1,29963582.04281
2025-10-25,Nakhodka,Pacific,104010.25,122365.0,1,40904839.08925
2025-10-25,Novoportovskoye,Arctic,39513.1,46486.0,1,11797821.398
2025-10-25,Novorossiysk,Black sea,140931.284,161804.0,1,42079262.77672
2025-10-25,Prigorodnoye,Pacific,89017.389,111411.0,1,35008491.693753
2025-10-25,Prirazlomnoye Field,Arctic,66041.43,72573.0,1,19718650.1694
2025-10-25,Yuri Korchagin,Caspian Sea,2483.221,2851.0,1,741440.12618
2025-10-26,Murmansk,Arctic,143451.446775,165025.0,1,43904319.445616
2025-10-26,Nakhodka,Pacific,104462.45,122897.0,1,41082678.94865
2025-10-26,Novoportovskoye,Arctic,19555.1,23006.0,1,5984975.2407
2025-10-26,Novorossiysk,Black sea,225265.976,265276.0,2,68944228.816632
2025-10-26,Primorsk,Baltic,209108.809,240079.0,2,63999214.756113
2025-10-26,Ust Luga,Baltic,100396.686,115266.0,1,30727108.527102
2025-10-26,Varandey,Arctic,57354.605,67715.0,1,17553778.342485
2025-10-27,Nakhodka,Pacific,95766.95,112667.0,1,37822773.8347
2025-10-27,Primorsk,Baltic,186053.439,213609.0,2,56717088.505077
2025-10-28,De Kastri,Pacific,47572.655,56299.0,1,18532070.473215
2025-10-28,Primorsk,Baltic,101697.96,116760.0,1,29992050.47748
2025-10-28,Prirazlomnoye Field,Arctic,2740.92,3012.0,1,808332.93996
2025-10-28,Yuri Korchagin,Caspian Sea,12418.718,14258.0,1,3662441.381534
2025-10-29,Nakhodka,Pacific,210218.6,247316.0,2,79496686.194726
2025-10-29,Novorossiysk,Black sea,189649.394,220079.0,2,56857457.269382
2025-10-29,Ust Luga,Baltic,139184.058,159798.0,1,41727798.140574
2025-10-30,Nakhodka,Pacific,95386.15,112219.0,1,35906700.545831
2025-10-30,Novoportovskoye,Arctic,32299.15,37999.0,1,9854147.6735
2025-10-30,Primorsk,Baltic,194444.653,223243.0,2,59323119.18377
2025-10-30,Ust Luga,Baltic,195194.584,224104.0,2,59551915.63256
2025-10-31,De Kastri,Pacific,90981.995,107671.0,1,35247516.64694
2025-10-31,Nakhodka,Pacific,204085.0,240100.0,2,77953431.461805
2025-10-31,Novorossiysk,Black sea,149072.521,171151.0,1,45446845.042144
2025-10-31,Varandey,Arctic,69143.151,81633.0,1,21079257.586464
2025-11-01,Primorsk,Baltic,101697.96,116760.0,1,30244058.02236
2025-11-01,Prirazlomnoye Field,Arctic,66885.0,73500.0,1,19890997.035
2025-11-02,Nakhodka,Pacific,283078.9,333034.0,3,107583815.927461
2025-11-02,Novoportovskoye,Arctic,21532.2,25332.0,1,6240246.882
2025-11-02,Novorossiysk,Black sea,143374.439,164609.0,1,41551346.16659
2025-11-02,Primorsk,Baltic,203602.347,233757.0,2,59005996.18407
2025-11-02,Ust Luga,Baltic,101090.002,116062.0,1,29296893.47962
2025-11-03,De Kastri,Pacific,47572.655,56299.0,1,18494250.21249
2025-11-03,Nakhodka,Pacific,206657.95,243127.0,2,80339931.3261
2025-11-03,Novoportovskoye,Arctic,13807.4,16244.0,1,4100425.0002
2025-11-03,Primorsk,Baltic,99277.451,113981.0,1,29482722.455823
2025-11-03,Yuri Korchagin,Caspian Sea,12834.185,14735.0,1,3811406.422005
2025-11-04,De Kastri,Pacific,93905.695,111131.0,1,36609229.101445
2025-11-04,Novoportovskoye,Arctic,41118.75,48375.0,1,12409597.63125
2025-11-04,Primorsk,Baltic,104317.057,119767.0,1,31482783.485543
2025-11-04,Ust Luga,Baltic,104041.821,119451.0,1,31399717.535979
2025-11-05,Prigorodnoye,Pacific,73269.099,91701.0,1,27720266.272189
2025-11-05,Primorsk,Baltic,98159.087,112697.0,1,29053028.411173
2025-11-05,Ust Luga,Baltic,144072.11,165410.0,1,42642319.04569
2025-11-05,Varandey,Arctic,69143.151,81633.0,1,20464920.689829
2025-11-06,Murmansk,Arctic,95000.25,111765.0,1,28167384.1245
2025-11-06,Nakhodka,Pacific,382145.55,449583.0,4,146177460.307622
2025-11-06,Novoportovskoye,Arctic,19756.55,23243.0,1,5857777.5619
2025-11-06,Primorsk,Baltic,212807.946,244326.0,2,63097130.373108
2025-11-07,Nakhodka,Pacific,196047.4,230644.0,2,75339839.5356
2025-11-07,Primorsk,Baltic,208434.655,239305.0,2,61368164.86372
2025-11-07,Prirazlomnoye Field,Arctic,66041.43,72573.0,1,19444181.98632
2025-11-07,Ust Luga,Baltic,103331.085,118635.0,1,30423151.37004
2025-11-08,Murmansk,Arctic,111264.251956,122458.0,2,32138011.591979
2025-11-08,Novorossiysk,Black sea,134598.243,154533.0,1,38877894.901092
2025-11-08,Primorsk,Baltic,98157.345,112695.0,1,28352160.15918
2025-11-08,Ust Luga,Baltic,106925.702,122762.0,1,30884847.468488
2025-11-09,Nakhodka,Pacific,187503.2,220592.0,2,72056354.7408
2025-11-09,Novoportovskoye,Arctic,39110.2,46012.0,1,11266162.4324
2025-11-09,Novorossiysk,Black sea,86981.544,99864.0,1,25056077.527728
2025-11-10,De Kastri,Pacific,95145.31,112598.0,1,36800303.0018
2025-11-10,Nakhodka,Pacific,95399.75,112235.0,1,36898715.305
2025-11-10,Novorossiysk,Black sea,86548.657,99367.0,1,24634517.339224
2025-11-10,Primorsk,Baltic,198050.593,227383.0,3,56371536.386776
2025-11-10,Prirazlomnoye Field,Arctic,2740.92,3012.0,1,780153.54144
2025-11-10,Ust Luga,Baltic,144073.852,165412.0,1,41008028.642464
2025-11-10,Varandey,Arctic,57354.605,67715.0,1,16324955.93036
2025-11-11,Nakhodka,Pacific,252294.45,296817.0,2,97201230.45705
2025-11-12,De Kastri,Pacific,90981.995,107671.0,1,35687414.592765
2025-11-12,Nakhodka,Pacific,212258.6,249716.0,2,81479633.046353
2025-11-12,Novoportovskoye,Arctic,21532.2,25332.0,1,5867589.0966
2025-11-12,Novorossiysk,Black sea,86981.544,99864.0,1,23702731.684632
2025-11-12,Prigorodnoye,Pacific,88921.509,111291.0,1,33398000.736156
2025-11-12,Primorsk,Baltic,195219.843,224133.0,2,53197992.877029
2025-11-12,Prirazlomnoye Field,Arctic,66218.88,72768.0,1,18044843.45664
2025-11-13,De Kastri,Pacific,93905.695,111131.0,1,35350892.788445
2025-11-13,Novoportovskoye,Arctic,32298.3,37998.0,1,8671964.3568
2025-11-13,Novorossiysk,Black sea,292240.533,335523.0,2,78465414.148368
2025-11-13,Primorsk,Baltic,97217.536,111616.0,1,26102519.545856
2025-11-13,Ust Luga,Baltic,103041.913,118303.0,1,27666341.472848
2025-11-14,Nakhodka,Pacific,203280.9,239154.0,2,76796999.762366
2025-11-14,Primorsk,Baltic,198988.66,228460.0,2,52852980.00528
2025-11-15,Kaliningrad,Baltic,9820.928,11804.0,1,2690178.060544
2025-11-15,Nakhodka,Pacific,209534.35,246511.0,2,80077742.5395
2025-11-15,Primorsk,Baltic,97979.661,112491.0,1,26838882.680103
2025-11-16,Murmansk,Arctic,101274.81,111291.0,1,28441815.09078
2025-11-16,Primorsk,Baltic,99876.699,114669.0,1,28049172.393762
2025-11-16,Ust Luga,Baltic,101090.002,116062.0,1,28389913.981676
2025-11-17,De Kastri,Pacific,47572.655,56299.0,1,18201678.38424
2025-11-17,Nakhodka,Pacific,105001.35,123531.0,1,40174356.5208
2025-11-17,Novorossiysk,Black sea,147409.782,169242.0,2,40886609.003994
2025-11-17,Primorsk,Baltic,98854.145,113495.0,1,27418877.636215
2025-11-18,Nakhodka,Pacific,105001.35,123531.0,1,39389785.04708
2025-11-18,Novorossiysk,Black sea,86981.544,99864.0,1,25463933.987544
2025-11-18,Primorsk,Baltic,102766.677,117987.0,1,30085047.458427
2025-11-18,Ust Luga,Baltic,118865.37,136470.0,1,34797955.93287
2025-11-19,Astrakhan,Caspian Sea,1245.608,1508.0,1,512545.271056
2025-11-19,Murmansk,Arctic,3682.231956,4236.0,1,1038197.93553
2025-11-19,Nakhodka,Pacific,200483.55,235863.0,2,77688378.04275
2025-11-19,Novoportovskoye,Arctic,39513.1,46486.0,1,11140639.5188
2025-11-19,Novorossiysk,Black sea,86981.544,99864.0,1,24524272.367712
2025-11-19,Primorsk,Baltic,207331.969,238039.0,2,58456833.995612
2025-11-19,Ust Luga,Baltic,118837.498,136438.0,1,33505994.886104
2025-11-19,Varandey,Arctic,69143.151,81633.0,1,19494773.138148
2025-11-20,Nakhodka,Pacific,100311.9,118014.0,1,38409928.0695
2025-11-20,Primorsk,Baltic,203868.002,234062.0,2,58711945.89598
2025-11-20,Prirazlomnoye Field,Arctic,66041.43,72573.0,1,19019271.4257
2025-11-20,Ust Luga,Baltic,97217.536,111616.0,1,27997678.19264
2025-11-21,De Kastri,Pacific,47572.655,56299.0,1,17960913.177285
2025-11-21,Primorsk,Baltic,199903.21,229510.0,2,55907530.45033
2025-11-22,Nakhodka,Pacific,204723.35,240851.0,2,77292686.62245
2025-11-22,Novoportovskoye,Arctic,40779.6,47976.0,1,11330571.0804
2025-11-22,Novorossiysk,Black sea,146362.84,168040.0,1,40666768.73116
2025-11-22,Prigorodnoye,Pacific,89012.595,111405.0,1,33606438.204465
2025-11-22,Primorsk,Baltic,97659.133,112123.0,1,27134492.444917
2025-11-22,Ust Luga,Baltic,98900.308,113548.0,2,27479351.677492
2025-11-23,Murmansk,Arctic,107315.851305,123455.0,1,30453448.388225
2025-11-23,Nakhodka,Pacific,207972.9,244674.0,2,78505794.988861
2025-11-23,Novorossiysk,Black sea,245325.56,288280.0,2,69617015.46344
2025-11-23,Primorsk,Baltic,199965.051,229581.0,2,56744882.382474
2025-11-23,Prirazlomnoye Field,Arctic,2740.92,3012.0,1,777801.83208
2025-11-24,Murmansk,Arctic,99559.768,117544.0,1,28711643.254448
2025-11-24,Nakhodka,Pacific,104536.4,122984.0,1,39385343.1368
2025-11-24,Novoportovskoye,Arctic,19555.1,23006.0,1,5639417.0686
2025-11-24,Primorsk,Baltic,213584.878,245218.0,3,61594888.626908
2025-11-24,Ust Luga,Baltic,113797.892,130652.0,1,32817718.882312
2025-11-25,Murmansk,Arctic,144678.17,158987.0,1,40036934.66227
2025-11-25,Nakhodka,Pacific,100647.65,118409.0,1,37991971.68375
2025-11-25,Novorossiysk,Black sea,151741.265,174215.0,1,41991512.004715
2025-11-25,Ust Luga,Baltic,99440.328,114168.0,1,27518221.407768
2025-11-26,De Kastri,Pacific,93905.695,111131.0,1,35208719.566215
2025-11-26,Nakhodka,Pacific,337436.4,396984.0,3,126517391.5068
2025-11-26,Novorossiysk,Black sea,82655.32,98870.0,1,23774645.62352
2025-11-26,Primorsk,Baltic,145285.413,166803.0,1,41789315.053668
2025-11-26,Prirazlomnoye Field,Arctic,66218.88,72768.0,1,19046933.76768
2025-11-26,Ust Luga,Baltic,207271.87,237970.0,2,59618851.59932
2025-11-27,Murmansk,Arctic,144802.273,170959.0,1,41162797.343437
2025-11-27,Nakhodka,Pacific,204085.0,240100.0,2,76651742.07455
2025-11-27,Novoportovskoye,Arctic,20559.8,24188.0,1,5844513.7862
2025-11-27,Novorossiysk,Black sea,147425.46,169260.0,1,41908488.08874
2025-11-27,Primorsk,Baltic,84698.653,97243.0,1,24077201.389657
2025-11-27,Yuri Korchagin,Caspian Sea,2241.083,2573.0,1,637070.423327
2025-11-28,Murmansk,Arctic,150166.38,165018.0,1,42427708.67244
2025-11-28,Novoportovskoye,Arctic,64597.45,75997.0,1,18251234.3281
2025-11-28,Primorsk,Baltic,98112.053,112643.0,1,27720383.230514
2025-11-28,Ust Luga,Baltic,99219.965,113915.0,2,28033410.47117
2025-11-28,Varandey,Arctic,57756.93,68190.0,1,16318527.48834
2025-11-29,Murmansk,Arctic,134661.989,158987.0,1,35063288.69582
2025-11-29,Nakhodka,Pacific,90598.95,106587.0,1,34585877.36565
2025-11-29,Novoportovskoye,Arctic,32299.15,37999.0,1,8410052.677
2025-11-29,Primorsk,Baltic,297656.411,341741.0,2,77503776.29618
2025-11-30,Nakhodka,Pacific,96904.25,114005.0,1,36992906.72475
2025-11-30,Novorossiysk,Black sea,86981.544,99864.0,1,22416274.648872
2025-11-30,Primorsk,Baltic,98419.516,112996.0,2,25363988.726908
2025-11-30,Ust Luga,Baltic,233779.013,268403.0,2,60247890.777269
2025-12-01,De Kastri,Pacific,90981.995,107671.0,1,34550139.655265
2025-12-01,Novoportovskoye,Arctic,41174.0,48440.0,1,11259483.214
2025-12-01,Novorossiysk,Black sea,137825.298,158238.0,1,37689843.816378
2025-12-01,Varandey,Arctic,69143.151,81633.0,1,18907955.215611
2025-12-02,Murmansk,Arctic,100292.423,118409.0,1,26838954.441761
2025-12-02,Nakhodka,Pacific,194508.9,228834.0,2,73218796.910524
2025-12-02,Novorossiysk,Black sea,188486.142,216402.0,3,50440211.002194
2025-12-02,Prigorodnoye,Pacific,89017.389,111411.0,1,33686138.380158
2025-12-02,Primorsk,Baltic,207682.982,238442.0,2,55577419.764074
2025-12-03,Nakhodka,Pacific,103468.8,121728.0,1,38549577.7536
2025-12-03,Novoportovskoye,Arctic,6585.8,7748.0,1,1778363.574
2025-12-03,Novorossiysk,Black sea,147072.705,168855.0,1,39714042.53115
2025-12-03,Primorsk,Baltic,209419.756,240436.0,2,56549616.71268
2025-12-03,Ust Luga,Baltic,104041.821,119451.0,1,28094412.92463
2025-12-04,De Kastri,Pacific,93905.695,111131.0,1,35255108.979545
2025-12-04,Nakhodka,Pacific,201227.3,236738.0,2,75546966.4663
2025-12-04,Primorsk,Baltic,200317.806,229986.0,3,54972213.91155
2025-12-04,Prirazlomnoye Field,Arctic,66551.94,73134.0,1,18263516.1345
2025-12-04,Ust Luga,Baltic,102076.845,117195.0,1,28012438.189125
2025-12-05,Murmansk,Arctic,106662.71,125930.0,1,29221529.35702
2025-12-05,Nakhodka,Pacific,99057.3,116538.0,1,37361045.6118
2025-12-05,Novorossiysk,Black sea,146517.007,168217.0,2,40140092.271734
2025-12-05,Primorsk,Baltic,199141.956,228636.0,2,54557328.549672
2025-12-05,Ust Luga,Baltic,148817.318,170858.0,1,40770290.073916
2025-12-05,Varandey,Arctic,69143.151,81633.0,1,18942595.934262
2025-12-06,De Kastri,Pacific,95145.31,112598.0,1,35885575.99146
2025-12-06,Nakhodka,Pacific,195819.6,230376.0,2,73856495.2536
2025-12-06,Novoportovskoye,Arctic,40779.6,47976.0,1,11140945.9404
2025-12-06,Novorossiysk,Black sea,147894.058,169798.0,1,40404508.751542
2025-12-06,Primorsk,Baltic,209709.799,240769.0,2,57292507.377001
2025-12-06,Ust Luga,Baltic,102049.844,117164.0,1,27879915.330956
2025-12-07,Murmansk,Arctic,150187.31,165041.0,1,41795476.31259
2025-12-07,Nakhodka,Pacific,95766.95,112667.0,1,36120037.4637
2025-12-07,Novoportovskoye,Arctic,39110.2,46012.0,1,10883938.4478
2025-12-07,Prigorodnoye,Pacific,90956.562,113838.0,1,33959923.833704
2025-12-07,Primorsk,Baltic,101070.84,116040.0,1,28126902.99276
2025-12-07,Ust Luga,Baltic,98468.292,113052.0,1,27402642.512388
2025-12-08,Nakhodka,Pacific,104010.25,122365.0,1,39589941.50875
2025-12-08,Novorossiysk,Black sea,83486.304,99864.0,1,22914569.345184
2025-12-09,Murmansk,Arctic,111837.18,122898.0,1,29744551.90434
2025-12-09,Nakhodka,Pacific,304429.2,358152.0,3,113022689.2212
2025-12-09,Novorossiysk,Black sea,291677.867,334877.0,4,77575520.540921
2025-12-09,Primorsk,Baltic,255680.308,293548.0,2,68001501.756604
2025-12-09,Ust Luga,Baltic,137814.846,158226.0,1,36653649.886698
2025-12-10,Nakhodka,Pacific,104010.25,122365.0,1,38417537.97075
2025-12-10,Novoportovskoye,Arctic,41118.75,48375.0,1,11006831.475
2025-12-10,Novorossiysk,Black sea,151700.328,174168.0,1,40607750.600352
2025-12-10,Prirazlomnoye Field,Arctic,66218.88,72768.0,1,17725734.67392
2025-12-10,Varandey,Arctic,69143.151,81633.0,1,18508515.232284
2025-12-11,De Kastri,Pacific,93905.695,111131.0,2,34210220.31128
2025-12-11,Ust Luga,Baltic,101121.358,116098.0,1,25096804.23523
2025-12-12,Kaliningrad,Baltic,9457.344,11367.0,1,2398514.841216
2025-12-12,Nakhodka,Pacific,97423.6,114616.0,1,35404320.7816
2025-12-12,Novorossiysk,Black sea,147409.782,169242.0,1,37385184.452148
2025-12-12,Primorsk,Baltic,99348.002,114062.0,1,25196044.179228
2025-12-12,Ust Luga,Baltic,108566.666,124646.0,1,27534026.430924
2025-12-13,Nakhodka,Pacific,90598.95,106587.0,1,32924202.0237
2025-12-13,Novorossiysk,Black sea,242340.956,282806.0,2,58574051.406156
2025-12-14,Nakhodka,Pacific,201608.1,237186.0,2,73265593.1886
2025-12-14,Primorsk,Baltic,107794.089,123759.0,1,27608006.486502
2025-12-14,Ust Luga,Baltic,101961.873,117063.0,1,26114270.989014
2025-12-15,De Kastri,Pacific,93905.695,111131.0,1,33836193.928095
2025-12-15,Nakhodka,Pacific,100074.75,117735.0,1,36059033.99475
2025-12-15,Novoportovskoye,Arctic,64597.45,75997.0,1,16172165.39985
2025-12-15,Novorossiysk,Black sea,138284.432,165412.0,2,34619922.404496
2025-12-15,Prigorodnoye,Pacific,91299.333,114267.0,1,32897066.965893
2025-12-15,Primorsk,Baltic,97218.407,111617.0,1,24338919.847671
2025-12-15,Ust Luga,Baltic,78143.507,89717.0,1,19563461.407971
2025-12-15,Varandey,Arctic,69143.151,81633.0,1,17310195.282303
2025-12-16,Kaliningrad,Baltic,9457.344,11367.0,1,2279513.081664
2025-12-16,Nakhodka,Pacific,209537.75,246515.0,2,73909202.86875
2025-12-16,Novoportovskoye,Arctic,21532.2,25332.0,1,5189927.6982
2025-12-16,Novorossiysk,Black sea,86981.544,99864.0,1,20965248.531864
2025-12-16,Primorsk,Baltic,200924.893,230683.0,2,48429127.884683
2025-12-17,Murmansk,Arctic,97874.1,115146.0,1,24166681.2756
2025-12-17,Nakhodka,Pacific,207479.05,244093.0,2,73071424.18235
2025-12-17,Novoportovskoye,Arctic,20711.1,24366.0,1,5113901.9676
2025-12-17,Novorossiysk,Black sea,140931.284,161804.0,1,34798188.920144
2025-12-17,Ust Luga,Baltic,233451.517,268027.0,2,57642914.771572
2025-12-18,Nakhodka,Pacific,99693.95,117287.0,1,35341804.35685
2025-12-18,Novoportovskoye,Arctic,19756.55,23243.0,1,4890733.9525
2025-12-18,Primorsk,Baltic,199119.31,228610.0,2,49291985.1905
2025-12-18,Prirazlomnoye Field,Arctic,66218.88,72768.0,1,16392483.744
2025-12-18,Ust Luga,Baltic,105552.135,121185.0,1,26129431.01925
2025-12-19,De Kastri,Pacific,93905.695,111131.0,1,33001747.922325
2025-12-19,Nakhodka,Pacific,298860.0,351600.0,3,105029864.1
2025-12-19,Novorossiysk,Black sea,293044.522,338532.0,3,73851029.122786
2025-12-19,Primorsk,Baltic,198903.302,228362.0,2,50126217.846926
2025-12-19,Yuri Korchagin,Caspian Sea,6972.355,8005.0,1,1757124.100615
2025-12-20,Novoportovskoye,Arctic,20543.65,24169.0,1,4786197.94605
2025-12-20,Primorsk,Baltic,100161.516,114996.0,1,23335329.513132
2025-12-20,Ust Luga,Baltic,109797.389,126059.0,1,25580266.297053
2025-12-20,Varandey,Arctic,69143.151,81633.0,1,16108763.890527
2025-12-21,Nakhodka,Pacific,192551.35,226531.0,2,67669283.68725
2025-12-21,Novorossiysk,Black sea,86981.544,99864.0,1,21459129.738696
2025-12-21,Primorsk,Baltic,206742.302,237362.0,2,51005186.584118
2025-12-21,Ust Luga,Baltic,98292.35,112850.0,1,24249607.37615
2025-12-22,Nakhodka,Pacific,103008.1,121186.0,1,36982380.0944
2025-12-22,Primorsk,Baltic,139182.316,159796.0,1,34301342.595884
2025-12-22,Prirazlomnoye Field,Arctic,66551.94,73134.0,1,16401659.06106
2025-12-22,Ust Luga,Baltic,111848.594,128414.0,1,27564974.142706
2025-12-23,Nakhodka,Pacific,104010.25,122365.0,1,37608754.26675
2025-12-23,Novorossiysk,Black sea,86548.657,99367.0,1,21805934.13115
2025-12-23,Prigorodnoye,Pacific,30750.314,38486.0,1,11118913.788318
2025-12-23,Primorsk,Baltic,111529.808,128048.0,1,28099935.1256
2025-12-23,Ust Luga,Baltic,98475.26,113060.0,1,24810841.757
2025-12-24,De Kastri,Pacific,46952.425,55565.0,1,17071197.443625
2025-12-24,Murmansk,Arctic,140284.85,165041.0,1,36714509.2329
2025-12-24,Primorsk,Baltic,204638.837,234947.0,2,53556848.586618
2025-12-25,Astrakhan,Caspian Sea,1245.608,1508.0,1,503561.94616
2025-12-25,De Kastri,Pacific,47572.655,56299.0,1,17241138.907135
2025-12-25,Nakhodka,Pacific,190866.65,224549.0,2,69173318.69305
2025-12-25,Novoportovskoye,Arctic,13706.25,16125.0,1,3522012.825
2025-12-25,Novorossiysk,Black sea,144406.574,165794.0,1,37107290.881336
2025-12-25,Primorsk,Baltic,106394.392,122152.0,1,27339528.545888
2025-12-25,Ust Luga,Baltic,111714.46,128260.0,1,28706594.49944
2025-12-26,Murmansk,Arctic,107235.009102,123362.0,1,27123058.087178
2025-12-26,Novorossiysk,Black sea,234730.145,269495.0,2,59370530.304995
2025-12-26,Primorsk,Baltic,104628.004,120124.0,1,26463665.679724
2025-12-27,Nakhodka,Pacific,208020.5,244730.0,2,75581960.4495
2025-12-27,Primorsk,Baltic,285698.452,328012.0,2,75461817.825212
2025-12-27,Prirazlomnoye Field,Arctic,66551.94,73134.0,1,17578430.46414
2025-12-27,Ust Luga,Baltic,103041.913,118303.0,1,27216563.522603
2025-12-28,Nakhodka,Pacific,196032.1,230626.0,3,71226107.1819
2025-12-28,Novoportovskoye,Arctic,21532.2,25332.0,1,5669428.26
2025-12-28,Primorsk,Baltic,102054.199,117169.0,1,26870870.5967
2025-12-28,Varandey,Arctic,69143.151,81633.0,1,18205391.6583
2025-12-29,De Kastri,Pacific,47572.655,56299.0,1,17315875.54814
2025-12-29,Murmansk,Arctic,144615.086,170738.0,2,37773460.4632
2025-12-29,Nakhodka,Pacific,94884.65,111629.0,1,34536873.9842
2025-12-29,Primorsk,Baltic,254534.943,292233.0,2,66484527.1116
2025-12-30,Murmansk,Arctic,102644.542,121186.0,1,25902247.529158
2025-12-30,Nakhodka,Pacific,104010.25,122365.0,1,37887397.7265
2025-12-30,Novoportovskoye,Arctic,21532.2,25332.0,1,5433629.1378
2025-12-30,Novorossiysk,Black sea,139183.187,159797.0,1,35122738.056263
2025-12-30,Primorsk,Baltic,208627.146,239526.0,2,52646851.665954
2025-12-30,Ust Luga,Baltic,98498.777,113087.0,1,24856067.877173
2025-12-31,De Kastri,Pacific,95145.31,112598.0,1,34678848.02473
2025-12-31,Murmansk,Arctic,144678.17,158987.0,1,33641580.83559
2025-12-31,Nakhodka,Pacific,101533.35,119451.0,1,37007180.00805
2025-12-31,Novoportovskoye,Arctic,20711.1,24366.0,1,4815889.9497
2025-12-31,Prigorodnoye,Pacific,90956.562,113838.0,1,33152120.587446
2025-12-31,Primorsk,Baltic,143730.678,165018.0,1,33421263.363306
2025-12-31,Ust Luga,Baltic,98820.176,113456.0,1,22978359.064752
2026-01-01,Primorsk,Baltic,99219.965,113915.0,1,23953783.170265
2026-01-02,Primorsk,Baltic,200710.627,230437.0,2,50198329.944581
2026-01-02,Ust Luga,Baltic,205174.502,235562.0,2,51314758.473706
2026-01-02,Varandey,Arctic,69143.151,81633.0,1,17292909.494553
2026-01-03,Murmansk,Arctic,143465.355111,165041.0,1,35311988.645601
2026-01-03,Novoportovskoye,Arctic,19756.55,23243.0,1,4862798.1908
2026-01-03,Prigorodnoye,Pacific,58262.281,72919.0,1,21288163.543185
2026-01-04,Nakhodka,Pacific,197498.35,232351.0,2,72162934.61475
2026-01-04,Novorossiysk,Black sea,140937.381,161811.0,1,33959707.576236
2026-01-04,Primorsk,Baltic,237216.85,272350.0,2,57158823.3086
2026-01-04,Prirazlomnoye Field,Arctic,66050.53,72583.0,1,15915271.50668
2026-01-05,De Kastri,Pacific,93905.695,111131.0,1,34479447.938845
2026-01-05,Novoportovskoye,Arctic,41087.3,48338.0,1,10341344.7116
2026-01-05,Primorsk,Baltic,97510.192,111952.0,1,24542535.244864
2026-01-05,Ust Luga,Baltic,91130.988,104628.0,1,22936940.631696
2026-01-05,Varandey,Arctic,69143.151,81633.0,1,17402777.961492
2026-01-06,Murmansk,Arctic,105614.6,116060.0,2,25638472.223
2026-01-06,Nakhodka,Pacific,104010.25,122365.0,1,37289546.8095
2026-01-06,Novorossiysk,Black sea,279613.702,323112.0,4,67877624.22901
2026-01-06,Prigorodnoye,Pacific,89017.389,111411.0,1,31914336.269502
2026-01-06,Primorsk,Baltic,117021.463,134353.0,1,28407545.250565
2026-01-06,Ust Luga,Baltic,245954.722,282382.0,2,59706738.53911
2026-01-07,De Kastri,Pacific,93905.695,111131.0,1,32783886.709925
2026-01-07,Kaliningrad,Baltic,18914.688,22734.0,3,4269763.839744
2026-01-07,Murmansk,Arctic,200148.655,227830.0,2,45181157.08239
2026-01-07,Nakhodka,Pacific,299443.95,352287.0,3,104540374.60425
2026-01-07,Primorsk,Baltic,97363.864,111784.0,1,21978723.931632
2026-01-07,Prirazlomnoye Field,Arctic,2952.04,3244.0,1,666387.60552
2026-01-08,Nakhodka,Pacific,90598.95,106587.0,1,31586327.32905
2026-01-08,Novoportovskoye,Arctic,19555.1,23006.0,1,4500664.9303
2026-01-08,Primorsk,Baltic,202010.159,231929.0,2,46493244.124327
2026-01-08,Ust Luga,Baltic,148952.323,171013.0,1,34281823.995419
2026-01-08,Varandey,Arctic,69143.151,81633.0,1,15913503.632103
2026-01-09,De Kastri,Pacific,93905.695,111131.0,1,34275672.580695
2026-01-09,Nakhodka,Pacific,292489.25,344105.0,3,106758868.73925
2026-01-09,Novoportovskoye,Arctic,13706.25,16125.0,1,3462925.18125
2026-01-10,Murmansk,Arctic,105343.475406,121186.0,1,28005668.280161
2026-01-11,Primorsk,Baltic,212318.444,243764.0,3,57995207.615488
2026-01-11,Prirazlomnoye Field,Arctic,66218.88,72768.0,1,18087819.50976
2026-01-12,Nakhodka,Pacific,99693.95,117287.0,1,36232769.188
2026-01-12,Novoportovskoye,Arctic,32298.3,37998.0,1,8943851.4462
2026-01-12,Primorsk,Baltic,186715.399,214369.0,2,51704107.998686
2026-01-13,De Kastri,Pacific,95145.31,112598.0,1,35378641.77978
2026-01-13,Nakhodka,Pacific,204657.9,240774.0,2,76099584.2202
2026-01-13,Novorossiysk,Black sea,140937.381,161811.0,1,39230201.876112
2026-01-13,Ust Luga,Baltic,206399.128,236968.0,3,57451610.077056
2026-01-14,Novorossiysk,Black sea,143653.159,164929.0,2,42813094.629929
2026-01-14,Prigorodnoye,Pacific,90956.562,113838.0,1,33942435.245342
2026-01-14,Primorsk,Baltic,210980.588,242228.0,2,62878755.622228
2026-01-14,Ust Luga,Baltic,97979.661,112491.0,1,29200976.347491
2026-01-14,Varandey,Arctic,69143.151,81633.0,1,20606802.435681
2026-01-15,Murmansk,Arctic,102438.7,112570.0,1,29247478.1144
2026-01-15,Nakhodka,Pacific,195961.55,230543.0,2,73848110.1175
2026-01-15,Novoportovskoye,Arctic,64597.45,75997.0,1,18443347.1444
2026-01-15,Novorossiysk,Black sea,101889.172,121877.0,1,29090581.276064
2026-01-15,Prirazlomnoye Field,Arctic,66050.53,72583.0,1,18858218.92136
2026-01-15,Ust Luga,Baltic,98343.739,112909.0,1,28078317.609368
2026-01-16,Nakhodka,Pacific,207479.05,244093.0,2,77122660.11265
2026-01-16,Novoportovskoye,Arctic,20711.1,24366.0,1,5961068.802
2026-01-16,Novorossiysk,Black sea,130378.304,151774.0,2,37525483.45728
2026-01-16,Primorsk,Baltic,103038.429,118299.0,1,29656520.63478
2026-01-17,Murmansk,Arctic,144678.17,158987.0,1,38489312.27778
2026-01-17,Ust Luga,Baltic,144072.11,165410.0,2,38328079.71174
2026-01-18,Murmansk,Arctic,104643.462,123546.0,1,28503100.109946
2026-01-18,Nakhodka,Pacific,206534.7,242982.0,2,76771632.9411
2026-01-18,Novoportovskoye,Arctic,19756.55,23243.0,1,5381348.35865
2026-01-18,Primorsk,Baltic,242794.734,278754.0,2,66133158.031122
2026-01-18,Prirazlomnoye Field,Arctic,2952.04,3244.0,1,804085.51132
2026-01-18,Ust Luga,Baltic,107804.541,123771.0,1,29364124.291203
2026-01-18,Varandey,Arctic,69143.151,81633.0,1,18833418.898833
2026-01-19,De Kastri,Pacific,95145.31,112598.0,1,35555326.62045
2026-01-19,Kaliningrad,Baltic,25905.984,31137.0,1,7297897.034688
2026-01-19,Nakhodka,Pacific,100311.9,118014.0,1,37486055.4705
2026-01-19,Primorsk,Baltic,102790.194,118014.0,1,28956717.181158
2026-01-19,Ust Luga,Baltic,97756.685,112235.0,1,27538742.461295
2026-01-20,Murmansk,Arctic,205002.833,233483.0,2,57730232.792631
2026-01-20,Nakhodka,Pacific,94104.35,110711.0,1,34858039.22265
2026-01-20,Novoportovskoye,Arctic,20543.65,24169.0,1,5785235.64555
2026-01-20,Novorossiysk,Black sea,144072.981,165411.0,1,40571959.960467
2026-01-20,Primorsk,Baltic,186167.54,213740.0,2,52426082.43678
2026-01-20,Ust Luga,Baltic,96934.461,111291.0,2,27297422.758827
2026-01-21,Murmansk,Arctic,250092.836022,290881.0,2,70239073.182451
2026-01-21,Primorsk,Baltic,101697.96,116760.0,1,28562075.46192
2026-01-22,De Kastri,Pacific,93905.695,111131.0,1,35547343.502385
2026-01-22,Nakhodka,Pacific,104010.25,122365.0,1,38631341.043983
2026-01-22,Novoportovskoye,Arctic,39110.2,46012.0,1,10706299.9194
2026-01-22,Prigorodnoye,Pacific,91299.333,114267.0,1,34560723.411819
2026-01-22,Primorsk,Baltic,106965.768,122808.0,1,29281558.092696
2026-01-22,Prirazlomnoye Field,Arctic,66218.88,72768.0,1,18127219.74336
2026-01-22,Ust Luga,Baltic,212657.263,244153.0,2,58214287.774461
2026-01-23,Nakhodka,Pacific,193940.25,228165.0,2,72004349.655765
2026-01-23,Novorossiysk,Black sea,288418.079,337894.0,2,82043695.170419
2026-01-23,Primorsk,Baltic,155591.085,178635.0,1,44259595.630185
2026-01-23,Varandey,Arctic,69143.151,81633.0,1,19668529.876611
2026-01-24,Nakhodka,Pacific,194916.05,229313.0,2,72559643.68905
2026-01-24,Primorsk,Baltic,331055.777,380087.0,3,94802125.469051
2026-01-24,Ust Luga,Baltic,98640.75,113250.0,1,28247061.09225
2026-01-25,Novoportovskoye,Arctic,20559.8,24188.0,1,5837975.7698
2026-01-25,Novorossiysk,Black sea,87241.102,100162.0,1,24772198.154002
2026-01-25,Primorsk,Baltic,104041.821,119451.0,1,29542779.114771
2026-01-26,Murmansk,Arctic,244231.449,279393.0,2,66467588.84535
2026-01-26,Nakhodka,Pacific,297257.75,349715.0,3,111649315.250466
2026-01-26,Ust Luga,Baltic,100626.63,115530.0,1,27385537.3545
2026-01-27,Kaliningrad,Baltic,2878.72,3460.0,1,826091.8848
2026-01-27,Nakhodka,Pacific,100074.75,117735.0,1,36474776.48551
2026-01-27,Primorsk,Baltic,100326.135,115185.0,1,28790089.330275
2026-01-27,Prirazlomnoye Field,Arctic,66050.53,72583.0,1,18954190.34145
2026-01-27,Ust Luga,Baltic,106002.442,121702.0,1,30418990.76853
2026-01-28,De Kastri,Pacific,93905.695,111131.0,1,35769054.84828
2026-01-28,Nakhodka,Pacific,194242.0,228520.0,2,73987554.768
2026-01-28,Novoportovskoye,Arctic,32298.3,37998.0,1,9156664.9449
2026-01-28,Primorsk,Baltic,323199.357,371067.0,3,91627987.307571
2026-01-28,Ust Luga,Baltic,99098.896,113776.0,1,28094834.312688
2026-01-28,Varandey,Arctic,34571.999,40817.0,1,9801265.432497
2026-01-29,Nakhodka,Pacific,104010.25,122365.0,1,40261223.66225
2026-01-29,Primorsk,Baltic,114735.088,131728.0,1,32363785.212512
2026-01-29,Ust Luga,Baltic,103041.913,118303.0,1,29065444.567562
2026-01-30,De Kastri,Pacific,71909.5,85100.0,1,28111580.835
2026-01-30,Murmansk,Arctic,148149.85653,170430.0,1,42922717.183154
2026-01-30,Nakhodka,Pacific,307714.45,362017.0,3,117575057.67409
2026-01-30,Novoportovskoye,Arctic,32299.15,37999.0,1,9357871.23375
2026-01-30,Novorossiysk,Black sea,284659.349,326819.0,2,82472929.889025
2026-01-30,Primorsk,Baltic,142557.441,163671.0,1,41302454.593725
2026-01-30,Prirazlomnoye Field,Arctic,2952.04,3244.0,1,855279.789
2026-01-31,Nakhodka,Pacific,99038.6,116516.0,1,38717159.898
2026-01-31,Novoportovskoye,Arctic,20711.1,24366.0,1,6086950.8678
2026-01-31,Prigorodnoye,Pacific,66471.207,83193.0,1,25985588.95251
2026-01-31,Primorsk,Baltic,218094.045,250395.0,2,64097403.63741
2026-02-01,Nakhodka,Pacific,186125.35,218971.0,2,72761983.0755
2026-02-01,Primorsk,Baltic,97809.816,112296.0,1,28598514.290424
2026-02-01,Prirazlomnoye Field,Arctic,66218.88,72768.0,1,19361672.10432
2026-02-01,Ust Luga,Baltic,108003.129,123999.0,1,31578926.885181
2026-02-01,Varandey,Arctic,69143.151,81633.0,1,20216696.777739
2026-02-02,,Black sea,42234.206,51131.0,1,18107282.30941
2026-02-02,De Kastri,Pacific,93905.695,111131.0,1,35329012.76151
2026-02-02,Murmansk,Arctic,82444.9,96994.0,1,21698673.231
2026-02-02,Novoportovskoye,Arctic,4390.25,5165.0,1,1155469.8975
2026-02-02,Primorsk,Baltic,241892.378,277718.0,3,63663654.96582
2026-02-03,Nakhodka,Pacific,207565.75,244195.0,2,78602866.30175
2026-02-03,Primorsk,Baltic,139182.316,159796.0,1,38629773.441168
2026-02-04,Nakhodka,Pacific,201848.65,237469.0,2,76434769.317455
2026-02-04,Novoportovskoye,Arctic,20543.65,24169.0,1,5923966.914
2026-02-04,Ust Luga,Baltic,98853.274,113494.0,1,28505330.09064
2026-02-05,Novorossiysk,Black sea,290009.902,332962.0,2,81360537.946688
2026-02-05,Primorsk,Baltic,342152.317,392827.0,3,95988779.620448
2026-02-05,Ust Luga,Baltic,99219.965,113915.0,1,27835565.86096
2026-02-06,De Kastri,Pacific,93905.695,111131.0,1,37139984.089585
2026-02-06,Nakhodka,Pacific,101533.35,119451.0,1,40156744.52505
2026-02-06,Ust Luga,Baltic,104698.555,120205.0,1,29161060.33282
2026-02-06,Varandey,Arctic,69143.151,81633.0,1,19258026.989124
2026-02-07,Nakhodka,Pacific,106749.8,125588.0,1,39353024.013684
2026-02-07,Primorsk,Baltic,147425.46,169260.0,1,41712854.50332
2026-02-08,Nakhodka,Pacific,100647.65,118409.0,1,39806447.51795
2026-02-08,Novoportovskoye,Arctic,41118.75,48375.0,1,11679369.75
2026-02-08,Novorossiysk,Black sea,148394.012,170372.0,1,42149835.16848
2026-02-08,Ust Luga,Baltic,149238.011,171341.0,1,42389564.64444
2026-02-09,De Kastri,Pacific,95145.31,112598.0,1,36805345.70323
2026-02-09,Murmansk,Arctic,150172.75,165025.0,1,40830018.47925
2026-02-09,Nakhodka,Pacific,99057.3,116538.0,1,38318632.5309
2026-02-09,Novorossiysk,Black sea,149072.521,171151.0,1,40530880.517127
2026-02-09,Prigorodnoye,Pacific,89017.389,111411.0,1,34434863.639037
2026-02-09,Primorsk,Baltic,181466.753,208343.0,2,49338451.072911
2026-02-09,Ust Luga,Baltic,247061.763,283653.0,2,67172881.556781
2026-02-10,Kaliningrad,Baltic,23987.392,28831.0,1,6688668.372672
2026-02-10,Murmansk,Arctic,1495.14612,1720.0,1,416908.039247
2026-02-10,Nakhodka,Pacific,199725.35,234971.0,3,78936251.7284
2026-02-10,Primorsk,Baltic,144073.852,165412.0,1,40173696.965532
2026-02-11,Nakhodka,Pacific,200386.65,235749.0,2,79157736.41625
2026-02-11,Novoportovskoye,Arctic,64597.45,75997.0,1,18605745.1337
2026-02-11,Prirazlomnoye Field,Arctic,66551.94,73134.0,1,19168689.07044
2026-02-11,Ust Luga,Baltic,99343.647,114057.0,1,28613553.270822
2026-02-11,Varandey,Arctic,69143.151,81633.0,1,19915025.209926
2026-02-12,Nakhodka,Pacific,196837.05,231573.0,2,75145832.738962
2026-02-12,Novoportovskoye,Arctic,32299.15,37999.0,1,8931037.9665
2026-02-12,Primorsk,Baltic,94724.734,108754.0,1,26192336.19834
2026-02-13,De Kastri,Pacific,93905.695,111131.0,1,36307510.10341
2026-02-13,Nakhodka,Pacific,101167.85,119021.0,1,39115335.1883
2026-02-13,Novoportovskoye,Arctic,20711.1,24366.0,1,5744803.4958
2026-02-13,Novorossiysk,Black sea,140931.284,161804.0,1,39091237.693352
2026-02-13,Primorsk,Baltic,212316.702,243762.0,2,58891982.167356
2026-02-13,Prirazlomnoye Field,Arctic,66041.43,72573.0,1,18318439.77054
2026-02-13,Ust Luga,Baltic,217120.267,249277.0,2,60224385.419926
2026-02-14,Kaliningrad,Baltic,4797.312,5766.0,1,1337389.842048
2026-02-14,Murmansk,Arctic,100196.712,118296.0,1,27932739.174648
2026-02-14,Nakhodka,Pacific,185463.2,218192.0,2,71707120.7216
2026-02-14,Varandey,Arctic,32329.143,38169.0,1,9012686.156397
2026-02-15,Nakhodka,Pacific,104010.25,122365.0,1,40214315.0395
2026-02-15,Primorsk,Baltic,246406.771,282901.0,2,66059930.457703
2026-02-16,De Kastri,Pacific,93905.695,111131.0,1,36432310.772065
2026-02-16,Murmansk,Arctic,143465.355111,165041.0,1,40257956.763053
2026-02-16,Nakhodka,Pacific,201785.75,237395.0,2,78286212.07025
2026-02-16,Novorossiysk,Black sea,152392.773,174963.0,1,42763088.424303
2026-02-16,Prigorodnoye,Pacific,70369.528,88072.0,1,27301054.669576
2026-02-16,Primorsk,Baltic,86774.246,99626.0,1,24349807.944306
2026-02-16,Prirazlomnoye Field,Arctic,2740.92,3012.0,1,769132.30212
2026-02-16,Ust Luga,Baltic,122796.193,140983.0,1,34457962.513923
2026-02-17,Murmansk,Arctic,143465.355111,165041.0,1,38741671.424885
2026-02-17,Nakhodka,Pacific,96762.3,113838.0,1,37887568.8519
2026-02-17,Novoportovskoye,Arctic,27129.45,31917.0,2,7326090.9369
2026-02-17,Primorsk,Baltic,98468.292,113052.0,1,26590574.508264
2026-02-18,Nakhodka,Pacific,209370.3,246318.0,2,78940439.427193
2026-02-18,Primorsk,Baltic,250193.879,287249.0,2,71672540.129372
2026-02-18,Ust Luga,Baltic,100089.223,114913.0,1,28672359.534364
2026-02-19,De Kastri,Pacific,90981.995,107671.0,1,37057239.509485
2026-02-19,Kaliningrad,Baltic,28784.704,34597.0,1,8390626.077184
2026-02-19,Nakhodka,Pacific,101533.35,119451.0,1,41354838.05505
2026-02-19,Novorossiysk,Black sea,281115.25,322750.0,2,81943970.914
2026-02-19,Primorsk,Baltic,120537.69,138390.0,1,35136254.48424
2026-02-19,Ust Luga,Baltic,101961.873,117063.0,1,29721478.132008
2026-02-20,Nakhodka,Pacific,314065.65,369489.0,3,126105698.94333
2026-02-20,Primorsk,Baltic,101090.002,116062.0,1,29082987.035388
2026-02-20,Prirazlomnoye Field,Arctic,66050.53,72583.0,1,19002341.17782
2026-02-20,Varandey,Arctic,69143.151,81633.0,1,19892069.683794
2026-02-21,Murmansk,Arctic,102675.682707,118117.0,1,29199115.999582
2026-02-21,Nakhodka,Pacific,99693.95,117287.0,1,41631695.05025
2026-02-21,Novoportovskoye,Arctic,40834.85,48041.0,1,11612696.3127
2026-02-21,Novorossiysk,Black sea,137814.846,158226.0,1,39192061.535172
2026-02-21,Primorsk,Baltic,105552.135,121185.0,1,30017127.25557
2026-02-22,De Kastri,Pacific,93905.695,111131.0,1,39214548.703525
2026-02-22,Novoportovskoye,Arctic,19555.1,23006.0,1,5565459.6804
2026-02-22,Novorossiysk,Black sea,95863.284,114669.0,2,27283074.079536
2026-02-22,Primorsk,Baltic,251547.413,288803.0,2,71591399.929452
2026-02-22,Prirazlomnoye Field,Arctic,2952.04,3244.0,1,840162.39216
2026-02-22,Ust Luga,Baltic,97909.981,112411.0,1,27865572.232524
2026-02-23,Murmansk,Arctic,102766.956162,118222.0,1,28392557.415394
2026-02-23,Primorsk,Baltic,197608.125,226875.0,2,54595370.383125
2026-02-23,Varandey,Arctic,34571.999,40817.0,1,9551586.455719
2026-02-24,Murmansk,Arctic,14708.934591,16921.0,1,4034440.124292
2026-02-24,Nakhodka,Pacific,198894.9,233994.0,2,77748816.556604
2026-02-24,Ust Luga,Baltic,96749.809,111079.0,1,26537021.361565
2026-02-25,De Kastri,Pacific,95145.31,112598.0,1,38925944.37251
2026-02-25,Nakhodka,Pacific,104690.25,123165.0,1,42830979.77025
2026-02-26,Nakhodka,Pacific,295941.95,348167.0,3,116988089.618068
2026-02-26,Novorossiysk,Black sea,140937.381,161811.0,1,38892234.036474
2026-02-26,Primorsk,Baltic,141473.917,162427.0,1,39040293.291818
2026-02-26,Prirazlomnoye Field,Arctic,66041.43,72573.0,1,18224396.77422
2026-02-26,Ust Luga,Baltic,100396.686,115266.0,1,27704867.088444
2026-02-27,Murmansk,Arctic,99023.005965,113915.0,1,27653461.714804
2026-02-27,Nakhodka,Pacific,100311.9,118014.0,1,41385479.9592
2026-02-27,Novoportovskoye,Arctic,32299.15,37999.0,1,9019957.52645
2026-02-27,Novorossiysk,Black sea,147748.601,169631.0,1,41260717.561063
2026-02-27,Primorsk,Baltic,102766.677,117987.0,1,28698930.519051
2026-02-27,Varandey,Arctic,34571.999,40817.0,1,9654680.156737
2026-02-28,Murmansk,Arctic,97423.6,114616.0,1,26480611.2924
2026-02-28,Novoportovskoye,Arctic,20711.1,24366.0,1,5629463.3799
2026-02-28,Novorossiysk,Black sea,144406.574,165794.0,1,39251006.472366
2026-02-28,Primorsk,Baltic,110441.058,126798.0,1,30018873.533922
2026-03-01,Nakhodka,Pacific,294521.6,346496.0,3,121510187.4688
2026-03-01,Novoportovskoye,Arctic,64597.45,75997.0,1,16741721.1165
2026-03-01,Prigorodnoye,Pacific,90956.562,113838.0,1,37525766.871216
2026-03-01,Primorsk,Baltic,98158.216,112696.0,1,25439664.84072
2026-03-01,Prirazlomnoye Field,Arctic,2740.92,3012.0,1,710364.2364
2026-03-01,Ust Luga,Baltic,305921.33,351230.0,3,79285631.0961
2026-03-02,De Kastri,Pacific,95145.31,112598.0,1,42341756.14682
2026-03-02,Nakhodka,Pacific,200838.85,236281.0,2,89377706.7047
2026-03-03,Nakhodka,Pacific,97423.6,114616.0,1,44477965.1912
2026-03-03,Novoportovskoye,Arctic,19756.55,23243.0,1,6790859.66185
2026-03-03,Primorsk,Baltic,238158.401,273431.0,2,81861472.700527
2026-03-03,Prirazlomnoye Field,Arctic,66050.53,72583.0,1,22703350.52531
2026-03-03,Varandey,Arctic,69143.151,81633.0,1,23766367.863777
2026-03-04,De Kastri,Pacific,93905.695,111131.0,1,35048985.357952
2026-03-04,Nakhodka,Pacific,103008.1,121186.0,1,47718914.3574
2026-03-04,Primorsk,Baltic,431556.983,495473.0,4,140185244.129788
2026-03-04,Ust Luga,Baltic,148704.088,170728.0,1,48304441.129568
2026-03-05,Kaliningrad,Baltic,28784.704,34597.0,1,10787182.962816
2026-03-05,Murmansk,Arctic,148149.85653,170430.0,1,55442400.671372
2026-03-05,Nakhodka,Pacific,100074.75,117735.0,1,46427578.69275
2026-03-05,Novoportovskoye,Arctic,41087.3,48338.0,1,15397630.0242
2026-03-05,Prigorodnoye,Pacific,89017.389,111411.0,1,41297748.261381
2026-03-05,Primorsk,Baltic,97033.755,111405.0,1,36363787.82127
2026-03-05,Prirazlomnoye Field,Arctic,2952.04,3244.0,1,1106288.79816
2026-03-06,De Kastri,Pacific,93905.695,111131.0,1,45075297.03417
2026-03-06,Nakhodka,Pacific,193280.65,227389.0,2,82944462.795324
2026-03-06,Novoportovskoye,Arctic,41118.75,48375.0,1,17400673.74375
2026-03-06,Ust Luga,Baltic,194976.834,223854.0,2,78227087.871036
2026-03-07,Novorossiysk,Black sea,71541.327,82137.0,1,26905046.953212
2026-03-07,Primorsk,Baltic,102790.194,118014.0,1,38657026.810529
2026-03-08,Murmansk,Arctic,143214.135792,164752.0,1,59820830.94859
2026-03-08,Nakhodka,Pacific,100647.65,118409.0,1,48311475.8859
2026-03-08,Primorsk,Baltic,106787.213,122603.0,1,40160213.686946
2026-03-08,Varandey,Arctic,69143.151,81633.0,1,28881232.459002
2026-03-09,Nakhodka,Pacific,104010.25,122365.0,1,39136172.934736
2026-03-09,Novoportovskoye,Arctic,39110.2,46012.0,1,15633872.2378
2026-03-09,Novorossiysk,Black sea,69396.054,79674.0,1,26111810.810302
2026-03-09,Primorsk,Baltic,201484.075,231325.0,2,80541042.656425
2026-03-09,Ust Luga,Baltic,101162.295,116145.0,1,40438514.641005
2026-03-10,De Kastri,Pacific,90981.995,107671.0,1,52337119.677765
2026-03-10,Nakhodka,Pacific,206534.7,242982.0,2,118808466.5709
2026-03-10,Novorossiysk,Black sea,93879.456,112296.0,1,35063271.868919
2026-03-10,Primorsk,Baltic,253871.241,291471.0,2,97479448.807107
2026-03-10,Prirazlomnoye Field,Arctic,66041.43,72573.0,1,26266195.66389
2026-03-10,Ust Luga,Baltic,97217.536,111616.0,1,36310019.683054
2026-03-11,Murmansk,Arctic,84530.519853,97243.0,1,34188622.346105
2026-03-11,Nakhodka,Pacific,200231.1,235566.0,2,111744772.0569
2026-03-11,Novorossiysk,Black sea,141953.838,162978.0,2,53293377.083153
2026-03-11,Ust Luga,Baltic,98255.768,112808.0,1,39739840.134904
2026-03-12,De Kastri,Pacific,93905.695,111131.0,1,57676314.43483
2026-03-12,Murmansk,Arctic,101167.85,119021.0,1,47321059.5018
2026-03-12,Nakhodka,Pacific,104526.2,122972.0,1,39357559.463968
2026-03-12,Novoportovskoye,Arctic,64597.45,75997.0,1,30215328.0426
2026-03-12,Primorsk,Baltic,308987.25,354750.0,3,134841195.890211
2026-03-13,Nakhodka,Pacific,310273.8,365028.0,3,201680452.1904
2026-03-13,Novorossiysk,Black sea,139491.521,160151.0,1,66121212.818336
2026-03-13,Primorsk,Baltic,143498.992,164752.0,1,68020818.191872
2026-03-13,Prirazlomnoye Field,Arctic,2740.92,3012.0,1,1299239.93472
2026-03-13,Ust Luga,Baltic,116234.95,133450.0,1,55097226.0592
2026-03-14,Murmansk,Arctic,211819.601,240959.0,2,97546527.193717
2026-03-14,Novoportovskoye,Arctic,41174.0,48440.0,1,18961326.958
2026-03-14,Prigorodnoye,Pacific,88921.509,111291.0,1,57799692.222072
2026-03-14,Primorsk,Baltic,197292.823,226513.0,2,90856698.969491
2026-03-14,Ust Luga,Baltic,100071.803,114893.0,1,46084766.502151
2026-03-15,Nakhodka,Pacific,99912.4,117544.0,1,64943859.2992
2026-03-15,Primorsk,Baltic,199452.032,228992.0,2,85025559.977876
2026-03-16,Nakhodka,Pacific,100074.75,117735.0,1,37907963.817359
2026-03-16,Novorossiysk,Black sea,147072.705,168855.0,1,55710624.105093
2026-03-16,Primorsk,Baltic,254491.393,292183.0,3,96400445.843466
2026-03-16,Prirazlomnoye Field,Arctic,66050.53,72583.0,2,30750881.04998
2026-03-16,Ust Luga,Baltic,194985.544,223864.0,2,90778639.777904
2026-03-17,De Kastri,Pacific,95145.31,112598.0,1,65287189.39704
2026-03-17,Murmansk,Arctic,99023.005965,113915.0,1,49207205.28517
2026-03-17,Nakhodka,Pacific,282158.35,331951.0,3,193612545.2364
2026-03-17,Novoportovskoye,Arctic,19756.55,23243.0,1,9817563.12185
2026-03-17,Novorossiysk,Black sea,290434.95,333450.0,2,144324968.39865
2026-03-17,Primorsk,Baltic,103788.36,119160.0,1,51575238.36972
2026-03-17,Ust Luga,Baltic,46229.196,53076.0,1,22972535.680692
2026-03-18,Nakhodka,Pacific,207061.7,243602.0,2,107013039.884899
2026-03-18,Novorossiysk,Black sea,137818.33,158230.0,1,75853279.37538
2026-03-18,Ust Luga,Baltic,101090.002,116062.0,1,38219282.41966
2026-03-19,De Kastri,Pacific,94040.895,111291.0,1,68276605.037745
2026-03-19,Kaliningrad,Baltic,28784.704,34597.0,1,14586648.752
2026-03-19,Murmansk,Arctic,251317.528,284074.0,3,107510481.698136
2026-03-19,Nakhodka,Pacific,300837.1,353926.0,3,185535287.869839
2026-03-19,Novoportovskoye,Arctic,41118.75,48375.0,1,20836926.5625
2026-03-19,Novorossiysk,Black sea,225459.221,258851.0,2,103090320.24746
2026-03-19,Primorsk,Baltic,208276.133,239123.0,2,105543930.39775
2026-03-19,Prirazlomnoye Field,Arctic,2952.04,3244.0,1,1495946.27
2026-03-19,Ust Luga,Baltic,112082.893,128683.0,1,56798006.02775
2026-03-20,Murmansk,Arctic,143465.355111,165041.0,1,80175183.307717
2026-03-20,Novoportovskoye,Arctic,10272.25,12085.0,1,5740616.09575
2026-03-20,Primorsk,Baltic,111714.46,128260.0,1,62431290.82762
2026-03-20,Varandey,Arctic,34978.559,41297.0,1,19547662.761473
2026-03-21,Primorsk,Baltic,106925.702,122762.0,1,60567636.195092
2026-03-21,Ust Luga,Baltic,216863.322,248982.0,2,100292277.35157
2026-03-22,De Kastri,Pacific,93905.695,111131.0,1,67789018.72938
2026-03-22,Nakhodka,Pacific,201960.0,237600.0,2,145791692.64
2026-03-23,Novoportovskoye,Arctic,39110.2,46012.0,1,18641485.728
2026-03-23,Novorossiysk,Black sea,388484.291,446021.0,3,169665285.657802
2026-03-23,Prigorodnoye,Pacific,64720.598,81002.0,1,47510096.57984
2026-03-23,Primorsk,Baltic,317560.503,364593.0,3,151362038.14992
2026-03-24,Makhachkala Port,Caspian Sea,1471.932,1782.0,1,869523.221952
2026-03-24,Nakhodka,Pacific,104010.25,122365.0,1,71371313.49875
2026-03-24,Novorossiysk,Black sea,146517.007,168217.0,1,55049297.02881
2026-03-24,Prirazlomnoye Field,Arctic,66218.88,72768.0,1,33787852.4256
2026-03-24,Varandey,Arctic,69143.151,81633.0,1,25978430.319061
2026-03-25,Murmansk,Arctic,96486.005,113915.0,1,49341206.20891
2026-03-25,Novorossiysk,Black sea,86981.544,99864.0,1,32624277.612746
2026-03-25,Primorsk,Baltic,105897.051,121581.0,1,39718940.723738
2026-03-25,Ust Luga,Baltic,97510.192,111952.0,1,49864957.005344
2026-03-26,Novorossiysk,Black sea,144073.852,165412.0,1,54286164.500729
2026-03-26,Primorsk,Baltic,98343.739,112909.0,1,50979624.110298
2026-03-27,De Kastri,Pacific,93905.695,111131.0,1,65525234.140015
2026-03-28,Kaliningrad,Baltic,28784.704,34597.0,1,16993712.054592
2026-03-28,Nakhodka,Pacific,309291.2,363872.0,3,182340387.211411
2026-03-28,Novorossiysk,Black sea,91754.705,113981.0,1,34638664.582791
2026-03-28,Primorsk,Baltic,185841.786,213366.0,2,85497676.048092
2026-03-28,Prirazlomnoye Field,Arctic,66218.88,72768.0,1,39093838.84224
2026-03-28,Varandey,Arctic,69143.151,81633.0,1,26102491.590881
2026-03-29,Nakhodka,Pacific,96871.1,113966.0,1,36570174.147102
2026-03-29,Novoportovskoye,Arctic,16149.15,18999.0,1,9391731.9723
2026-03-29,Novorossiysk,Black sea,140188.321,160951.0,1,52923021.544711
2026-03-29,Primorsk,Baltic,75256.142,86402.0,1,43766112.453804
2026-03-30,De Kastri,Pacific,95145.31,112598.0,1,69258649.78175
2026-03-30,Nakhodka,Pacific,103468.8,121728.0,1,75317526.24
2026-03-30,Novoportovskoye,Arctic,41421.35,48731.0,1,24767067.8055
2026-03-30,Novorossiysk,Black sea,86981.544,99864.0,1,52008874.60392
2026-03-30,Primorsk,Baltic,134598.243,154533.0,1,50958703.602744
2026-03-31,Nakhodka,Pacific,195600.3,230118.0,2,141629678.4231
2026-03-31,Novoportovskoye,Arctic,21532.2,25332.0,1,13553400.2256
2026-03-31,Prigorodnoye,Pacific,89017.389,111411.0,1,64455443.974953
2026-04-01,Nakhodka,Pacific,99912.4,117544.0,1,63616822.8024
2026-04-01,Novoportovskoye,Arctic,19756.55,23243.0,1,11445364.546
2026-04-01,Novorossiysk,Black sea,96294.66,115185.0,1,55785422.4312
2026-04-01,Primorsk,Baltic,203395.92,233520.0,3,76202506.4159
2026-04-01,Varandey,Arctic,69143.151,81633.0,1,40056010.23732
2026-04-02,De Kastri,Pacific,95145.31,112598.0,1,63969236.56292
2026-04-02,Murmansk,Arctic,112259.42,123362.0,1,71848723.02608
2026-04-02,Nakhodka,Pacific,206156.45,242537.0,2,138605578.3414
2026-04-02,Novoportovskoye,Arctic,40836.55,48043.0,1,26136372.0772
2026-04-02,Prirazlomnoye Field,Arctic,66041.43,72573.0,1,42268100.19432
2026-04-03,Makhachkala Port,Caspian Sea,12834.388,15538.0,2,8381689.59922
2026-04-03,Murmansk,Arctic,255231.004665,293615.0,2,161608698.919813
2026-04-03,Nakhodka,Pacific,76355.5,89830.0,1,52013137.5335
2026-04-03,Novoportovskoye,Arctic,10272.25,12085.0,1,6504244.8885
2026-04-03,Primorsk,Baltic,93271.906,107086.0,1,59058465.072516
2026-04-04,Nakhodka,Pacific,101533.35,119451.0,1,69164213.41995
2026-04-04,Novorossiysk,Black sea,95863.284,114669.0,1,36164588.889937
2026-04-04,Primorsk,Baltic,313681.94,360140.0,3,173058874.741588
2026-04-05,De Kastri,Pacific,81358.29,96282.0,1,55421023.07313
2026-04-05,Novorossiysk,Black sea,246297.025,282775.0,2,92915976.610393
2026-04-05,Primorsk,Baltic,49492.833,56823.0,1,18671256.436857
2026-04-05,Prirazlomnoye Field,Arctic,2740.92,3012.0,1,1719225.62448
2026-04-06,Nakhodka,Pacific,181883.85,213981.0,2,92432119.854258
2026-04-06,Novorossiysk,Black sea,152510.358,175098.0,1,57534795.058002
2026-04-06,Primorsk,Baltic,211947.398,243338.0,2,79957520.701688
2026-04-07,Nakhodka,Pacific,95766.95,112667.0,1,64785288.23855
2026-04-07,Prirazlomnoye Field,Arctic,66050.53,72583.0,1,46050693.71812
2026-04-07,Ust Luga,Baltic,106078.219,121789.0,1,73958158.599676
2026-04-07,Varandey,Arctic,69143.151,81633.0,1,26012148.105233
2026-04-08,Nakhodka,Pacific,199621.65,234849.0,2,120459089.61105
2026-04-08,Prigorodnoye,Pacific,91299.333,114267.0,1,55093395.607521
2026-04-08,Primorsk,Baltic,204551.737,234847.0,2,119997617.338469
2026-04-08,Ust Luga,Baltic,255733.439,293609.0,2,127632107.540528
2026-04-09,De Kastri,Pacific,93905.695,111131.0,1,59621570.906755
2026-04-09,Murmansk,Arctic,107288.903904,123424.0,1,62448901.273074
2026-04-09,Nakhodka,Pacific,106749.8,125588.0,1,39720116.835036
2026-04-09,Novoportovskoye,Arctic,13036.45,15337.0,1,7588035.19635
2026-04-09,Novorossiysk,Black sea,98050.61,121802.0,1,57071632.20843
2026-04-09,Primorsk,Baltic,82280.757,94467.0,1,47892584.261691
2026-04-10,Murmansk,Arctic,286849.255,338665.0,1,168313676.808585
2026-04-10,Nakhodka,Pacific,100311.9,118014.0,1,63181349.9031
2026-04-10,Primorsk,Baltic,411065.837,471947.0,5,241199867.978979
2026-04-10,Prirazlomnoye Field,Arctic,2952.04,3244.0,1,1732159.65468
2026-04-10,Ust Luga,Baltic,84698.653,97243.0,1,49698374.524851
2026-04-10,Varandey,Arctic,69143.151,81633.0,1,25670087.580239
2026-04-11,Nakhodka,Pacific,205178.1,241386.0,2,129231221.1069
2026-04-11,Primorsk,Baltic,101088.26,116060.0,1,58626035.29874
2026-04-11,Ust Luga,Baltic,144073.852,165412.0,1,83555486.393548
2026-04-11,Yuri Korchagin,Caspian Sea,836.16,960.0,1,484930.15584
2026-04-12,Astrakhan,Caspian Sea,4969.216,6016.0,1,3245221.04704
2026-04-12,De Kastri,Pacific,93905.695,111131.0,1,59146408.090055
2026-04-12,Nakhodka,Pacific,104526.2,122972.0,1,38806399.037694
2026-04-12,Primorsk,Baltic,204050.912,234272.0,2,99833441.012854
2026-04-13,Nakhodka,Pacific,104536.4,122984.0,1,68211569.046
2026-04-13,Novorossiysk,Black sea,95168.568,113838.0,1,35413932.095917
2026-04-13,Primorsk,Baltic,205350.444,235764.0,2,127134102.683952
2026-04-13,Ust Luga,Baltic,104097.565,119515.0,1,38736572.1239
2026-04-13,Varandey,Arctic,69143.151,81633.0,1,42807077.929308
2026-04-14,Murmansk,Arctic,249200.07593,279299.0,2,115530492.545357
2026-04-14,Nakhodka,Pacific,195289.2,229752.0,2,124763239.4688
2026-04-14,Novoportovskoye,Arctic,21532.2,25332.0,1,12748139.01
2026-04-14,Primorsk,Baltic,97724.458,112198.0,1,57857765.3589
2026-04-14,Ust Luga,Baltic,149212.752,171312.0,1,88341409.8216
2026-04-15,De Kastri,Pacific,90981.995,107671.0,1,56902050.294895
2026-04-15,Murmansk,Arctic,149898.84,164724.0,1,87699665.43156
2026-04-15,Nakhodka,Pacific,87840.7,103342.0,1,32420720.454713
2026-04-15,Novoportovskoye,Arctic,39513.1,46486.0,1,23117494.7729
2026-04-15,Primorsk,Baltic,98475.26,113060.0,1,57613837.14034
2026-04-16,Kaliningrad,Baltic,28784.704,34597.0,1,16829783.165312
2026-04-16,Nakhodka,Pacific,99693.95,117287.0,1,62585369.46125
2026-04-16,Prigorodnoye,Pacific,73468.05,91950.0,1,46121405.08875
2026-04-16,Primorsk,Baltic,239549.388,275028.0,2,109667062.020355
2026-04-16,Prirazlomnoye Field,Arctic,66551.94,73134.0,1,38911455.17532
2026-04-17,Murmansk,Arctic,145028.422,171226.0,1,71263195.831828
2026-04-17,Nakhodka,Pacific,100074.75,117735.0,1,63396153.228
2026-04-17,Novoportovskoye,Arctic,32299.15,37999.0,1,15870962.5321
2026-04-17,Novorossiysk,Black sea,117267.085,134635.0,2,57621996.62479
2026-04-17,Primorsk,Baltic,147934.995,169845.0,1,54521965.790861
2026-04-17,Varandey,Arctic,69143.151,81633.0,1,25482952.924657
2026-04-18,Nakhodka,Pacific,300149.45,353117.0,3,163627824.723529
2026-04-18,Novoportovskoye,Arctic,4537.3,5338.0,1,2206774.8399
2026-04-18,Novorossiysk,Black sea,234239.647,273417.0,2,86329850.625251
2026-04-18,Primorsk,Baltic,142817.87,163970.0,1,52636031.268082
2026-04-18,Ust Luga,Baltic,184247.856,211536.0,2,89611339.987728
2026-04-19,Nakhodka,Pacific,98677.35,116091.0,1,62510917.0968
2026-04-19,Primorsk,Baltic,139182.316,159796.0,1,68074905.849496
2026-04-20,De Kastri,Pacific,95145.31,112598.0,1,58833197.58381
2026-04-20,Nakhodka,Pacific,200560.05,235953.0,2,124016507.47755
2026-04-20,Novoportovskoye,Arctic,40779.6,47976.0,1,22099076.934
2026-04-20,Novorossiysk,Black sea,147748.601,169631.0,1,54624593.6853
2026-04-20,Primorsk,Baltic,97207.955,111605.0,1,52678448.933825
2026-04-21,Nakhodka,Pacific,89188.8,104928.0,1,54771198.8352
2026-04-21,Novorossiysk,Black sea,94926.128,113548.0,1,35074555.592094
2026-04-21,Primorsk,Baltic,97218.407,111617.0,1,53936966.640414
2026-04-21,Ust Luga,Baltic,99219.965,113915.0,1,55047435.02193
2026-04-22,De Kastri,Pacific,95145.31,112598.0,1,59703111.15314
2026-04-22,Kaliningrad,Baltic,28784.704,34597.0,1,16945584.029504
2026-04-22,Murmansk,Arctic,96602.955501,111131.0,1,56870256.506394
2026-04-22,Novorossiysk,Black sea,147747.73,169630.0,1,54749973.134118
2026-04-22,Primorsk,Baltic,408816.044,469364.0,5,218847689.636307
2026-04-22,Ust Luga,Baltic,137752.134,158154.0,1,51045966.226807
2026-04-22,Varandey,Arctic,69143.151,81633.0,2,25621954.798617
2026-04-23,Nakhodka,Pacific,299387.85,352221.0,3,138616846.606663
2026-04-23,Prigorodnoye,Pacific,97692.132,122268.0,2,64175329.200648
2026-04-23,Primorsk,Baltic,87234.134,100154.0,1,51358485.753562
2026-04-23,Prirazlomnoye Field,Arctic,66218.88,72768.0,1,38985902.06784
2026-04-23,Ust Luga,Baltic,87495.434,100454.0,1,32530779.069162
2026-04-24,Nakhodka,Pacific,104526.2,122972.0,1,38803085.649798
2026-04-24,Novoportovskoye,Arctic,19555.1,23006.0,1,11029839.0489
2026-04-24,Novorossiysk,Black sea,97809.816,112296.0,1,36309773.699216
2026-04-25,Murmansk,Arctic,101493.21,111531.0,1,37677153.866714
2026-04-25,Nakhodka,Pacific,105001.35,123531.0,1,70124731.5921
2026-04-25,Primorsk,Baltic,344351.592,395352.0,3,192698117.828424
2026-04-26,De Kastri,Pacific,93905.695,111131.0,1,62714542.78297
2026-04-26,Nakhodka,Pacific,96762.3,113838.0,1,64622315.0058
2026-04-26,Novorossiysk,Black sea,101670.976,121616.0,1,37743145.640295
2026-04-27,Murmansk,Arctic,104698.555,120205.0,1,38744668.371406
2026-04-27,Nakhodka,Pacific,400622.016,474540.0,4,254593347.72939
2026-04-27,Novoportovskoye,Arctic,8284.1,9746.0,1,4804819.4205
2026-04-27,Novorossiysk,Black sea,136862.843,157133.0,1,50647360.552424
2026-04-27,Primorsk,Baltic,304723.705,349855.0,3,134190573.190408
2026-04-28,Astrakhan,Caspian Sea,1656.956,2006.0,1,1082099.97014
2026-04-28,Kaliningrad,Baltic,28784.704,34597.0,2,17206949.141824
2026-04-28,Novorossiysk,Black sea,232503.304,278114.0,2,138986057.568424
2026-04-28,Primorsk,Baltic,148952.323,171013.0,1,55446814.696248
2026-04-28,Prirazlomnoye Field,Arctic,66218.88,72768.0,1,39584388.30528
2026-04-28,Ust Luga,Baltic,97742.749,112219.0,1,36384287.150089
2026-04-28,Varandey,Arctic,56459.326,66658.0,1,33750312.355606
2026-04-29,De Kastri,Pacific,93905.695,111131.0,1,60159838.350495
2026-04-29,Nakhodka,Pacific,104010.25,122365.0,1,66633230.57025
2026-04-29,Novoportovskoye,Arctic,21533.05,25333.0,1,13811276.73695
2026-04-29,Primorsk,Baltic,97659.133,112123.0,1,36272418.083629
2026-04-29,Ust Luga,Baltic,102523.668,117708.0,1,65758578.131532
2026-04-30,Murmansk,Arctic,139565.805405,160555.0,1,88609771.588413
2026-04-30,Nakhodka,Pacific,288097.3,338938.0,3,165409571.154204
2026-04-30,Novoportovskoye,Arctic,19756.55,23243.0,1,12543354.5688
2026-04-30,Novorossiysk,Black sea,143750.711,165041.0,1,53409937.728965
2026-04-30,Primorsk,Baltic,311705.641,357871.0,3,169429549.685011
2026-04-30,Ust Luga,Baltic,143730.678,165018.0,1,53402494.556858
2026-05-01,Primorsk,Baltic,201133.933,230923.0,2,74730418.80615
2026-05-01,Varandey,Arctic,56923.482,67206.0,1,21149666.723637
2026-05-02,De Kastri,Pacific,93905.695,111131.0,3,60482780.0356
2026-05-02,Murmansk,Arctic,97964.233887,112697.0,1,58019709.376511
2026-05-02,Nakhodka,Pacific,203652.35,239591.0,2,102836160.761758
2026-05-03,Murmansk,Arctic,147132.80946,169260.0,1,85336735.221181
2026-05-03,Nakhodka,Pacific,191246.6,224996.0,2,123178110.128
2026-05-03,Novoportovskoye,Arctic,4537.3,5338.0,1,2631624.9254
2026-05-03,Prigorodnoye,Pacific,90956.562,113838.0,1,58583302.45296
2026-05-03,Primorsk,Baltic,201883.864,231784.0,2,106048723.87153
2026-05-03,Prirazlomnoye Field,Arctic,69178.2,76020.0,1,40123217.6436
2026-05-03,Ust Luga,Baltic,105363.999,120969.0,1,61110908.692002
2026-05-04,Nakhodka,Pacific,104690.25,123165.0,1,67440412.1475
2026-05-04,Novoportovskoye,Arctic,5098.3,5998.0,1,3033595.5643
2026-05-04,Primorsk,Baltic,97778.46,112260.0,2,58180237.04766
2026-05-04,Ust Luga,Baltic,148704.088,170728.0,1,55259787.439614
2026-05-04,Varandey,Arctic,69143.151,81633.0,1,25694221.850613
2026-05-05,Murmansk,Arctic,412146.28,452908.0,4,206963549.071743
2026-05-05,Novorossiysk,Black sea,137814.846,158226.0,1,51274600.599752
2026-05-05,Primorsk,Baltic,105553.006,121186.0,1,60876851.786452
2026-05-05,Ust Luga,Baltic,99509.137,114247.0,1,37022798.368914
2026-05-06,De Kastri,Pacific,95145.31,112598.0,1,60968638.92145
2026-05-06,Primorsk,Baltic,306530.159,351929.0,4,141953418.317712
2026-05-06,Varandey,Arctic,12683.825,14975.0,1,6457081.631
2026-05-07,Nakhodka,Pacific,200758.95,236187.0,2,74160152.931181
2026-05-08,Nakhodka,Pacific,201785.75,237395.0,2,120051826.60525
2026-05-08,Novoportovskoye,Arctic,39110.2,46012.0,1,19799734.301
2026-05-08,Primorsk,Baltic,248272.453,285043.0,3,91781774.324129
2026-05-09,Nakhodka,Pacific,95766.95,112667.0,1,56976259.60165
2026-05-09,Primorsk,Baltic,118865.37,136470.0,1,60870480.51552
2026-05-09,Ust Luga,Baltic,148704.088,170728.0,1,54973175.158871
2026-05-09,Varandey,Arctic,69143.151,81633.0,1,25560955.331364
2026-05-10,De Kastri,Pacific,95145.31,112598.0,1,56606416.74857
2026-05-10,Nakhodka,Pacific,204848.3,240998.0,2,121873881.5401
2026-05-10,Novoportovskoye,Arctic,56982.3,67038.0,2,28950256.3911
2026-05-10,Prigorodnoye,Pacific,66471.207,83193.0,1,39546845.191029
2026-05-10,Ust Luga,Baltic,125910.018,144558.0,1,46546625.360902
2026-05-11,Murmansk,Arctic,140103.964,165412.0,1,73260502.879564
2026-05-11,Nakhodka,Pacific,104526.2,122972.0,1,38628282.119034
2026-05-11,Novorossiysk,Black sea,151700.328,174168.0,1,79324253.211528
2026-05-11,Primorsk,Baltic,67856.997,77907.0,1,25076958.923853
2026-05-11,Ust Luga,Baltic,255477.365,293315.0,2,111208265.203038
2026-05-12,Nakhodka,Pacific,200859.25,236305.0,2,127174636.71525
2026-05-12,Novoportovskoye,Arctic,21532.2,25332.0,1,11835238.3266
2026-05-12,Novorossiysk,Black sea,143728.936,165016.0,1,79001040.859208
2026-05-12,Primorsk,Baltic,310432.239,356409.0,3,132981776.906879
2026-05-13,De Kastri,Pacific,80520.895,95291.0,1,51405908.223215
2026-05-13,Kaliningrad,Baltic,8766.784,10537.0,1,4701854.195584
2026-05-13,Nakhodka,Pacific,101361.65,119249.0,1,37618679.136744
2026-05-13,Novoportovskoye,Arctic,19756.55,23243.0,1,10595951.4353
2026-05-13,Novorossiysk,Black sea,101889.172,121877.0,1,37814460.093897
2026-05-13,Primorsk,Baltic,99406.359,114129.0,1,53314214.897034
2026-05-13,Prirazlomnoye Field,Arctic,66218.88,72768.0,1,35514907.03488
2026-05-13,Ust Luga,Baltic,144072.11,165410.0,1,77269618.46786
2026-05-14,Nakhodka,Pacific,104462.45,122897.0,1,66163068.56915
2026-05-14,Novoportovskoye,Arctic,4537.3,5338.0,1,2460727.5209
2026-05-14,Novorossiysk,Black sea,74194.164,88749.0,1,27566511.856019
2026-05-14,Primorsk,Baltic,102076.845,117195.0,1,37926198.048643
2026-05-14,Ust Luga,Baltic,244414.794,280614.0,2,108366504.919654
2026-05-14,Varandey,Arctic,69143.151,81633.0,1,25689830.426609
2026-05-15,De Kastri,Pacific,90981.995,107671.0,1,58416991.49364
2026-05-15,Nakhodka,Pacific,202379.9,238094.0,2,103965324.291062
2026-05-15,Novorossiysk,Black sea,86548.657,99367.0,1,48641124.171913
2026-05-15,Primorsk,Baltic,209128.842,240102.0,2,117532291.363578
2026-05-15,Ust Luga,Baltic,98498.777,113087.0,1,36829682.849494
2026-05-16,Novoportovskoye,Arctic,5098.3,5998.0,1,2858010.1123
2026-05-16,Novorossiysk,Black sea,172029.468,197508.0,3,76721877.97102
2026-05-16,Primorsk,Baltic,349164.738,400878.0,3,150523606.706172
2026-05-16,Prirazlomnoye Field,Arctic,69178.2,76020.0,1,38779984.5342
2026-05-16,Ust Luga,Baltic,99098.896,113776.0,2,55552958.218576
2026-05-17,Nakhodka,Pacific,199204.3,234358.0,2,127903503.3096
2026-05-17,Novorossiysk,Black sea,237804.775,273025.0,2,106952892.262345
2026-05-17,Primorsk,Baltic,98853.274,113494.0,1,36962232.841268
2026-05-17,Varandey,Arctic,34571.999,40817.0,1,19249239.607213
2026-05-18,Nakhodka,Pacific,209661.0,246660.0,2,138390516.948
2026-05-18,Primorsk,Baltic,97215.794,111614.0,1,36287548.524845
2026-05-18,Ust Luga,Baltic,102790.194,118014.0,1,38368293.86646
2026-05-19,De Kastri,Pacific,93905.695,111131.0,1,61307835.47187
2026-05-19,Murmansk,Arctic,289711.177,329695.0,2,163281219.3572
2026-05-19,Nakhodka,Pacific,204033.15,240039.0,2,76342569.0339
2026-05-19,Novorossiysk,Black sea,285011.233,327223.0,2,106641934.071691
2026-05-19,Prigorodnoye,Pacific,89017.389,111411.0,1,58116426.686874
2026-05-20,Novorossiysk,Black sea,86981.544,99864.0,1,46452841.499376
2026-05-20,Primorsk,Baltic,321276.189,368859.0,3,171578833.840206
2026-05-21,Kaliningrad,Baltic,8766.784,10537.0,1,4713443.884032
2026-05-21,Nakhodka,Pacific,316438.85,372281.0,3,173506442.584309
2026-05-21,Novorossiysk,Black sea,149248.463,171353.0,1,80243137.635024
2026-05-21,Prirazlomnoye Field,Arctic,68967.08,75788.0,1,37080012.62784
2026-05-21,Ust Luga,Baltic,208002.639,238809.0,2,95551973.418522
2026-05-21,Varandey,Arctic,69143.151,81633.0,1,25917958.069849
2026-05-22,Murmansk,Arctic,111375.81,122391.0,1,59009577.15744
2026-05-22,Novoportovskoye,Arctic,40833.15,48039.0,1,21634382.8656
2026-05-23,Makhachkala Port,Caspian Sea,12834.388,15538.0,1,8381689.59922
2026-05-23,Murmansk,Arctic,146075.02,160522.0,1,54774366.762285
2026-05-23,Nakhodka,Pacific,192714.55,226723.0,2,121499393.33665
2026-05-23,Novoportovskoye,Arctic,64597.45,75997.0,1,33899449.811
2026-05-23,Primorsk,Baltic,411603.244,472564.0,4,184847415.997543
2026-05-23,Ust Luga,Baltic,91362.674,104894.0,1,34258647.467987
2026-05-24,De Kastri,Pacific,93905.695,111131.0,1,59204066.186785
2026-05-24,Kaliningrad,Baltic,14392.768,17299.0,1,7645683.038656
2026-05-24,Nakhodka,Pacific,105001.35,123531.0,1,66199466.12505
2026-05-24,Primorsk,Baltic,149235.398,171338.0,1,55959427.039391
2026-05-24,Ust Luga,Baltic,97339.476,111756.0,3,36499794.139153
2026-05-24,Varandey,Arctic,69143.151,81633.0,1,25926899.150683
2026-05-25,Nakhodka,Pacific,103920.15,122259.0,1,61606359.0036
2026-05-25,Novorossiysk,Black sea,247895.102,289352.0,2,92571054.823014
2026-05-25,Primorsk,Baltic,235040.221,269851.0,2,124400442.889333
2026-05-26,Nakhodka,Pacific,209062.6,245956.0,2,100926522.974033
2026-05-26,Novorossiysk,Black sea,287405.612,329972.0,2,126711589.544267
2026-05-26,Prigorodnoye,Pacific,97692.132,122268.0,1,57812933.719884
2026-05-26,Ust Luga,Baltic,104671.554,120174.0,1,53008710.420666
2026-05-27,De Kastri,Pacific,80794.675,95615.0,1,47458792.095
2026-05-27,Nakhodka,Pacific,100311.9,118014.0,1,58923210.06
2026-05-27,Novoportovskoye,Arctic,21532.2,25332.0,1,10196530.2456
2026-05-27,Primorsk,Baltic,198635.034,228054.0,2,94063223.080632
2026-05-28,Kaliningrad,Baltic,14391.936,17298.0,1,6653420.796672
2026-05-28,Murmansk,Arctic,109442.088171,125901.0,1,50595296.24563
2026-05-28,Nakhodka,Pacific,205824.1,242146.0,2,99096691.8016
2026-05-28,Primorsk,Baltic,106859.506,122686.0,1,39993666.153584
2026-05-28,Prirazlomnoye Field,Arctic,66551.94,73134.0,1,30767094.96588
2026-05-28,Ust Luga,Baltic,96749.809,111079.0,1,36209970.515576
2026-05-28,Varandey,Arctic,69143.151,81633.0,1,31965016.993602
2026-05-29,Nakhodka,Pacific,101167.85,119021.0,1,57004137.92885
2026-05-29,Primorsk,Baltic,275624.466,316446.0,2,121380329.210478
2026-05-29,Ust Luga,Baltic,107410.849,123319.0,1,40106781.373204
2026-05-30,De Kastri,Pacific,81358.29,96282.0,1,45842223.44169
2026-05-30,Nakhodka,Pacific,96731.7,113802.0,1,54504540.4137
2026-05-30,Novoportovskoye,Arctic,4537.3,5338.0,1,1995359.3464
2026-05-30,Ust Luga,Baltic,373964.721,429351.0,4,139636930.962516
2026-05-31,Nakhodka,Pacific,305658.3,359598.0,3,172226531.3763
2026-05-31,Novorossiysk,Black sea,86981.544,99864.0,1,38481765.825672
2026-05-31,Primorsk,Baltic,208022.672,238832.0,2,85013046.282216
2026-06-01,Kaliningrad,Baltic,25905.984,31137.0,2,12281845.672512
2026-06-01,Murmansk,Arctic,155090.39,170429.0,1,73527268.26627
2026-06-01,Novorossiysk,Black sea,234247.486,273426.0,2,87452082.443352
2026-06-01,Varandey,Arctic,69143.151,81633.0,1,25813350.849132
2026-06-02,Murmansk,Arctic,109369.26,120186.0,1,40820545.12536
2026-06-02,Nakhodka,Pacific,308771.85,363261.0,3,151671456.72945
2026-06-02,Novoportovskoye,Arctic,7822.55,9203.0,1,3729510.2282
2026-06-02,Novorossiysk,Black sea,90324.784,108044.0,1,33712461.081024
2026-06-02,Primorsk,Baltic,134598.243,154533.0,1,50236909.824348
2026-06-03,De Kastri,Pacific,93905.695,111131.0,1,54115222.66904
2026-06-03,Novoportovskoye,Arctic,40833.15,48039.0,1,19894727.343
2026-06-03,Novorossiysk,Black sea,143730.678,165018.0,1,53807160.346758
2026-06-03,Prigorodnoye,Pacific,90956.562,113838.0,1,52415719.896864
2026-06-03,Primorsk,Baltic,248330.81,285110.0,3,104378612.106444
2026-06-03,Torgovyy,Black sea,1656.13,2005.0,1,1081560.53845
2026-06-03,Ust Luga,Baltic,105701.076,121356.0,1,39570360.512436
2026-06-04,Nakhodka,Pacific,204913.75,241075.0,2,116368059.66
2026-06-05,Nakhodka,Pacific,104998.8,123528.0,1,58313708.55
2026-06-05,Novorossiysk,Black sea,86981.544,99864.0,1,32489781.2226
2026-06-05,Primorsk,Baltic,453752.676,520956.0,4,211300369.890948
2026-06-05,Prirazlomnoye Field,Arctic,68966.17,75787.0,1,32115683.28241
2026-06-05,Ust Luga,Baltic,97621.68,112080.0,1,45459780.59064
2026-06-06,Murmansk,Arctic,113192.17,124387.0,1,51978976.3857
2026-06-06,Nakhodka,Pacific,96871.1,113966.0,1,36183777.6275
2026-06-06,Novoportovskoye,Arctic,64597.45,75997.0,1,29663795.0145
2026-06-06,Novorossiysk,Black sea,245111.142,286042.0,2,99806075.62499
2026-06-07,De Kastri,Pacific,90981.995,107671.0,1,50529125.473125
2026-06-07,Murmansk,Arctic,247589.587,283528.0,2,117044511.000032
2026-06-07,Novoportovskoye,Arctic,10766.1,12666.0,1,5089523.0496
2026-06-07,Prigorodnoye,Pacific,35860.718,44882.0,1,19916146.25925
2026-06-07,Primorsk,Baltic,106078.219,121789.0,1,39622866.751975
2026-06-07,Prirazlomnoye Field,Arctic,22959.3,25230.0,1,10853687.6448
2026-06-07,Ust Luga,Baltic,243988.004,280124.0,3,91135619.1941
2026-06-08,Nakhodka,Pacific,211276.0,248560.0,2,79600557.036
2026-06-08,Primorsk,Baltic,118785.238,136378.0,1,56947900.016722
2026-06-08,Ust Luga,Baltic,107303.716,123196.0,1,51443440.221004
2026-06-08,Varandey,Arctic,69143.151,81633.0,1,26050442.713911
2026-06-09,Murmansk,Arctic,144327.953,170399.0,1,65879648.770474
2026-06-09,Nakhodka,Pacific,96762.3,113838.0,2,52735743.7869
2026-06-09,Novorossiysk,Black sea,101764.608,121728.0,1,46451269.438464
2026-06-09,Primorsk,Baltic,325825.422,374082.0,4,148725620.475276
2026-06-09,Ust Luga,Baltic,146976.024,168744.0,1,55216981.528488
2026-06-10,De Kastri,Pacific,93905.695,111131.0,1,50415620.003125
2026-06-10,Murmansk,Arctic,145501.895,171785.0,1,66989217.959895
2026-06-10,Nakhodka,Pacific,197223.8,232028.0,2,105884527.625
2026-06-10,Novorossiysk,Black sea,296960.482,340942.0,2,124368158.411172
2026-06-10,Primorsk,Baltic,295886.539,339709.0,2,111488272.575966
2026-06-10,Prirazlomnoye Field,Arctic,45308.9,49790.0,1,20860262.8689
2026-06-10,Ust Luga,Baltic,106572.947,122357.0,1,49066291.371747
2026-06-10,Varandey,Arctic,69143.151,81633.0,1,31833575.863551
2026-06-11,Murmansk,Arctic,107649.36,118296.0,1,47872100.98944
2026-06-11,Nakhodka,Pacific,209406.85,246361.0,2,114588684.7611
2026-06-11,Novoportovskoye,Arctic,5097.45,5997.0,1,2266856.4048
2026-06-11,Novorossiysk,Black sea,141969.516,162996.0,1,63134411.643264
2026-06-11,Ust Luga,Baltic,117961.272,135432.0,1,52457849.503488
2026-06-12,Murmansk,Arctic,106985.06,117566.0,1,44556067.9382
2026-06-12,Nakhodka,Pacific,204848.3,240998.0,2,108056249.1602
2026-06-12,Prigorodnoye,Pacific,55438.615,69385.0,1,29243536.78081
2026-06-12,Primorsk,Baltic,108223.492,124252.0,1,45071837.71324
2026-06-13,Nakhodka,Pacific,68266.9,80314.0,1,36010380.1486
2026-06-13,Novorossiysk,Black sea,86981.544,99864.0,1,35670783.268224
2026-06-13,Primorsk,Baltic,352369.147,404557.0,4,135996092.406928
2026-06-13,Ust Luga,Baltic,107319.394,123214.0,1,40339428.455508
2026-06-14,De Kastri,Pacific,93905.695,111131.0,1,49534690.67833
2026-06-14,Kaliningrad,Baltic,2878.72,3460.0,1,1082059.03104
2026-06-14,Nakhodka,Pacific,94597.35,111291.0,1,49899534.5409
2026-06-14,Novoportovskoye,Arctic,7822.55,9203.0,1,3166529.12725
2026-06-14,Primorsk,Baltic,107166.969,123039.0,1,43380653.216355
2026-06-14,Ust Luga,Baltic,104036.595,119445.0,1,39105483.40179
2026-06-14,Varandey,Arctic,69143.151,81633.0,1,25989665.884182
2026-06-15,Nakhodka,Pacific,101361.65,119249.0,1,37968756.38855
2026-06-15,Novorossiysk,Black sea,93879.456,112296.0,2,35166023.784672
2026-06-15,Primorsk,Baltic,147327.908,169148.0,1,56673068.354084
2026-06-15,Ust Luga,Baltic,201714.89,231590.0,3,76574695.69061
2026-06-16,Murmansk,Arctic,144947.957,171131.0,1,51452756.088118
2026-06-16,Nakhodka,Pacific,100074.75,117735.0,1,49569725.69325
2026-06-16,Novoportovskoye,Arctic,20417.0,24020.0,1,7247504.158
2026-06-16,Novorossiysk,Black sea,315895.195,371175.0,4,112134580.94993
2026-06-16,Prigorodnoye,Pacific,27987.372,35028.0,1,13862901.010644
2026-06-16,Primorsk,Baltic,98549.295,113145.0,2,34982437.44333
2026-06-17,De Kastri,Pacific,87060.35,103030.0,1,40968337.1409
2026-06-17,Nakhodka,Pacific,303661.65,357249.0,3,142895277.2871
2026-06-17,Novorossiysk,Black sea,151696.844,174164.0,1,54395757.715208
2026-06-17,Prirazlomnoye Field,Arctic,66218.88,72768.0,1,23744898.42816
2026-06-17,Varandey,Arctic,69143.151,81633.0,1,24793489.371882
2026-06-18,Murmansk,Arctic,140284.85,165041.0,1,49000235.54135
2026-06-18,Nakhodka,Pacific,96827.75,113915.0,1,46007899.068
2026-06-18,Novorossiysk,Black sea,140937.381,161811.0,1,49228158.746871
2026-06-18,Primorsk,Baltic,143730.678,165018.0,1,50203832.249298
2026-06-18,Ust Luga,Baltic,107932.578,123918.0,1,37699878.102198
2026-06-19,Kaliningrad,Baltic,2878.72,3460.0,1,1060180.75904
2026-06-19,Murmansk,Arctic,76106.414592,87552.0,1,28028622.578771
2026-06-19,Nakhodka,Pacific,103958.4,122304.0,1,39416866.944
2026-06-19,Novoportovskoye,Arctic,12920.0,15200.0,1,4758203.44
2026-06-19,Novorossiysk,Black sea,475680.972,546132.0,4,175184739.730104
2026-06-19,Primorsk,Baltic,205575.162,236022.0,2,75709631.811684
2026-06-20,Nakhodka,Pacific,201347.15,236879.0,2,86039581.3531
2026-06-20,Novoportovskoye,Arctic,8972.6,10556.0,1,3326178.7104
2026-06-20,Primorsk,Baltic,355443.777,408087.0,3,131764429.909008
2026-06-20,Ust Luga,Baltic,204003.878,234218.0,2,75625053.590112
2026-06-20,Varandey,Arctic,69143.151,81633.0,1,25631642.648304
2026-06-21,Nakhodka,Pacific,95796.7,112702.0,1,46142013.3022
2026-06-21,Primorsk,Baltic,98157.345,112695.0,1,35199027.60231
2026-06-22,De Kastri,Pacific,90066.015,106587.0,1,42175663.174125
2026-06-22,Kaliningrad,Baltic,28784.704,34597.0,1,10050323.32512
2026-06-22,Nakhodka,Pacific,103643.05,121933.0,1,48533449.23875
2026-06-22,Novoportovskoye,Arctic,2272.9,2674.0,1,793594.3995
2026-06-22,Primorsk,Baltic,83440.929,95799.0,1,29133817.564995
2026-06-22,Ust Luga,Baltic,98292.35,112850.0,1,34319265.46425
2026-06-23,Nakhodka,Pacific,191359.65,225129.0,2,87556225.1382
2026-06-23,Novoportovskoye,Arctic,4537.3,5338.0,1,1573599.1622
2026-06-23,Novorossiysk,Black sea,99683.804,119239.0,1,34571738.800456
2026-06-23,Primorsk,Baltic,207592.398,238338.0,2,71995949.919972
2026-06-24,Kaliningrad,Baltic,28784.704,34597.0,1,9456178.249856
2026-06-24,Nakhodka,Pacific,201561.35,237131.0,2,85134321.6546
2026-06-24,Prigorodnoye,Pacific,27987.372,35028.0,1,12830306.920704
2026-06-24,Primorsk,Baltic,243946.196,280076.0,2,80139740.632744
2026-06-24,Ust Luga,Baltic,102075.974,117194.0,1,33533386.522636
2026-06-24,Varandey,Arctic,69143.151,81633.0,1,22714493.107614
2026-06-25,Novoportovskoye,Arctic,5097.45,5997.0,1,1728942.8961
2026-06-25,Novorossiysk,Black sea,95168.568,113838.0,1,32279084.557104
2026-06-25,Primorsk,Baltic,242951.514,278934.0,2,82403808.615492
2026-06-25,Ust Luga,Baltic,102148.267,117277.0,1,34646444.904526
2026-06-26,De Kastri,Pacific,93905.695,111131.0,1,42007304.072825
2026-06-26,Murmansk,Arctic,295310.596,336379.0,2,93038489.201588
2026-06-26,Nakhodka,Pacific,204838.1,240986.0,2,91631251.4635
2026-06-26,Novorossiysk,Black sea,284668.059,326829.0,2,89685525.992127
2026-06-26,Primorsk,Baltic,365781.676,419956.0,3,115240614.368828
2026-06-27,Nakhodka,Pacific,200711.35,236131.0,2,89785211.75225
2026-06-27,Novoportovskoye,Arctic,7821.7,9202.0,1,2478641.9781
2026-06-27,Prigorodnoye,Pacific,44509.094,55706.0,1,19910475.56449
2026-06-27,Ust Luga,Baltic,98255.768,112808.0,1,31136565.088824
2026-06-28,Murmansk,Arctic,88491.13,97243.0,1,27964878.41147
2026-06-28,Nakhodka,Pacific,104536.4,122984.0,1,46762790.494
2026-06-28,Novorossiysk,Black sea,545627.498,626438.0,5,172428656.290462
2026-06-28,Primorsk,Baltic,106089.542,121802.0,1,33526310.973298
2026-06-28,Ust Luga,Baltic,295663.563,339453.0,2,93435303.515697
2026-06-28,Varandey,Arctic,35097.986,41438.0,1,11091630.437734
2026-06-29,De Kastri,Pacific,90981.995,107671.0,1,40444590.16533
2026-06-29,Nakhodka,Pacific,196225.9,230854.0,2,80808229.1497
2026-06-29,Novorossiysk,Black sea,86981.544,99864.0,1,27902113.647408
2026-06-30,Arkhangelsk,Arctic,1359.15,1599.0,1,429935.84205
2026-06-30,Nakhodka,Pacific,187329.8,220388.0,3,78250005.83745
2026-06-30,Novoportovskoye,Arctic,20416.15,24019.0,1,6458179.48105
2026-06-30,Novorossiysk,Black sea,234058.097,273252.0,2,74038895.649719
2026-06-30,Primorsk,Baltic,254089.862,291722.0,2,80375483.776874
2026-06-30,Prirazlomnoye Field,Arctic,68967.08,75788.0,1,21816149.51516
2026-07-01,Kaliningrad,Baltic,28784.704,34597.0,1,8869776.259968
2026-07-01,Nakhodka,Pacific,104462.45,122897.0,1,46916697.85625
2026-07-01,Primorsk,Baltic,203856.679,234049.0,2,62816804.780418
2026-07-01,Ust Luga,Baltic,84545.357,97067.0,1,26051975.396694
2026-07-02,De Kastri,Pacific,93905.695,111131.0,1,40755071.63
2026-07-02,Murmansk,Arctic,150172.75,165025.0,1,44719342.5315
2026-07-02,Nakhodka,Pacific,196047.4,230644.0,2,85084571.6
2026-07-02,Novoportovskoye,Arctic,12920.0,15200.0,1,3847395.12
2026-07-02,Novorossiysk,Black sea,197741.588,236533.0,2,58884676.524168
2026-07-02,Prigorodnoye,Pacific,44508.295,55705.0,1,19316600.03
2026-07-02,Primorsk,Baltic,172680.105,198255.0,2,51421717.74753
2026-07-02,Ust Luga,Baltic,105552.135,121185.0,1,31431948.07311
2026-07-02,Varandey,Arctic,69143.151,81633.0,1,20589862.363686
2026-07-03,Murmansk,Arctic,109569.46,120406.0,1,32552976.99654
2026-07-03,Nakhodka,Pacific,96827.75,113915.0,1,42082405.25525
2026-07-03,Novorossiysk,Black sea,144073.852,165412.0,1,42804197.355348
2026-07-03,Primorsk,Baltic,310035.934,355954.0,3,92111365.955466
2026-07-03,Prirazlomnoye Field,Arctic,68268.2,75020.0,1,20282413.9518
2026-07-03,Ust Luga,Baltic,107319.394,123214.0,1,31884484.638006
2026-07-04,Nakhodka,Pacific,210510.15,247659.0,2,91490026.80165
2026-07-04,Novoportovskoye,Arctic,8971.75,10555.0,1,2672702.2685
2026-07-04,Novorossiysk,Black sea,291274.594,334414.0,2,86771284.101788
2026-07-04,Prigorodnoye,Pacific,90956.562,113838.0,1,39530722.367382
2026-07-04,Primorsk,Baltic,143750.711,165041.0,1,42823624.308322
2026-07-05,De Kastri,Pacific,90066.015,106587.0,1,39143680.845165
2026-07-05,Murmansk,Arctic,137050.529,161807.0,1,40464990.990424
2026-07-05,Novorossiysk,Black sea,146517.007,168217.0,1,43260025.418792
2026-07-05,Primorsk,Baltic,100041.318,114858.0,1,29537799.387408
2026-07-05,Ust Luga,Baltic,99348.002,114062.0,1,29333093.678512
2026-07-05,Varandey,Arctic,69143.151,81633.0,1,20414930.191656
2026-07-06,Nakhodka,Pacific,235607.25,277185.0,3,103217180.1525
2026-07-06,Primorsk,Baltic,147934.995,169845.0,1,44507722.5957
2026-07-07,Murmansk,Arctic,143465.355111,165041.0,1,45668035.304289
2026-07-07,Nakhodka,Pacific,106749.8,125588.0,1,40595561.1926
2026-07-07,Novorossiysk,Black sea,148905.289,170959.0,1,47399680.499769
2026-07-07,Primorsk,Baltic,101697.96,116760.0,1,32372596.32516
2026-07-07,Ust Luga,Baltic,107502.304,123424.0,1,34220240.911584
2026-07-08,Nakhodka,Pacific,103920.15,122259.0,1,47597507.103
2026-07-08,Novoportovskoye,Arctic,2272.9,2674.0,1,780300.2074
2026-07-08,Novorossiysk,Black sea,144406.574,165794.0,2,49575643.293644
2026-07-08,Primorsk,Baltic,99185.996,113876.0,1,34051147.542776
2026-07-08,Ust Luga,Baltic,144073.852,165412.0,1,49461417.834712
2026-07-09,De Kastri,Pacific,95145.31,112598.0,1,43508523.08335
2026-07-09,Nakhodka,Pacific,196104.35,230711.0,2,89675577.68975
2026-07-09,Novoportovskoye,Arctic,4537.3,5338.0,1,1497286.3135
2026-07-09,Novorossiysk,Black sea,136862.843,157133.0,1,45164053.875785
2026-07-09,Primorsk,Baltic,117021.463,134353.0,1,38616497.682685
2026-07-09,Ust Luga,Baltic,105927.536,121616.0,1,34955557.24232
2026-07-09,Varandey,Arctic,35097.986,41438.0,1,11582159.89007
2026-07-10,Murmansk,Arctic,102766.956162,118222.0,1,33879799.039664
2026-07-10,Nakhodka,Pacific,103958.4,122304.0,1,39544423.9008
2026-07-10,Novorossiysk,Black sea,98903.816,118306.0,1,32606214.443616
2026-07-10,Primorsk,Baltic,390014.638,447778.0,3,128578465.797288
2026-07-11,De Kastri,Pacific,95145.31,112598.0,1,42677048.21926
2026-07-11,Nakhodka,Pacific,100074.75,117735.0,1,38067133.92825
2026-07-11,Novoportovskoye,Arctic,5097.45,5997.0,1,1626815.48535
2026-07-11,Ust Luga,Baltic,97250.634,111654.0,2,31036859.086662
2026-07-12,Murmansk,Arctic,106831.667358,122898.0,1,35044846.496784
2026-07-12,Nakhodka,Pacific,201407.5,236950.0,2,83737891.1901
2026-07-12,Primorsk,Baltic,197695.225,226975.0,2,64851546.21855
2026-07-13,Nakhodka,Pacific,209689.05,246693.0,2,97509602.031
2026-07-13,Novorossiysk,Black sea,375280.732,448252.0,4,140843984.561796
2026-07-13,Primorsk,Baltic,306443.059,351829.0,3,115008999.371877
2026-07-13,Ust Luga,Baltic,148704.088,170728.0,1,55809090.338664
2026-07-13,Varandey,Arctic,69143.151,81633.0,1,25949631.999753
2026-07-14,De Kastri,Pacific,93905.695,111131.0,1,46413734.905005
2026-07-14,Kaliningrad,Baltic,19127.68,22990.0,2,7484489.03488
2026-07-14,Nakhodka,Pacific,171682.15,201979.0,2,84855447.77685
2026-07-14,Novoportovskoye,Arctic,7821.7,9202.0,1,3060560.8147
2026-07-14,Prirazlomnoye Field,Arctic,34653.71,38081.0,1,13559684.83961
2026-07-14,Ust Luga,Baltic,104771.719,120289.0,1,39941179.488899
2026-07-15,Novorossiysk,Black sea,142557.441,163671.0,1,55325259.835131
2026-07-15,Primorsk,Baltic,203261.786,233366.0,2,78884069.790526
2026-07-15,Ust Luga,Baltic,107804.541,123771.0,1,41093797.374708
2026-07-16,Kaliningrad,Baltic,2878.72,3460.0,1,1089157.95456
2026-07-16,Murmansk,Arctic,286849.255,338665.0,2,108528841.93074
2026-07-16,Nakhodka,Pacific,206306.05,242713.0,2,91440749.098
2026-07-16,Novoportovskoye,Arctic,13370.5,15730.0,2,5058701.934
2026-07-16,Primorsk,Baltic,232512.579,266949.0,2,87970669.239492
2026-07-17,Nakhodka,Pacific,96922.1,114026.0,1,48823054.0435
2026-07-17,Novorossiysk,Black sea,208748.905,242730.0,2,82225984.930595
2026-07-17,Primorsk,Baltic,247014.729,283599.0,3,95316084.609031
2026-07-17,Prirazlomnoye Field,Arctic,33614.49,36939.0,1,13240713.99651
2026-07-17,Varandey,Arctic,69143.151,81633.0,1,26289678.016371
2026-07-18,Kaliningrad,Baltic,2878.72,3460.0,1,1134042.9568
2026-07-18,Nakhodka,Pacific,95766.95,112667.0,1,48241164.55825
2026-07-18,Novoportovskoye,Arctic,8971.75,10555.0,1,3534331.195
2026-07-18,Novorossiysk,Black sea,236473.887,271497.0,2,93156523.04478
2026-07-18,Primorsk,Baltic,204993.334,235354.0,2,80755073.99596
2026-07-18,Prirazlomnoye Field,Arctic,68967.08,75788.0,1,27168891.4952
2026-07-19,De Kastri,Pacific,90066.015,106587.0,1,45369404.066025
2026-07-19,Nakhodka,Pacific,100074.75,117735.0,1,50411154.19125
2026-07-19,Novorossiysk,Black sea,249876.033,291793.0,2,94551091.878936
2026-07-19,Primorsk,Baltic,99509.137,114247.0,1,37653461.367704
2026-07-19,Ust Luga,Baltic,198987.789,228459.0,2,75295387.455288
2026-07-20,Kaliningrad,Baltic,2878.72,3460.0,1,1154571.10912
2026-07-20,Murmansk,Arctic,99934.871244,114964.0,1,40080978.744702
2026-07-20,Nakhodka,Pacific,104462.45,122897.0,1,52662863.8434
2026-07-20,Novoportovskoye,Arctic,2272.9,2674.0,1,911594.2759
2026-07-20,Novorossiysk,Black sea,140937.381,161811.0,1,53629492.21812
2026-07-20,Primorsk,Baltic,208712.504,239624.0,2,81631049.960603
2026-07-20,Ust Luga,Baltic,100396.686,115266.0,1,40266199.250706
2026-07-21,De Kastri,Pacific,93905.695,111131.0,1,35758067.881965
2026-07-21,Murmansk,Arctic,99152.361,117063.0,1,43838233.36893
2026-07-21,Nakhodka,Pacific,204042.5,240050.0,2,105785426.04
2026-07-21,Novorossiysk,Black sea,93815.084,112219.0,1,35723564.391108
2026-07-21,Primorsk,Baltic,106887.378,122718.0,1,40701324.006486
2026-07-21,Ust Luga,Baltic,109326.178,125518.0,1,41629987.342086
2026-07-22,Astrakhan,Caspian Sea,1281.126,1551.0,1,623294.702646
2026-07-22,Kaliningrad,Baltic,3051.776,3668.0,1,1387343.473152
2026-07-22,Nakhodka,Pacific,302634.85,356041.0,3,147219809.1291
2026-07-22,Primorsk,Baltic,202287.137,232247.0,2,91960137.054474
2026-07-22,Varandey,Arctic,6914.908,8164.0,1,2635416.651868
2026-07-23,Murmansk,Arctic,96742.038861,111291.0,1,49831533.991185
2026-07-23,Primorsk,Baltic,106392.65,122150.0,1,54802534.83705
2026-07-23,Ust Luga,Baltic,98853.274,113494.0,1,37727945.141744
2026-07-24,Kaliningrad,Baltic,28784.704,34597.0,1,14000534.609152
2026-07-24,Nakhodka,Pacific,204232.05,240273.0,2,113263622.98515
2026-07-24,Novoportovskoye,Arctic,4537.3,5338.0,1,2206888.2724
2026-07-24,Primorsk,Baltic,206643.008,237248.0,2,100508679.375104
2026-07-24,Ust Luga,Baltic,104972.92,120520.0,1,51057568.61296
2026-07-25,De Kastri,Pacific,93905.695,111131.0,1,52078502.050185
2026-07-25,Novoportovskoye,Arctic,5097.45,5997.0,1,2404558.9191
2026-07-25,Primorsk,Baltic,139071.699,159669.0,1,53147501.418141
2026-07-25,Prirazlomnoye Field,Arctic,68268.2,75020.0,1,32203338.7676
2026-07-25,Ust Luga,Baltic,106925.702,122762.0,1,40862619.350618
2026-07-25,Varandey,Arctic,69143.151,81633.0,1,32616068.903418
2026-07-26,Murmansk,Arctic,142463.085648,163888.0,1,68325295.876781
2026-07-26,Nakhodka,Pacific,203937.1,239926.0,2,95175125.5677
2026-07-26,Primorsk,Baltic,201194.903,230993.0,2,96493075.4788
2026-07-26,Ust Luga,Baltic,206094.278,236618.0,2,78760783.186202
2026-07-27,Nakhodka,Pacific,190673.7,224322.0,2,84026467.27725
2026-07-27,Novorossiysk,Black sea,134598.243,154533.0,1,51383821.452951
2026-07-27,Primorsk,Baltic,105553.006,121186.0,1,45525117.040806
2026-07-28,De Kastri,Pacific,95145.31,112598.0,1,47450583.56727
2026-07-28,Nakhodka,Pacific,104536.4,122984.0,1,52134079.7988
2026-07-28,Novoportovskoye,Arctic,8272.2,9732.0,2,3302857.8384
2026-07-28,Prigorodnoye,Pacific,13439.979,16821.0,1,6702746.006943
2026-07-28,Primorsk,Baltic,251682.418,288958.0,2,98072615.384692
2026-07-28,Ust Luga,Baltic,144406.574,165794.0,1,55234792.52213
2026-07-29,Nakhodka,Pacific,197128.6,231916.0,2,88359172.0469
2026-07-29,Novoportovskoye,Arctic,12919.15,15199.0,1,5765312.79815
2026-07-29,Novorossiysk,Black sea,86981.544,99864.0,1,33232081.719096
2026-07-29,Primorsk,Baltic,313669.746,360126.0,3,126705193.406818
2026-07-29,Ust Luga,Baltic,97215.794,111614.0,1,37142169.039846
2026-07-29,Varandey,Arctic,69143.151,81633.0,1,26416763.127909
2026-07-30,Primorsk,Baltic,210883.036,242116.0,2,86840636.673726
2026-07-30,Ust Luga,Baltic,149248.463,171353.0,1,56544720.437569
2026-07-31,Murmansk,Arctic,144319.848504,166024.0,1,67668690.566556
2026-07-31,Nakhodka,Pacific,96242.1,113226.0,1,49575075.6468
2026-07-31,Novorossiysk,Black sea,35770.768,42788.0,1,16772197.69984
2026-07-31,Prigorodnoye,Pacific,13439.18,16820.0,1,6922629.13144
2026-07-31,Primorsk,Baltic,99152.898,113838.0,1,46490810.81424
2026-08-01,De Kastri,Pacific,90066.015,106587.0,1,46393724.85462
2026-08-01,Kaliningrad,Baltic,102479.104,123172.0,1,47987890.03008
2026-08-01,Nakhodka,Pacific,204765.0,240900.0,2,105476089.62
2026-08-01,Novoportovskoye,Arctic,8971.75,10555.0,1,4201201.3725
2026-08-01,Primorsk,Baltic,107794.089,123759.0,1,50476738.05603
2026-08-02,Nakhodka,Pacific,201638.7,237222.0,2,103865707.4796
2026-08-02,Novorossiysk,Black sea,238060.849,273319.0,2,111536507.034329
2026-08-02,Primorsk,Baltic,99219.965,113915.0,1,46486637.221765
2026-08-02,Ust Luga,Baltic,79994.382,91842.0,1,37479047.849022
2026-08-02,Varandey,Arctic,69143.151,81633.0,1,32395018.249671
2026-08-03,Murmansk,Arctic,82605.084588,95028.0,1,35014478.044992
2026-08-03,Nakhodka,Pacific,103643.05,121933.0,1,51371921.4491
2026-08-03,Novoportovskoye,Arctic,2272.9,2674.0,1,963432.3062
2026-08-03,Novorossiysk,Black sea,197850.265,229375.0,2,74574711.135125
2026-08-03,Primorsk,Baltic,243618.7,279700.0,2,96516020.794466
2026-08-03,Prirazlomnoye Field,Arctic,66218.88,72768.0,1,28068726.41664
2026-08-03,Ust Luga,Baltic,145285.413,166803.0,1,54761704.295025
2026-08-04,De Kastri,Pacific,93905.695,111131.0,1,35456818.412405
2026-08-04,Nakhodka,Pacific,175844.6,206876.0,2,89092545.813
2026-08-04,Prigorodnoye,Pacific,13439.18,16820.0,1,6809027.7429
2026-08-04,Primorsk,Baltic,306315.022,351682.0,3,119480939.299696
2026-08-04,Ust Luga,Baltic,99277.451,113981.0,1,39352092.414635
2026-08-05,Nakhodka,Pacific,106749.8,125588.0,1,40170483.489
2026-08-05,Novoportovskoye,Arctic,34604.35,40711.0,3,14050092.79135
2026-08-05,Novorossiysk,Black sea,147003.896,168776.0,1,55318301.08428
2026-08-05,Primorsk,Baltic,98486.583,113073.0,1,39987620.916243
2026-08-05,Ust Luga,Baltic,107410.849,123319.0,1,40419239.532945
2026-08-06,Nakhodka,Pacific,103958.4,122304.0,1,39160713.4464
2026-08-06,Novoportovskoye,Arctic,1581.85,1861.0,1,670274.1368
2026-08-06,Novorossiysk,Black sea,93879.456,112296.0,1,35364015.557376
2026-08-06,Primorsk,Baltic,104317.057,119767.0,1,44202057.928496
2026-08-06,Varandey,Arctic,69143.151,81633.0,1,26045948.409096
2026-08-07,Nakhodka,Pacific,108840.8,128048.0,1,53346576.6672
2026-08-07,Prigorodnoye,Pacific,38397.543,48057.0,1,18819941.340762
2026-08-07,Primorsk,Baltic,195497.692,224452.0,2,77683301.422948
2026-08-08,De Kastri,Pacific,90981.995,107671.0,1,44593369.13733
2026-08-08,Novoportovskoye,Arctic,5097.45,5997.0,1,2121364.9869
2026-08-08,Primorsk,Baltic,286777.621,329251.0,2,113501506.013051
2026-08-08,Ust Luga,Baltic,141624.6,162600.0,1,53381852.355
2026-08-09,Kaliningrad,Baltic,9741.056,11708.0,1,3979815.580416
2026-08-09,Murmansk,Arctic,147132.80946,169260.0,1,60112727.765787
2026-08-09,Nakhodka,Pacific,195785.6,230336.0,2,95961179.2704
2026-08-09,Prigorodnoye,Pacific,23364.358,29242.0,1,11451666.243972
2026-08-09,Primorsk,Baltic,97217.536,111616.0,1,36643719.7568
2026-08-10,Murmansk,Arctic,143331.487377,164887.0,1,63652940.218176
2026-08-10,Nakhodka,Pacific,300866.0,353960.0,3,125271126.0849
2026-08-10,Primorsk,Baltic,106199.288,121928.0,1,39959818.494336
2026-08-10,Ust Luga,Baltic,97979.661,112491.0,1,43512375.531456
2026-08-11,Nakhodka,Pacific,104536.4,122984.0,1,51536236.1272
2026-08-11,Novoportovskoye,Arctic,12919.15,15199.0,1,5835812.5997
2026-08-11,Primorsk,Baltic,97510.192,111952.0,1,44047108.909856
2026-08-11,Varandey,Arctic,69143.151,81633.0,1,31233205.883418
2026-08-12,De Kastri,Pacific,93905.695,111131.0,1,49782319.996045
2026-08-12,Prigorodnoye,Pacific,23364.358,29242.0,1,12386170.470898
2026-08-12,Primorsk,Baltic,207909.442,238702.0,2,84824715.490034
2026-08-12,Ust Luga,Baltic,232710.296,267176.0,2,93933788.157859
2026-08-13,Kaliningrad,Baltic,9741.056,11708.0,1,4266358.483712
2026-08-13,Murmansk,Arctic,96742.038861,111291.0,1,42370787.954224
2026-08-13,Nakhodka,Pacific,191960.6,225836.0,2,86773554.0581
2026-08-13,Primorsk,Baltic,103134.239,118409.0,1,45170424.594503
2026-08-14,De Kastri,Pacific,93905.695,111131.0,1,49575821.37274
2026-08-14,Nakhodka,Pacific,104690.25,123165.0,1,55269333.063
2026-08-14,Novoportovskoye,Arctic,8971.75,10555.0,1,3868367.391
2026-08-14,Ust Luga,Baltic,345447.31,396610.0,3,129847425.77742
2026-08-14,Varandey,Arctic,34571.999,40817.0,1,12994992.128118
2026-08-15,Nakhodka,Pacific,309434.85,364041.0,3,163360559.2302
2026-08-15,Novoportovskoye,Arctic,30421.5,35790.0,1,13456494.2025
2026-08-15,Primorsk,Baltic,245428.638,281778.0,2,92252207.308716
2026-08-16,Nakhodka,Pacific,94197.866,114041.0,1,55295466.112124
2026-08-16,Novorossiysk,Black sea,140202.02,174164.0,1,52699415.68164
2026-08-16,Prigorodnoye,Pacific,23364.358,29242.0,1,12334792.247656
2026-08-16,Primorsk,Baltic,109524.766,125746.0,1,48336784.028312
2026-08-17,Nakhodka,Pacific,95766.95,112667.0,1,50325340.6911
2026-08-17,Novoportovskoye,Arctic,4537.3,5338.0,1,2010119.1833
2026-08-17,Primorsk,Baltic,303110.613,348003.0,3,134284366.881873
2026-08-17,Ust Luga,Baltic,97510.192,111952.0,1,43199062.770032
2026-08-18,Nakhodka,Pacific,94030.188,113838.0,1,55533570.821484
2026-08-18,Primorsk,Baltic,208531.336,239416.0,2,87512946.158768
2026-08-18,Ust Luga,Baltic,202595.471,232601.0,2,93521716.132078
2026-08-18,Varandey,Arctic,69143.151,81633.0,1,31917723.078318
2026-08-19,De Kastri,Pacific,95145.31,112598.0,1,52329349.62814
2026-08-19,Murmansk,Arctic,296983.829337,341647.0,1,111265288.644936
2026-08-19,Nakhodka,Pacific,194179.1,228446.0,2,106797339.9254
2026-08-19,Novoportovskoye,Arctic,5097.45,5997.0,1,2347783.521
2026-08-19,Novorossiysk,Black sea,77079.2,92200.0,1,35501137.936
2026-08-19,Primorsk,Baltic,99180.77,113870.0,1,45680679.0466
2026-08-19,Ust Luga,Baltic,68051.23,78130.0,1,25495461.37073
2026-08-20,Kaliningrad,Baltic,4651.712,5591.0,1,2181020.295168
2026-08-20,Murmansk,Arctic,3587.892,4236.0,1,1682233.394688
2026-08-20,Nakhodka,Pacific,103958.4,122304.0,1,38694771.8976
2026-08-20,Primorsk,Baltic,101028.161,115991.0,1,47368467.679104
2026-08-21,Kaliningrad,Baltic,20868.224,25082.0,1,9837781.630976
2026-08-21,Nakhodka,Pacific,206676.65,243149.0,2,113960884.78005
2026-08-21,Novorossiysk,Black sea,86981.544,99864.0,1,41005187.398656
2026-08-21,Prigorodnoye,Pacific,18924.315,23685.0,1,10434810.518055
2026-08-21,Primorsk,Baltic,197831.101,227131.0,2,83342742.771769
2026-08-22,De Kastri,Pacific,95145.31,112598.0,1,52462838.49807
2026-08-22,Novorossiysk,Black sea,137516.54,170828.0,1,51106784.44214
2026-08-22,Primorsk,Baltic,206369.514,236934.0,2,86781628.167468
2026-08-22,Ust Luga,Baltic,120147.482,137942.0,1,44651730.357962
2026-08-22,Varandey,Arctic,34571.152,40816.0,1,12848057.500432
2026-08-23,Kaliningrad,Baltic,4650.88,5590.0,1,2151194.7808
2026-08-23,Prigorodnoye,Pacific,97692.132,122268.0,1,53867148.508404
2026-08-23,Primorsk,Baltic,101697.96,116760.0,1,47038865.9286
